16/02/2023,1.87,1.87,1.87,1.82,1 100,2 030,2.75%
15/02/2023,1.82,1.82,1.82,1.77,20,36,2.82%
10/02/2023,1.77,1.77,1.77,1.70,972,1 686,4.12%
31/01/2023,1.70,1.70,1.70,1.69,20,34,0.59%
30/01/2023,1.69,1.69,1.70,1.69,8 010,13 577,-0.59%
17/01/2023,1.70,1.70,1.70,1.70,100,170,0.00%
16/01/2023,1.70,1.70,1.70,1.63,268,446,4.29%
12/01/2023,1.63,1.63,1.63,1.56,21 250,33 894,8.67%
09/01/2023,1.50,1.50,1.50,1.50,267,401,0.00%
06/01/2023,1.50,1.50,1.51,1.50,59,89,-0.66%
05/01/2023,1.51,1.51,1.54,1.50,1 100,1 672,-6.21%
03/01/2023,1.61,1.61,1.64,1.61,71,115,-5.85%
22/12/2022,1.71,1.71,1.71,1.64,5,8,8.92%
14/12/2022,1.57,1.57,1.64,1.57,413,663,-4.27%
08/12/2022,1.64,1.64,1.71,1.64,250,419,-4.09%
07/12/2022,1.71,1.71,1.75,1.71,60,104,-2.29%
06/12/2022,1.75,1.75,1.90,1.75,450,821,-4.37%
06/10/2022,1.99,1.99,1.99,1.94,10,20,2.58%
05/10/2022,1.94,1.94,1.94,1.86,10,19,4.30%
03/10/2022,1.86,1.86,1.87,1.86,3 770,7 031,-0.53%
21/09/2022,1.87,1.87,1.87,1.79,10,18,4.47%
14/09/2022,1.79,1.79,1.82,1.79,911,1 644,-5.79%
16/08/2022,1.98,1.98,1.98,1.90,10,19,4.21%
15/08/2022,1.90,1.90,1.90,1.83,50,93,3.83%
11/08/2022,1.83,1.83,1.91,1.83,33,62,-12.02%
28/07/2022,2.08,2.08,2.09,2.08,1,2,-5.45%
17/06/2022,2.20,2.20,2.20,2.19,9 430,20 699,0.00%
10/06/2022,2.20,2.20,2.20,2.19,585,1 284,0.46%
13/05/2022,2.31,2.31,2.31,2.22,20,45,4.05%
05/05/2022,2.22,2.22,2.29,2.22,42,95,-7.11%
26/04/2022,2.39,2.39,2.39,2.37,40,95,0.84%
01/04/2022,2.37,2.37,2.37,2.27,20,46,8.72%
29/03/2022,2.18,2.18,2.28,2.18,1 300,2 899,-4.39%
25/03/2022,2.28,2.28,2.29,2.28,500,1 143,0.00%
24/03/2022,2.28,2.28,2.38,2.28,123,287,-4.20%
08/03/2022,2.38,2.38,2.38,2.34,100,236,1.71%
07/03/2022,2.34,2.34,2.35,2.34,100,234,-0.43%
24/02/2022,2.35,2.35,2.35,2.25,11,25,8.80%
17/02/2022,2.16,2.16,2.16,2.16,1 950,4 212,0.00%
16/02/2022,2.16,2.16,2.17,2.16,9 036,19 563,-0.46%
15/02/2022,2.17,2.17,2.17,2.17,500,1 085,0.00%
14/02/2022,2.17,2.17,2.17,2.17,4 849,10 522,0.00%
11/02/2022,2.17,2.17,2.26,2.16,14 350,31 714,-3.98%
09/02/2022,2.26,2.26,2.32,2.26,600,1 374,-2.59%
08/02/2022,2.32,2.32,2.42,2.32,50,119,-4.13%
07/02/2022,2.42,2.42,2.42,2.39,100,241,1.26%
04/02/2022,2.39,2.39,2.39,2.31,100,235,3.46%
03/02/2022,2.31,2.31,2.31,2.31,12 706,29 351,0.00%
02/02/2022,2.31,2.31,2.31,2.31,13 565,31 335,0.00%
26/01/2022,2.31,2.31,2.31,2.31,3 600,8 316,0.00%
13/01/2022,2.31,2.31,2.31,2.31,99,229,0.00%
07/01/2022,2.31,2.31,2.31,2.23,10,23,3.59%
30/12/2021,2.23,2.23,2.24,2.23,119 523,267 134,-0.45%
29/12/2021,2.24,2.24,2.24,2.23,10,22,0.45%
24/12/2021,2.23,2.23,2.23,2.14,310,677,4.21%
10/12/2021,2.14,2.14,2.24,2.14,465,1 018,-4.46%
03/12/2021,2.24,2.24,2.24,2.24,10,22,0.00%
02/12/2021,2.24,2.24,2.24,2.24,300,672,0.00%
01/12/2021,2.24,2.24,2.24,2.19,10,22,2.28%
29/11/2021,2.19,2.19,2.19,2.19,9,20,0.00%
10/11/2021,2.15,2.15,2.15,2.15,8,17,0.00%
08/11/2021,2.15,2.15,2.15,2.15,4 458,9 585,0.00%
02/11/2021,2.15,2.15,2.15,2.15,4 534,9 748,0.00%
20/10/2021,2.15,2.15,2.15,2.06,12,25,4.37%
13/10/2021,2.06,2.06,2.06,2.00,977,1 983,3.00%
08/10/2021,2.00,2.00,2.02,2.00,2 000,4 020,-0.99%
07/10/2021,2.02,2.02,2.02,2.02,500,1 010,0.00%
06/10/2021,2.02,2.02,2.11,2.02,25,52,-8.18%
07/09/2021,2.20,2.20,2.20,2.20,50,110,2.33%
11/08/2021,2.15,2.15,2.15,2.15,20,43,1.90%
29/07/2021,2.11,2.11,2.11,2.11,500,1 055,2.43%
28/07/2021,2.06,2.06,2.06,2.06,20,41,1.98%
26/07/2021,2.02,2.02,2.02,2.02,45,91,-1.94%
14/07/2021,2.06,2.00,2.06,2.00,400,812,5.64%
13/07/2021,1.95,2.00,2.00,1.95,20 500,40 488,-4.88%
12/07/2021,2.05,2.05,2.05,2.05,3 549,7 275,-2.84%
09/07/2021,2.11,2.11,2.11,2.11,4 017,8 476,-2.76%
07/07/2021,2.17,2.17,2.17,2.17,35,76,0.46%
05/07/2021,2.16,2.16,2.16,2.16,99,214,0.00%
02/07/2021,2.16,2.12,2.16,2.12,58,124,4.85%
25/06/2021,2.06,2.06,2.06,2.06,20,41,3.00%
24/06/2021,2.00,2.00,2.00,2.00,10,20,1.52%
23/06/2021,1.97,1.98,1.98,1.97,5 017,9 909,-0.51%
22/06/2021,1.98,1.98,1.98,1.98,3 000,5 940,0.00%
21/06/2021,1.98,1.98,1.98,1.98,3 048,6 035,-1.98%
18/06/2021,2.02,2.02,2.02,2.02,3 521,7 112,-1.94%
17/06/2021,2.06,2.06,2.06,2.06,1 450,2 987,0.00%
19/05/2021,2.00,2.00,2.00,2.00,22,44,-2.91%
18/05/2021,2.06,2.06,2.06,2.06,100,206,-0.96%
07/05/2021,2.08,2.08,2.08,2.08,12,25,0.00%
04/05/2021,2.08,2.08,2.08,2.08,200,416,1.46%
30/04/2021,2.05,2.05,2.05,2.05,150,308,0.00%
29/04/2021,2.05,2.00,2.05,2.00,76,154,4.59%
28/04/2021,1.96,1.96,1.96,1.96,566,1 109,0.51%
22/04/2021,1.95,1.95,1.95,1.95,1 000,1 950,0.00%
25/03/2021,1.95,1.95,1.95,1.95,500,975,0.52%
04/02/2021,1.96,1.96,1.96,1.96,200,392,0.00%
08/01/2021,1.96,1.96,1.96,1.96,20,39,2.62%
05/01/2021,1.91,1.91,1.91,1.91,16,31,-2.55%
04/01/2021,1.96,1.96,1.96,1.96,50,98,12.00%
31/12/2020,1.75,1.75,1.75,1.75,2 300,4 025,-9.33%
29/12/2020,1.93,1.96,1.96,1.93,422,821,-4.46%
28/12/2020,2.02,2.02,2.02,2.02,615,1 242,-0.98%
25/12/2020,2.04,1.99,2.04,1.99,1 607,3 238,3.03%
21/12/2020,1.98,1.98,1.98,1.98,100,198,-0.50%
17/12/2020,1.99,1.99,1.99,1.99,432,860,1.02%
16/12/2020,1.97,1.92,1.97,1.92,200,389,6.49%
15/12/2020,1.85,1.82,1.85,1.82,218,400,11.45%
11/12/2020,1.66,1.66,1.66,1.66,111,184,1.84%
10/12/2020,1.63,1.63,1.63,1.63,11 930,19 446,0.62%
19/11/2020,1.59,1.59,1.59,1.59,500,795,-2.45%
05/11/2020,1.63,1.63,1.63,1.63,10,16,-1.21%
02/11/2020,1.65,1.65,1.65,1.65,2,3,1.85%
26/10/2020,1.62,1.62,1.62,1.62,28,45,1.89%
23/10/2020,1.59,1.55,1.59,1.55,2,3,5.30%
22/10/2020,1.51,1.51,1.51,1.51,10,15,6.34%
20/10/2020,1.42,1.42,1.42,1.42,10,14,3.65%
19/10/2020,1.37,1.37,1.37,1.37,8,11,0.74%
16/10/2020,1.36,1.33,1.36,1.33,50,67,7.09%
14/10/2020,1.27,1.27,1.27,1.27,3 134,3 980,-2.31%
13/10/2020,1.30,1.30,1.30,1.30,60,78,0.00%
09/10/2020,1.30,1.30,1.30,1.30,643,836,-2.26%
08/10/2020,1.33,1.33,1.33,1.33,58,77,-4.32%
07/10/2020,1.39,1.39,1.39,1.39,447,621,-14.20%
28/09/2020,1.62,1.62,1.62,1.62,1,2,-2.41%
22/07/2020,1.66,1.66,1.66,1.66,318,528,0.00%
16/07/2020,1.66,1.66,1.66,1.66,20,33,0.00%
15/07/2020,1.66,1.66,1.66,1.66,73,121,2.47%
14/07/2020,1.62,1.62,1.62,1.62,4,6,2.53%
09/07/2020,1.58,1.58,1.58,1.58,23,36,2.60%
07/07/2020,1.54,1.54,1.54,1.54,20,31,2.67%
06/07/2020,1.50,1.50,1.50,1.50,20,30,2.74%
03/07/2020,1.46,1.42,1.46,1.42,73,105,5.80%
02/07/2020,1.38,1.38,1.38,1.38,4 896,6 756,-9.21%
29/06/2020,1.52,1.52,1.52,1.52,34,52,-2.56%
25/06/2020,1.56,1.56,1.56,1.56,30,47,-0.64%
24/06/2020,1.57,1.57,1.57,1.57,9,14,2.61%
23/06/2020,1.53,1.57,1.57,1.53,188,291,-5.56%
22/06/2020,1.62,1.65,1.65,1.62,239,391,-2.99%
19/06/2020,1.67,1.67,1.67,1.67,16,27,-2.91%
17/06/2020,1.72,1.72,1.72,1.72,23,40,-4.44%
16/06/2020,1.80,1.80,1.80,1.80,150,270,-1.64%
11/06/2020,1.83,1.83,1.83,1.83,2,4,-2.66%
10/06/2020,1.88,1.88,1.88,1.88,5,9,0.00%
09/06/2020,1.88,1.84,1.88,1.84,35,65,2.17%
08/06/2020,1.84,1.84,1.84,1.84,11,20,2.79%
05/06/2020,1.79,1.79,1.79,1.79,5,9,2.87%
04/06/2020,1.74,1.84,1.84,1.74,61,109,-2.79%
03/06/2020,1.79,1.79,1.79,1.79,55,98,-5.29%
02/06/2020,1.89,1.89,1.89,1.89,700,1 323,-2.58%
21/05/2020,1.94,1.94,1.94,1.94,30 625,59 413,-2.51%
05/05/2020,1.99,1.99,1.99,1.99,1 500,2 985,-4.33%
18/03/2020,2.08,2.08,2.08,2.08,38,79,2.97%
17/03/2020,2.02,2.02,2.02,2.02,10,20,0.00%
18/02/2020,2.02,2.02,2.02,2.02,20,40,-0.49%
31/01/2020,2.03,2.03,2.03,2.03,200,406,2.53%
28/01/2020,1.98,1.98,1.98,1.98,20,40,2.59%
27/01/2020,1.93,1.93,1.93,1.93,50,97,2.66%
24/01/2020,1.88,1.88,1.88,1.88,20,38,-1.57%
23/01/2020,1.91,1.91,1.91,1.91,10,19,-0.52%
20/01/2020,1.92,1.92,1.92,1.92,50,96,-1.54%
16/01/2020,1.95,1.90,1.95,1.90,60,115,5.41%
15/01/2020,1.85,1.90,1.90,1.85,20,38,-5.13%
10/01/2020,1.95,1.90,1.95,1.90,35,67,2.63%
08/01/2020,1.90,1.90,1.90,1.90,50,95,2.70%
07/01/2020,1.85,1.85,1.85,1.85,10,19,2.78%
03/01/2020,1.80,1.75,1.80,1.75,4 000,7 100,0.00%
02/01/2020,1.80,1.80,1.80,1.80,20,36,-2.70%
30/12/2019,1.85,1.85,1.85,1.85,125,231,-5.13%
27/12/2019,1.95,1.95,1.95,1.95,20,39,2.63%
26/12/2019,1.90,1.90,1.90,1.90,765,1 454,0.00%
23/12/2019,1.90,1.90,1.90,1.90,215,409,-2.06%
20/12/2019,1.94,1.94,1.94,1.94,20,39,-4.43%
13/12/2019,2.03,2.03,2.03,2.03,400,812,2.53%
12/12/2019,1.98,1.98,1.98,1.98,57,113,-2.94%
11/12/2019,2.04,2.04,2.04,2.04,29,59,-2.86%
10/12/2019,2.10,2.10,2.10,2.10,300,630,0.48%
05/12/2019,2.09,2.09,2.09,2.09,10,21,1.95%
08/11/2019,2.10,2.10,2.10,2.10,100,210,1.94%
01/11/2019,2.06,2.06,2.06,2.06,1,2,3.00%
25/10/2019,2.00,2.00,2.00,2.00,22,44,0.50%
21/10/2019,1.99,1.99,1.99,1.99,5 170,10 288,0.00%
18/10/2019,1.99,1.99,1.99,1.99,10,20,2.58%
17/10/2019,1.94,1.94,1.94,1.94,10 000,19 400,0.00%
16/10/2019,1.94,1.94,1.94,1.94,51 300,99 522,-3.00%
10/10/2019,2.00,2.00,2.00,2.00,200,400,1.52%
04/10/2019,1.97,1.97,1.97,1.97,10,20,5.35%
27/09/2019,1.87,1.87,1.87,1.87,50,94,-2.60%
26/09/2019,1.92,1.92,1.92,1.92,1 096,2 104,-2.54%
25/09/2019,1.97,1.97,1.97,1.97,2 066,4 070,1.55%
20/09/2019,1.94,1.94,1.94,1.94,10,19,0.00%
19/09/2019,1.94,1.94,1.94,1.94,4 000,7 760,0.00%
09/09/2019,1.94,1.94,1.94,1.94,3,6,-0.51%
06/09/2019,1.95,1.95,1.95,1.95,1 000,1 950,2.63%
30/08/2019,1.90,1.89,1.90,1.89,1 017,1 927,3.26%
29/08/2019,1.84,1.79,1.84,1.79,440,799,2.79%
28/08/2019,1.79,1.74,1.79,1.74,501,884,5.92%
27/08/2019,1.69,1.65,1.69,1.65,250,418,2.42%
20/08/2019,1.80,1.80,1.80,1.80,4 750,8 550,-1.64%
15/08/2019,1.83,1.83,1.83,1.83,300,549,-0.54%
29/07/2019,1.84,1.84,1.84,1.84,4 985,9 172,0.00%
17/07/2019,1.84,1.84,1.84,1.84,8 398,15 452,2.22%
12/07/2019,1.80,1.80,1.80,1.80,15,27,-2.70%
10/07/2019,1.85,1.85,1.85,1.85,936,1 732,2.78%
09/07/2019,1.80,1.80,1.80,1.80,28,50,-2.70%
01/07/2019,1.85,1.85,1.85,1.85,500,925,2.78%
28/06/2019,1.80,1.75,1.80,1.75,2 460,4 367,2.27%
26/06/2019,1.76,1.75,1.76,1.75,50,88,-2.22%
25/06/2019,1.80,1.80,1.80,1.80,500,900,-2.70%
24/06/2019,1.85,1.85,1.85,1.85,200,370,0.00%
21/06/2019,1.85,1.85,1.85,1.85,625,1 156,1.65%
18/06/2019,1.82,1.82,1.82,1.82,500,910,0.00%
17/06/2019,1.82,1.82,1.82,1.82,812,1 478,-4.21%
03/06/2019,1.90,1.90,1.90,1.90,10,19,2.15%
31/05/2019,1.86,1.86,1.86,1.86,450,837,0.00%
29/05/2019,1.86,1.86,1.86,1.86,1 000,1 860,0.00%
23/05/2019,1.85,1.85,1.85,1.85,793,1 467,2.78%
22/05/2019,1.80,1.80,1.80,1.80,100,180,-2.70%
17/05/2019,1.85,1.85,1.85,1.85,400,740,2.78%
16/05/2019,1.80,1.80,1.80,1.80,90,162,0.00%
14/05/2019,1.80,1.80,1.80,1.80,3 340,6 012,0.00%
10/05/2019,1.80,1.80,1.80,1.80,150,270,0.00%
03/05/2019,1.80,1.80,1.85,1.80,175,319,2.86%
02/05/2019,1.75,1.75,1.75,1.75,500,875,-2.78%
30/04/2019,1.80,1.80,1.80,1.80,5 000,9 000,1.12%
29/04/2019,1.78,1.78,1.78,1.78,1 100,1 958,-0.56%
26/04/2019,1.79,1.79,1.79,1.79,500,895,2.29%
25/04/2019,1.75,1.80,1.80,1.75,1 114,1 977,-2.23%
24/04/2019,1.79,1.80,1.80,1.79,4 260,7 647,-0.56%
23/04/2019,1.80,1.80,1.80,1.80,2 100,3 780,-3.23%
22/04/2019,1.86,1.85,1.86,1.85,661,1 226,0.54%
19/04/2019,1.85,1.85,1.85,1.85,501,927,2.78%
18/04/2019,1.80,1.78,1.80,1.78,3 169,5 673,1.69%
17/04/2019,1.77,1.75,1.77,1.75,2 241,3 944,3.51%
16/04/2019,1.71,1.70,1.71,1.70,2 510,4 280,3.64%
15/04/2019,1.65,1.65,1.65,1.65,4 314,7 118,-2.94%
12/04/2019,1.70,1.75,1.75,1.70,14 138,24 388,-2.86%
11/04/2019,1.75,1.76,1.76,1.75,8 127,14 263,-0.57%
10/04/2019,1.76,1.76,1.76,1.76,161,283,3.53%
08/04/2019,1.70,1.66,1.70,1.66,118,198,0.00%
05/04/2019,1.70,1.66,1.70,1.66,224,376,4.94%
04/04/2019,1.62,1.62,1.62,1.62,4 190,6 788,2.53%
29/03/2019,1.58,1.58,1.58,1.58,35,55,-2.47%
27/03/2019,1.62,1.62,1.62,1.62,75,122,-1.22%
26/03/2019,1.64,1.64,1.64,1.64,25,41,2.50%
25/03/2019,1.60,1.60,1.60,1.60,110,176,0.00%
22/03/2019,1.60,1.60,1.64,1.60,6 605,10 700,-0.62%
21/03/2019,1.61,1.60,1.61,1.60,4 345,6 974,3.87%
19/03/2019,1.55,1.55,1.55,1.55,1 345,2 085,0.00%
18/03/2019,1.55,1.54,1.55,1.54,3 365,5 199,0.65%
15/03/2019,1.54,1.50,1.54,1.50,3 860,5 867,3.36%
14/03/2019,1.49,1.43,1.49,1.43,12 311,17 974,1.36%
13/03/2019,1.47,1.51,1.51,1.47,515,767,-2.65%
12/03/2019,1.51,1.51,1.51,1.51,2 286,3 452,-2.58%
08/03/2019,1.55,1.53,1.55,1.52,3 714,5 701,0.00%
07/03/2019,1.55,1.59,1.59,1.55,712,1 118,0.00%
06/03/2019,1.55,1.55,1.55,1.55,9 172,14 217,-0.64%
05/03/2019,1.56,1.60,1.60,1.56,15 191,24 002,-3.70%
28/02/2019,1.62,1.58,1.62,1.58,13 020,20 832,0.00%
27/02/2019,1.62,1.62,1.62,1.62,10,16,1.25%
26/02/2019,1.60,1.61,1.61,1.60,2 230,3 579,-1.23%
25/02/2019,1.62,1.62,1.62,1.62,12 520,20 282,1.89%
21/02/2019,1.55,1.55,1.55,1.54,18 626,28 777,-3.73%
20/02/2019,1.61,1.61,1.61,1.61,50,81,-0.62%
19/02/2019,1.62,1.57,1.62,1.57,246,392,0.62%
18/02/2019,1.61,1.54,1.61,1.54,1 966,3 096,-0.62%
15/02/2019,1.62,1.62,1.62,1.62,2 191,3 549,2.53%
14/02/2019,1.58,1.57,1.58,1.57,2 041,3 215,-1.86%
13/02/2019,1.61,1.61,1.61,1.57,910,1 447,-3.01%
12/02/2019,1.66,1.70,1.70,1.66,550,924,0.00%
11/02/2019,1.66,1.66,1.66,1.66,1 001,1 662,2.47%
08/02/2019,1.62,1.62,1.62,1.62,7 497,12 145,0.00%
07/02/2019,1.62,1.62,1.62,1.62,50,81,0.00%
06/02/2019,1.62,1.62,1.62,1.62,479,776,0.00%
05/02/2019,1.62,1.62,1.62,1.62,60,97,5.19%
04/02/2019,1.54,1.54,1.54,1.54,11 803,18 177,-2.53%
01/02/2019,1.58,1.58,1.58,1.54,10 175,15 873,-2.47%
31/01/2019,1.62,1.62,1.62,1.62,4 303,6 971,-4.71%
30/01/2019,1.70,1.70,1.70,1.70,50,85,0.00%
29/01/2019,1.70,1.70,1.70,1.70,250,425,0.00%
28/01/2019,1.70,1.66,1.70,1.66,4 076,6 848,-3.95%
25/01/2019,1.77,1.77,1.77,1.77,111,196,-1.67%
23/01/2019,1.80,1.83,1.85,1.80,3 783,6 904,-1.10%
22/01/2019,1.82,1.90,1.90,1.82,5 963,11 091,-1.62%
21/01/2019,1.85,1.88,1.92,1.85,1 537,2 897,0.00%
18/01/2019,1.85,1.80,1.85,1.80,7 220,13 177,3.93%
17/01/2019,1.78,1.73,1.78,1.73,11 010,19 323,0.00%
16/01/2019,1.78,1.86,1.86,1.78,9 034,16 442,-5.82%
15/01/2019,1.89,1.90,1.90,1.85,9 860,18 488,-10.00%
10/01/2019,2.10,2.10,2.10,2.10,20,42,2.94%
09/01/2019,2.04,1.99,2.04,1.99,29 998,60 446,5.15%
08/01/2019,1.94,1.89,1.94,1.89,28 087,53 787,-7.62%
04/01/2019,2.10,2.10,2.10,2.10,6,13,-4.98%
03/01/2019,2.21,2.22,2.22,2.21,121,268,-17.84%
26/12/2018,2.69,2.77,2.77,2.69,17 325,47 297,-3.24%
25/12/2018,2.78,2.84,2.84,2.78,7 600,21 356,-1.77%
24/12/2018,2.83,2.78,2.83,2.78,10 648,29 868,4.81%
21/12/2018,2.70,2.63,2.70,2.63,20 437,54 465,5.47%
20/12/2018,2.56,2.56,2.56,2.56,15,38,-4.48%
19/12/2018,2.68,2.76,2.76,2.68,484,1 316,-7.59%
17/12/2018,2.90,2.90,2.90,2.90,3 300,9 570,-2.03%
14/12/2018,2.96,3.05,3.05,2.96,2 295,6 896,-1.00%
13/12/2018,2.99,3.08,3.08,2.99,10 268,31 163,-2.29%
12/12/2018,3.06,2.99,3.07,2.99,10 738,32 536,3.03%
11/12/2018,2.97,2.97,2.97,2.90,22 722,66 689,-0.34%
10/12/2018,2.98,2.98,2.98,2.98,100,298,-0.67%
07/12/2018,3.00,3.01,3.01,3.00,4 418,13 276,0.00%
06/12/2018,3.00,3.09,3.09,3.00,7 540,22 959,0.00%
05/12/2018,3.00,3.00,3.00,3.00,8 521,25 563,4.17%
04/12/2018,2.88,2.80,2.88,2.80,51 926,147 470,5.11%
03/12/2018,2.74,2.83,2.83,2.74,785,2 186,-1.08%
30/11/2018,2.77,2.85,2.85,2.77,13 500,37 935,-3.15%
29/11/2018,2.86,2.86,2.86,2.86,5 590,15 987,4.38%
28/11/2018,2.74,2.80,2.80,2.74,22 622,62 663,-5.84%
27/11/2018,2.91,2.91,2.91,2.91,11 490,33 436,7.78%
22/11/2018,2.50,2.50,2.50,2.50,5 600,14 000,7.30%
19/11/2018,2.33,2.23,2.33,2.23,8 155,18 593,5.91%
16/11/2018,2.20,2.18,2.20,2.12,11 483,24 803,-1.35%
15/11/2018,2.23,2.20,2.23,2.20,6 260,13 866,4.21%
14/11/2018,2.14,2.08,2.14,2.08,87,184,5.94%
13/11/2018,2.02,1.96,2.02,1.96,1 188,2 364,5.76%
12/11/2018,1.91,1.86,1.91,1.86,20 890,39 378,5.52%
09/11/2018,1.81,1.76,1.81,1.76,63 335,113 053,5.85%
08/11/2018,1.71,1.66,1.71,1.66,75,126,5.56%
07/11/2018,1.62,1.65,1.65,1.62,150 723,246 432,-0.61%
06/11/2018,1.63,1.63,1.63,1.63,25 150,40 995,-2.98%
05/11/2018,1.68,1.73,1.73,1.68,2 201,3 753,-5.62%
02/11/2018,1.78,1.74,1.78,1.74,2 551,4 490,5.33%
01/11/2018,1.69,1.69,1.69,1.69,200,338,-2.87%
31/10/2018,1.74,1.71,1.74,1.71,9 755,16 827,-2.25%
30/10/2018,1.78,1.74,1.78,1.74,10 350,18 216,2.89%
29/10/2018,1.73,1.76,1.76,1.73,7 807,13 623,-3.35%
24/10/2018,1.79,1.78,1.79,1.74,114,201,2.87%
23/10/2018,1.74,1.74,1.74,1.74,28 610,49 781,-4.40%
22/10/2018,1.82,1.84,1.84,1.82,16 041,29 355,1.68%
19/10/2018,1.79,1.74,1.79,1.74,84 281,148 756,9.15%
18/10/2018,1.64,1.64,1.64,1.64,10 000,16 400,1.23%
17/10/2018,1.62,1.67,1.67,1.62,22 000,36 190,-5.81%
16/10/2018,1.72,1.77,1.77,1.72,13 150,22 947,-5.49%
12/10/2018,1.82,1.87,1.87,1.82,13 300,24 539,-5.21%
11/10/2018,1.92,1.97,1.97,1.92,8 330,16 202,-5.42%
10/10/2018,2.03,2.09,2.09,2.03,2 603,5 362,-4.69%
09/10/2018,2.13,2.19,2.19,2.13,1 550,3 348,-2.74%
08/10/2018,2.19,2.19,2.19,2.19,1 050,2 300,-2.67%
05/10/2018,2.25,2.31,2.31,2.25,7 141,16 281,-5.46%
04/10/2018,2.38,2.38,2.38,2.38,49,117,-2.86%
03/10/2018,2.45,2.45,2.45,2.45,1 050,2 573,-4.30%
02/10/2018,2.56,2.56,2.56,2.56,200,512,-2.66%
28/09/2018,2.63,2.63,2.63,2.63,250,658,0.00%
27/09/2018,2.63,2.70,2.70,2.63,2 580,6 876,-2.59%
21/09/2018,2.70,2.70,2.70,2.70,1 466,3 958,0.00%
20/09/2018,2.70,2.70,2.70,2.70,1 120,3 024,2.66%
19/09/2018,2.63,2.63,2.63,2.63,1 342,3 529,0.00%
18/09/2018,2.63,2.63,2.63,2.63,1 100,2 893,2.73%
17/09/2018,2.56,2.56,2.56,2.56,433,1 108,2.40%
14/09/2018,2.50,2.50,2.50,2.50,1 202,3 005,0.00%
13/09/2018,2.50,2.50,2.50,2.50,800,2 000,0.00%
10/09/2018,2.50,2.50,2.50,2.50,510,1 275,2.04%
06/09/2018,2.45,2.45,2.45,2.45,450,1 103,0.82%
03/09/2018,2.43,2.43,2.43,2.43,1 026,2 493,-5.45%
27/08/2018,2.57,2.57,2.57,2.57,300,771,1.58%
16/08/2018,2.50,2.50,2.50,2.50,300,750,-2.72%
14/08/2018,2.57,2.57,2.57,2.57,5,13,13.22%
07/08/2018,2.27,2.27,2.27,2.27,519,1 178,-1.73%
31/07/2018,2.31,2.31,2.31,2.31,662,1 529,0.00%
30/07/2018,2.31,2.31,2.31,2.31,394,910,-1.28%
27/07/2018,2.34,2.34,2.34,2.34,106,248,-2.90%
26/07/2018,2.41,2.41,2.41,2.41,540,1 301,-2.82%
24/07/2018,2.48,2.48,2.48,2.48,60,149,0.81%
23/07/2018,2.46,2.40,2.46,2.40,216,525,2.50%
20/07/2018,2.40,2.40,2.40,2.40,579,1 390,1.69%
19/07/2018,2.36,2.36,2.36,2.36,355,838,-1.67%
18/07/2018,2.40,2.40,2.40,2.40,150,360,0.00%
16/07/2018,2.40,2.40,2.40,2.40,16,38,2.56%
13/07/2018,2.34,2.34,2.34,2.34,200,468,-1.68%
12/07/2018,2.38,2.38,2.38,2.38,100,238,2.59%
11/07/2018,2.32,2.32,2.32,2.32,1 066,2 473,-2.93%
10/07/2018,2.39,2.44,2.44,2.39,482,1 164,-2.05%
09/07/2018,2.44,2.44,2.44,2.44,345,842,0.00%
06/07/2018,2.44,2.51,2.51,2.44,127,314,-5.43%
05/07/2018,2.58,2.58,2.58,2.58,350,903,-0.39%
04/07/2018,2.59,2.67,2.67,2.59,195,513,-0.38%
03/07/2018,2.60,2.60,2.60,2.60,120,312,0.00%
02/07/2018,2.60,2.60,2.60,2.60,257,668,-2.99%
29/06/2018,2.68,2.69,2.69,2.68,106,285,-3.25%
27/06/2018,2.77,2.77,2.77,2.77,100,277,-3.82%
26/06/2018,2.88,2.88,2.88,2.88,50,144,2.86%
25/06/2018,2.80,2.80,2.80,2.80,49,137,-2.78%
22/06/2018,2.88,2.88,2.88,2.88,177,510,-0.69%
21/06/2018,2.90,2.90,2.90,2.90,23,67,-1.69%
19/06/2018,2.95,2.95,2.95,2.95,266,785,-1.34%
14/06/2018,2.99,3.00,3.00,2.99,805,2 411,-0.33%
13/06/2018,3.00,3.08,3.08,3.00,300,912,-4.76%
07/06/2018,3.15,3.15,3.15,3.15,20,63,7.51%
05/06/2018,2.93,2.93,2.93,2.93,20,59,2.81%
04/06/2018,2.85,2.85,2.85,2.85,20,57,2.89%
01/06/2018,2.77,2.69,2.77,2.69,245 397,669 934,2.97%
29/05/2018,2.69,2.69,2.69,2.69,600,1 614,-2.89%
28/05/2018,2.77,2.77,2.77,2.77,300,831,-2.81%
24/05/2018,2.85,2.85,2.85,2.85,1 138,3 243,0.00%
23/05/2018,2.85,2.85,2.85,2.85,550,1 568,-1.72%
22/05/2018,2.90,2.90,2.90,2.90,90,261,-2.36%
18/05/2018,2.97,2.97,2.97,2.97,104,309,-1.33%
16/05/2018,3.01,3.01,3.01,3.01,300,903,-2.90%
10/05/2018,3.10,3.03,3.10,3.03,1 251,3 834,-0.32%
09/05/2018,3.11,3.11,3.11,3.11,1 000,3 110,-2.81%
08/05/2018,3.20,3.20,3.20,3.20,1 000,3 200,-1.84%
02/05/2018,3.26,3.26,3.26,3.26,19,62,0.00%
26/04/2018,3.26,3.26,3.26,3.26,38,124,0.00%
25/04/2018,3.26,3.26,3.26,3.26,10,33,0.00%
24/04/2018,3.26,3.26,3.26,3.26,598,1 949,0.00%
23/04/2018,3.26,3.26,3.26,3.26,122,398,0.31%
20/04/2018,3.25,3.25,3.25,3.25,300,975,0.93%
13/04/2018,3.22,3.22,3.22,3.22,343,1 104,0.00%
12/04/2018,3.22,3.22,3.22,3.22,8,26,-1.23%
02/04/2018,3.26,3.26,3.26,3.26,240,782,2.52%
19/03/2018,3.18,3.18,3.18,3.18,1,3,-0.63%
07/03/2018,3.20,3.20,3.20,3.20,100,320,2.89%
02/03/2018,3.11,3.11,3.11,3.11,111,345,-4.60%
13/02/2018,3.27,3.27,3.27,3.27,389,1 272,0.00%
12/02/2018,3.27,3.28,3.28,3.27,110,360,-2.68%
09/02/2018,3.36,3.36,3.36,3.36,33,111,-0.30%
06/02/2018,3.37,3.37,3.37,3.37,50,169,-2.60%
31/01/2018,3.46,3.46,3.46,3.46,200,692,0.00%
26/01/2018,3.46,3.46,3.46,3.46,5,17,-2.81%
24/01/2018,3.56,3.46,3.56,3.46,331,1 162,-2.73%
19/01/2018,3.66,3.66,3.66,3.66,200,732,0.00%
18/01/2018,3.66,3.66,3.66,3.66,631,2 309,0.00%
16/01/2018,3.66,3.66,3.66,3.66,5,18,0.00%
15/01/2018,3.66,3.77,3.77,3.66,289,1 074,-11.38%
08/01/2018,4.13,4.13,4.13,4.13,1 346,5 559,-2.82%
04/01/2018,4.25,4.15,4.25,4.15,11,46,-0.47%
03/01/2018,4.27,4.27,4.27,4.27,600,2 562,-0.23%
29/12/2017,4.28,4.41,4.41,4.28,3 487,15 151,-4.25%
28/12/2017,4.47,4.35,4.47,4.35,206 055,908 703,-0.22%
27/12/2017,4.48,4.48,4.48,4.48,500,2 240,1.82%
25/12/2017,4.40,4.48,4.48,4.40,2 350,10 434,-1.79%
22/12/2017,4.48,4.48,4.48,4.48,1 895,8 490,0.00%
21/12/2017,4.48,4.48,4.48,4.48,5,22,-0.44%
20/12/2017,4.50,4.49,4.50,4.36,1 004 005,4 447 742,0.00%
19/12/2017,4.50,4.37,4.50,4.37,5 525,24 503,5.88%
18/12/2017,4.25,4.13,4.25,4.13,2 968,12 436,5.99%
15/12/2017,4.01,3.90,4.01,3.90,2 073,8 199,5.80%
14/12/2017,3.79,3.68,3.79,3.63,2 707,10 043,5.87%
13/12/2017,3.58,3.50,3.60,3.50,612,2 173,2.58%
12/12/2017,3.49,3.48,3.49,3.48,100,349,-0.29%
11/12/2017,3.50,3.41,3.50,3.41,221,764,0.00%
07/12/2017,3.50,3.50,3.50,3.50,10,35,0.29%
05/12/2017,3.49,3.39,3.49,3.39,237,815,2.95%
04/12/2017,3.39,3.39,3.39,3.39,330,1 119,-1.74%
30/11/2017,3.45,3.40,3.49,3.40,1 552,5 347,-1.43%
29/11/2017,3.50,3.39,3.50,3.39,220,758,0.29%
28/11/2017,3.49,3.49,3.49,3.49,250,873,-0.29%
27/11/2017,3.50,3.50,3.50,3.50,200,700,-1.41%
23/11/2017,3.46,3.26,3.46,3.26,1 104,3 709,2.98%
22/11/2017,3.36,3.36,3.36,3.36,200,672,0.90%
16/11/2017,3.33,3.37,3.37,3.33,424,1 420,0.91%
15/11/2017,3.30,3.36,3.40,3.30,2 109,7 065,-4.35%
14/11/2017,3.45,3.45,3.45,3.45,804,2 774,-7.26%
10/11/2017,3.72,3.72,3.72,3.72,20,74,1.92%
09/11/2017,3.65,3.65,3.65,3.61,195,708,-1.88%
08/11/2017,3.72,3.72,3.72,3.72,100,372,-4.37%
03/11/2017,3.89,3.87,3.89,3.76,1 033,3 951,0.26%
02/11/2017,3.88,3.88,3.88,3.88,336,1 304,-4.43%
30/10/2017,4.06,4.06,4.06,4.06,1,4,-2.87%
27/10/2017,4.18,4.06,4.18,4.06,36,148,0.00%
26/10/2017,4.18,4.18,4.18,4.06,89,367,-0.48%
23/10/2017,4.20,4.15,4.24,4.00,61,251,-0.94%
19/10/2017,4.24,4.24,4.24,4.24,70,297,1.19%
18/10/2017,4.19,4.00,4.19,4.00,1 720,7 043,4.49%
16/10/2017,4.01,4.01,4.01,4.01,54,217,-1.72%
13/10/2017,4.08,3.95,4.08,3.95,28,112,0.00%
12/10/2017,4.08,4.28,4.28,4.08,51,213,-2.86%
11/10/2017,4.20,4.17,4.20,4.17,30,126,-1.64%
10/10/2017,4.27,4.27,4.27,4.27,47,201,0.47%
06/10/2017,4.25,4.25,4.25,4.25,20,85,-0.70%
04/10/2017,4.28,4.27,4.28,4.27,211,902,0.23%
03/10/2017,4.27,4.27,4.27,4.27,50,213,2.64%
29/09/2017,4.16,4.19,4.19,4.16,508,2 121,-2.80%
28/09/2017,4.28,4.28,4.28,4.28,1,4,-2.95%
11/09/2017,4.41,4.41,4.41,4.41,50,221,6.27%
07/09/2017,4.15,4.24,4.24,4.15,445,1 867,-2.35%
06/09/2017,4.25,4.25,4.25,4.25,200,850,4.17%
24/08/2017,4.20,3.84,4.20,3.84,758,3 047,4.48%
23/08/2017,4.02,4.02,4.02,4.02,1,4,-4.29%
22/08/2017,4.20,4.00,4.20,4.00,100,410,3.96%
21/08/2017,4.04,4.16,4.17,4.04,808,3 317,-0.25%
18/08/2017,4.05,4.05,4.36,4.05,535,2 250,-7.32%
16/08/2017,4.37,4.06,4.37,4.06,1 500,6 323,0.46%
15/08/2017,4.35,4.35,4.35,4.35,7,30,-5.84%
11/08/2017,4.62,4.45,4.62,4.45,2,9,0.87%
04/08/2017,4.58,4.58,4.58,4.58,328,1 502,5.05%
28/07/2017,4.36,4.35,4.36,4.35,3 800,16 549,-0.23%
20/07/2017,4.37,4.38,4.38,4.37,1 320,5 775,-1.80%
13/07/2017,4.45,4.40,4.45,4.40,1 500,6 638,1.83%
12/07/2017,4.37,4.28,4.37,4.28,11,48,5.05%
11/07/2017,4.16,4.05,4.16,4.05,793,3 255,2.97%
10/07/2017,4.04,4.04,4.04,4.04,1,4,2.80%
07/07/2017,3.93,3.82,3.93,3.71,4 539,17 339,-2.96%
06/07/2017,4.05,4.05,4.05,4.05,8,32,-7.53%
30/06/2017,4.38,4.38,4.38,4.38,500,2 190,0.00%
29/06/2017,4.38,4.26,4.38,4.21,8 136,34 944,-0.45%
21/06/2017,4.40,4.40,4.40,4.40,4 000,17 600,0.00%
20/06/2017,4.40,4.30,4.40,4.30,2 622,11 406,2.33%
19/06/2017,4.30,4.30,4.30,4.30,8,34,-2.27%
14/06/2017,4.40,4.35,4.40,4.35,6 351,27 786,-1.79%
07/06/2017,4.48,4.45,4.48,4.45,5 000,22 325,0.67%
06/06/2017,4.45,4.45,4.46,4.45,2 500,11 138,-0.67%
05/06/2017,4.48,4.47,4.48,4.47,2 110,9 442,0.00%
02/06/2017,4.48,4.48,4.48,4.48,2 100,9 408,-0.22%
31/05/2017,4.49,4.48,4.49,4.48,2 100,9 419,0.00%
30/05/2017,4.49,4.48,4.49,4.48,1 000,4 485,0.00%
29/05/2017,4.49,4.49,4.49,4.49,1 850,8 307,-0.88%
25/05/2017,4.53,4.53,4.53,4.53,1 000,4 530,0.00%
24/05/2017,4.53,4.53,4.53,4.53,4 200,19 026,2.95%
23/05/2017,4.40,4.44,4.44,4.40,108,477,-4.35%
18/05/2017,4.60,4.60,4.60,4.60,10,46,0.22%
17/05/2017,4.59,4.60,4.60,4.59,2 650,12 177,-0.22%
16/05/2017,4.60,4.60,4.60,4.60,4 810,22 126,-2.13%
12/05/2017,4.70,4.69,4.70,4.60,4 140,19 251,0.00%
10/05/2017,4.70,4.60,4.70,4.60,5 530,25 715,-0.42%
09/05/2017,4.72,4.70,4.72,4.70,5 000,23 550,0.00%
08/05/2017,4.72,4.72,4.72,4.70,5 496,25 886,-0.42%
05/05/2017,4.74,4.65,4.75,4.61,5 917,27 692,1.72%
04/05/2017,4.66,4.75,4.80,4.66,5 926,28 030,-2.92%
03/05/2017,4.80,4.80,4.85,4.80,3 160,15 247,-1.03%
02/05/2017,4.85,4.85,4.85,4.85,2 450,11 883,-2.81%
26/04/2017,4.99,4.98,4.99,4.98,750,3 739,-0.20%
25/04/2017,5.00,4.99,5.00,4.99,1 000,4 995,0.00%
24/04/2017,5.00,5.00,5.00,5.00,1 000,5 000,-0.40%
21/04/2017,5.02,5.02,5.02,4.87,575,2 843,-1.38%
19/04/2017,5.09,5.09,5.09,5.09,2 600,13 234,-1.55%
11/04/2017,5.17,5.02,5.17,5.02,300,1 529,2.99%
07/04/2017,5.02,5.02,5.02,5.02,1 940,9 739,4.37%
06/04/2017,4.81,4.81,4.81,4.81,12,58,-2.83%
05/04/2017,4.95,4.77,4.95,4.77,100,486,-0.40%
03/04/2017,4.97,4.75,4.97,4.75,3 920,19 051,4.41%
31/03/2017,4.76,4.76,4.76,4.76,100,476,0.00%
30/03/2017,4.76,4.65,4.76,4.65,3 450,16 232,2.37%
29/03/2017,4.65,4.63,4.65,4.63,2 185,10 138,0.43%
28/03/2017,4.63,4.50,4.63,4.50,5 392,24 614,2.89%
27/03/2017,4.50,4.37,4.50,4.37,2 128,9 438,0.00%
24/03/2017,4.50,4.46,4.50,4.46,2 010,9 005,-1.96%
23/03/2017,4.59,4.59,4.59,4.59,1 010,4 636,-0.22%
22/03/2017,4.60,4.58,4.60,4.58,1 000,4 590,0.00%
17/03/2017,4.60,4.59,4.60,4.59,500,2 298,0.00%
16/03/2017,4.60,4.56,4.60,4.56,400,1 832,1.10%
15/03/2017,4.55,4.55,4.55,4.42,1 500,6 727,0.00%
14/03/2017,4.55,4.55,4.55,4.55,500,2 275,-0.22%
13/03/2017,4.56,4.55,4.56,4.55,600,2 733,0.22%
10/03/2017,4.55,4.55,4.55,4.55,100,455,0.00%
09/03/2017,4.55,4.43,4.55,4.43,2 700,12 123,-0.22%
08/03/2017,4.56,4.55,4.56,4.42,1 490,6 690,0.22%
07/03/2017,4.55,4.58,4.58,4.43,2 705,12 186,-0.22%
06/03/2017,4.56,4.58,4.58,4.45,6 107,27 573,-0.44%
03/03/2017,4.58,4.55,4.58,4.47,2 750,12 444,-0.43%
02/03/2017,4.60,4.56,4.60,4.56,1 319,6 041,0.88%
01/03/2017,4.56,4.56,4.56,4.56,29 492,134 484,0.00%
