16/02/2023,7.60,7.60,7.61,7.60,41,312,-0.13%
14/02/2023,7.61,7.61,7.61,7.61,290,2 207,0.00%
13/02/2023,7.61,7.61,7.61,7.61,115,875,0.00%
10/02/2023,7.61,7.61,7.61,7.60,34 250,260 471,0.13%
08/02/2023,7.60,7.60,7.60,7.60,84,638,0.00%
07/02/2023,7.60,7.60,7.60,7.60,200,1 520,0.00%
02/02/2023,7.60,7.60,7.60,7.60,571,4 340,0.00%
01/02/2023,7.60,7.60,7.60,7.60,550,4 180,0.00%
31/01/2023,7.60,7.60,7.60,7.60,1 032,7 843,0.00%
30/01/2023,7.60,7.60,7.60,7.60,498,3 785,0.00%
19/01/2023,7.60,7.60,7.60,7.60,15,114,0.00%
18/01/2023,7.60,7.60,7.60,7.60,90,684,0.00%
17/01/2023,7.60,7.60,7.60,7.60,2 270,17 252,0.00%
10/01/2023,7.60,7.60,7.60,7.60,810,6 156,0.00%
09/01/2023,7.60,7.60,7.60,7.60,3 642,27 679,0.00%
04/01/2023,7.60,7.60,7.60,7.60,19,144,0.00%
03/01/2023,7.60,7.60,7.60,7.60,60,456,0.00%
02/01/2023,7.60,7.60,7.60,7.60,710,5 396,0.00%
30/12/2022,7.60,7.60,7.60,7.60,1 802,13 695,0.00%
29/12/2022,7.60,7.60,7.60,7.59,65,494,0.13%
27/12/2022,7.59,7.59,7.60,7.59,680,5 165,-0.13%
22/12/2022,7.60,7.60,7.60,7.59,7,53,0.00%
20/12/2022,7.60,7.60,7.60,7.60,35,266,0.00%
15/12/2022,7.60,7.60,7.60,7.60,503,3 823,0.00%
14/12/2022,7.60,7.60,7.60,7.60,1 239,9 416,0.00%
13/12/2022,7.60,7.60,7.80,7.60,1 635,12 589,-2.56%
12/12/2022,7.80,7.80,7.80,7.60,25,192,2.63%
09/12/2022,7.60,7.60,7.80,7.60,600,4 620,-2.56%
07/12/2022,7.80,7.80,7.80,7.80,36,281,0.00%
06/12/2022,7.80,7.80,7.80,7.80,98,764,0.00%
05/12/2022,7.80,7.80,7.88,7.80,93,729,-1.02%
02/12/2022,7.88,7.88,7.88,7.88,50,394,0.00%
01/12/2022,7.88,7.88,7.88,7.88,40,315,0.00%
30/11/2022,7.88,7.88,7.88,7.88,50,394,0.00%
29/11/2022,7.88,7.88,7.88,7.87,590,4 646,0.13%
28/11/2022,7.87,7.87,7.87,7.87,440,3 463,0.00%
25/11/2022,7.87,7.87,7.88,7.87,80,630,-0.13%
23/11/2022,7.88,7.88,7.88,7.87,15,118,0.13%
22/11/2022,7.87,7.87,7.88,7.87,5 320,41 895,-0.13%
16/11/2022,7.90,7.90,7.90,7.90,20,158,0.00%
15/11/2022,7.90,7.90,7.90,7.90,95,751,0.00%
10/11/2022,7.90,7.90,7.90,7.80,200,1 570,1.28%
09/11/2022,7.80,7.80,7.80,7.80,460,3 588,0.00%
08/11/2022,7.80,7.80,7.80,7.75,433,3 367,0.65%
03/11/2022,7.75,7.75,8.00,7.75,5,39,-3.13%
31/10/2022,8.00,8.00,8.00,8.00,500,4 000,0.00%
28/10/2022,8.00,8.00,8.00,8.00,5,40,0.00%
27/10/2022,8.00,8.00,8.00,8.00,45,360,0.00%
25/10/2022,8.00,8.00,8.00,8.00,400,3 200,0.00%
21/10/2022,8.00,8.00,8.00,8.00,3 130,25 040,0.00%
20/10/2022,8.00,8.00,8.00,8.00,640,5 120,0.00%
19/10/2022,8.00,8.00,8.00,8.00,630,5 040,0.00%
17/10/2022,8.00,8.00,8.00,8.00,60,480,0.00%
13/10/2022,8.00,8.00,8.00,8.00,843,6 744,0.00%
12/10/2022,8.00,8.00,8.00,8.00,485,3 880,0.00%
11/10/2022,8.00,8.00,8.00,8.00,650,5 200,0.00%
10/10/2022,8.00,8.00,8.00,8.00,600,4 800,0.00%
07/10/2022,8.00,8.00,8.00,8.00,720,5 760,0.00%
06/10/2022,8.00,8.00,8.00,8.00,600,4 800,0.00%
05/10/2022,8.00,8.00,8.00,8.00,700,5 600,0.00%
04/10/2022,8.00,8.00,8.00,8.00,516,4 128,0.00%
03/10/2022,8.00,8.00,8.00,8.00,1 550,12 400,0.00%
30/09/2022,8.00,8.00,8.00,8.00,658,5 264,0.00%
29/09/2022,8.00,8.00,8.00,8.00,950,7 600,0.00%
28/09/2022,8.00,8.00,8.00,7.99,916,7 323,0.00%
22/09/2022,8.00,8.00,8.00,8.00,35,280,0.00%
21/09/2022,8.00,8.00,8.00,7.90,1 000,7 950,1.27%
16/09/2022,7.90,7.90,7.90,7.90,220,1 738,0.00%
09/09/2022,7.90,7.90,8.00,7.90,200,1 590,-1.25%
08/09/2022,8.00,8.00,8.00,7.90,205,1 630,1.27%
07/09/2022,7.90,7.90,7.90,7.90,1 043,8 240,0.00%
06/09/2022,7.90,7.90,7.90,7.90,220,1 738,0.00%
02/09/2022,7.90,7.90,7.90,7.90,300,2 370,0.00%
01/09/2022,7.90,7.90,7.90,7.90,1 100,8 690,0.00%
31/08/2022,7.90,7.90,7.90,7.90,102 538,810 050,0.00%
30/08/2022,7.90,7.90,7.90,7.90,500,3 950,0.00%
25/08/2022,7.90,7.90,7.90,7.90,73,577,0.00%
24/08/2022,7.90,7.90,7.90,7.90,53,419,0.00%
23/08/2022,7.90,7.90,7.90,7.90,74,585,0.00%
18/08/2022,7.90,7.90,7.90,7.90,170,1 343,0.00%
17/08/2022,7.90,7.90,7.90,7.90,1 580,12 482,0.00%
15/08/2022,7.90,7.90,7.90,7.89,50,395,0.13%
08/08/2022,7.89,7.89,7.89,7.89,1 058,8 348,0.00%
05/08/2022,7.89,7.89,7.89,7.89,150,1 184,0.00%
04/08/2022,7.89,7.89,7.89,7.89,1 000,7 890,0.00%
02/08/2022,7.89,7.89,7.89,7.89,238,1 878,0.00%
29/07/2022,7.89,7.89,7.89,7.89,200,1 578,0.00%
28/07/2022,7.89,7.89,7.90,7.89,300,2 369,-0.13%
27/07/2022,7.90,7.90,7.90,7.90,300,2 370,0.00%
26/07/2022,7.90,7.90,7.90,7.90,600,4 740,0.00%
21/07/2022,7.90,7.90,7.90,7.90,100,790,0.00%
20/07/2022,7.90,7.90,7.90,7.90,200,1 580,0.00%
19/07/2022,7.90,7.90,7.90,7.90,268,2 117,0.00%
18/07/2022,7.90,7.90,7.90,7.90,20,158,0.00%
13/07/2022,7.90,7.90,8.00,7.81,203,1 605,1.15%
11/07/2022,7.81,7.81,7.81,7.81,1,8,0.00%
08/07/2022,7.81,7.81,8.00,7.81,505,3 992,-3.58%
10/06/2022,8.10,8.10,8.10,7.81,100,796,-2.41%
26/04/2022,8.70,8.70,8.70,8.70,200,1 740,0.00%
25/04/2022,8.70,8.70,8.70,8.50,300,2 580,2.35%
22/04/2022,8.50,8.50,8.50,8.50,972,8 262,0.00%
21/04/2022,8.50,8.50,8.50,8.40,12 305,103 977,1.19%
19/04/2022,8.40,8.40,8.50,8.40,1 052,8 889,-1.18%
18/04/2022,8.50,8.50,8.50,8.41,2 002,16 927,1.07%
15/04/2022,8.41,8.41,8.41,8.41,6 910,58 113,0.00%
14/04/2022,8.41,8.41,8.41,8.40,6 400,53 792,0.12%
12/04/2022,8.40,8.40,8.70,8.40,30,257,5.00%
11/04/2022,8.00,8.00,8.70,8.00,551 009,4 600 925,-8.05%
07/04/2022,8.70,8.70,8.73,8.70,40,349,-0.34%
06/04/2022,8.73,8.73,8.73,8.73,35,306,0.00%
05/04/2022,8.73,8.73,8.73,8.70,500,4 358,-0.11%
21/03/2022,8.74,8.74,8.74,8.74,30,262,0.00%
17/03/2022,8.74,8.74,8.74,8.74,140,1 224,0.00%
11/03/2022,8.74,8.74,8.78,8.74,4 000,35 040,-0.46%
24/02/2022,8.78,8.78,8.92,8.78,5 000,44 250,-1.57%
17/02/2022,8.75,8.75,8.75,8.75,20,175,0.00%
15/02/2022,8.75,8.75,8.75,8.75,100,875,0.00%
14/02/2022,8.75,8.75,8.75,8.65,500,4 350,1.16%
09/02/2022,8.65,8.65,8.65,8.61,20,173,0.46%
08/02/2022,8.61,8.61,8.61,8.60,3 175,27 321,0.12%
04/02/2022,8.60,8.60,8.71,8.60,1 044,9 036,-1.26%
03/02/2022,8.71,8.71,8.71,8.71,430,3 745,0.00%
01/02/2022,8.71,8.71,8.71,8.70,1 000,8 705,0.11%
31/01/2022,8.70,8.70,8.70,8.70,2 013,17 513,0.00%
28/01/2022,8.70,8.70,8.71,8.70,2 000,17 410,-0.11%
27/01/2022,8.71,8.71,8.71,8.70,55,479,0.11%
26/01/2022,8.70,8.70,8.70,8.70,476,4 141,0.00%
25/01/2022,8.70,8.70,8.70,8.67,513,4 455,0.35%
20/01/2022,8.67,8.67,8.68,8.67,16,139,-0.12%
19/01/2022,8.68,8.68,8.69,8.68,30,261,-0.12%
18/01/2022,8.69,8.69,8.69,8.50,905,7 778,2.24%
13/01/2022,8.50,8.50,8.50,8.49,11 163,94 830,0.12%
12/01/2022,8.49,8.49,8.49,8.40,3 571,30 157,1.07%
11/01/2022,8.40,8.40,8.45,8.16,351,2 915,-0.59%
10/01/2022,8.45,8.45,8.50,8.45,2,17,-0.59%
06/01/2022,8.50,8.50,8.70,8.50,180,1 548,-2.30%
03/01/2022,8.70,8.70,8.70,8.47,2,17,2.72%
30/12/2021,8.47,8.47,8.47,8.47,9,76,0.00%
28/12/2021,8.47,8.47,8.59,8.47,396,3 378,-1.40%
24/12/2021,8.59,8.59,8.59,8.56,1,9,4.76%
22/12/2021,8.20,8.20,8.49,8.20,62,517,-3.42%
21/12/2021,8.49,8.49,8.59,8.27,101,851,2.66%
20/12/2021,8.27,8.27,8.30,8.27,3 015,24 979,-0.36%
16/12/2021,8.30,8.30,8.30,8.29,874,7 250,0.12%
13/12/2021,8.29,8.29,8.29,8.29,350,2 901,0.00%
09/12/2021,8.29,8.29,8.30,8.29,150,1 244,-0.12%
07/12/2021,8.30,8.30,8.30,8.20,10,83,1.22%
03/12/2021,8.20,8.20,8.20,8.20,25,205,0.00%
02/12/2021,8.20,8.20,8.30,8.20,20,165,-1.20%
01/12/2021,8.30,8.30,8.30,8.20,113,932,1.22%
30/11/2021,8.20,8.20,8.20,8.05,4,33,1.86%
18/11/2021,8.30,8.30,8.30,8.30,1 067,8 856,0.00%
17/11/2021,8.30,8.30,8.30,8.29,1,8,0.12%
16/11/2021,8.29,8.29,8.30,8.29,775,6 429,-0.12%
12/11/2021,8.30,8.30,8.30,8.20,5,41,1.22%
11/11/2021,8.20,8.20,8.25,8.20,1 034,8 505,-0.61%
03/11/2021,8.25,8.25,8.25,8.20,1,8,0.61%
02/11/2021,8.20,8.20,8.25,8.20,1 001,8 233,-0.61%
01/11/2021,8.25,8.25,8.25,8.25,1,8,0.00%
29/10/2021,8.25,8.25,8.25,8.03,1,8,2.74%
27/10/2021,8.03,8.03,8.03,8.02,200,1 605,0.12%
26/10/2021,8.02,8.02,8.02,8.02,170,1 363,0.00%
25/10/2021,8.02,8.02,8.20,8.02,205,1 663,-2.20%
22/10/2021,8.20,8.20,8.25,8.20,40,329,-0.61%
21/10/2021,8.25,8.25,8.25,8.25,1 005,8 291,0.00%
20/10/2021,8.25,8.25,8.25,8.20,822,6 761,0.61%
19/10/2021,8.20,8.20,8.20,8.20,50,410,0.00%
14/10/2021,8.20,8.20,8.20,8.20,300,2 460,0.00%
13/10/2021,8.20,8.20,8.20,8.20,200,1 640,0.00%
08/10/2021,8.20,8.20,8.20,8.00,200,1 620,2.50%
05/10/2021,8.00,8.00,8.30,8.00,218,1 777,-3.61%
29/09/2021,8.30,8.30,8.30,8.30,305,2 532,1.84%
17/09/2021,8.15,8.15,8.15,8.15,17,139,0.00%
15/09/2021,8.15,8.15,8.15,8.15,200,1 630,0.00%
07/09/2021,8.15,8.15,8.15,8.15,1 147,9 348,0.00%
06/09/2021,8.15,8.15,8.15,8.15,1 000,8 150,0.00%
24/08/2021,8.15,8.15,8.15,8.15,250,2 038,0.12%
17/08/2021,8.15,8.15,8.15,8.15,28,228,2.64%
16/08/2021,7.94,7.94,7.94,7.94,90,715,-2.58%
11/08/2021,8.15,8.15,8.15,8.15,358,2 918,0.00%
09/08/2021,8.15,8.15,8.15,8.15,154,1 255,0.00%
06/08/2021,8.15,8.15,8.15,8.15,207,1 687,0.62%
05/08/2021,8.10,8.10,8.10,8.10,3 186,25 807,0.00%
04/08/2021,8.10,8.10,8.10,8.10,1 500,12 150,0.00%
03/08/2021,8.10,8.10,8.10,8.10,30,243,0.12%
23/07/2021,8.09,8.09,8.09,8.09,187,1 513,1.00%
19/07/2021,8.01,8.01,8.01,8.01,178,1 426,0.00%
16/07/2021,8.01,8.01,8.01,8.01,1 530,12 255,1.39%
15/07/2021,7.90,7.90,7.90,7.90,1,8,-2.23%
14/07/2021,8.08,7.86,8.08,7.86,801,6 384,0.00%
13/07/2021,8.08,8.08,8.08,8.08,15,121,-0.12%
12/07/2021,8.09,8.09,8.09,8.09,9,73,-0.12%
01/07/2021,8.10,8.10,8.10,8.10,10,81,0.37%
28/06/2021,8.07,8.07,8.07,8.07,155,1 251,0.00%
23/06/2021,8.07,8.07,8.07,8.07,21,169,3.20%
22/06/2021,7.82,7.82,7.82,7.82,1 000,7 820,-0.76%
21/06/2021,7.88,7.88,7.88,7.88,3 300,26 004,0.00%
18/06/2021,7.88,7.88,7.88,7.88,10,79,-0.38%
17/06/2021,7.91,8.15,8.15,7.91,1 600,12 848,-2.94%
16/06/2021,8.15,8.15,8.15,8.15,400,3 260,0.00%
15/06/2021,8.15,8.15,8.15,8.15,51,416,-0.61%
14/06/2021,8.20,8.20,8.20,8.20,1,8,1.23%
10/06/2021,8.10,8.10,8.10,8.10,298,2 414,0.00%
09/06/2021,8.10,8.10,8.10,8.10,1,8,0.00%
08/06/2021,8.10,8.10,8.10,8.10,501,4 058,0.50%
03/06/2021,8.06,8.30,8.30,8.06,27,221,-4.05%
31/05/2021,8.40,8.40,8.40,8.40,2,17,0.24%
28/05/2021,8.38,8.38,8.38,8.38,5,42,1.09%
26/05/2021,8.29,8.29,8.29,8.29,5,41,4.41%
25/05/2021,7.94,7.94,7.94,7.94,300,2 382,-0.13%
20/05/2021,7.91,7.91,7.91,7.91,820,6 486,-2.47%
19/05/2021,8.11,8.33,8.33,8.11,799,6 568,-2.87%
18/05/2021,8.35,8.35,8.35,8.35,2 500,20 875,0.12%
17/05/2021,8.34,8.35,8.35,8.34,1 109,9 255,2.84%
11/05/2021,8.11,8.11,8.11,8.11,500,4 055,-2.87%
10/05/2021,8.35,8.35,8.35,8.35,300,2 505,2.58%
07/05/2021,8.14,8.14,8.14,8.14,512,4 168,-2.98%
06/05/2021,8.39,8.39,8.39,8.39,100,839,0.00%
04/05/2021,8.39,8.39,8.39,8.39,260,2 181,2.32%
30/04/2021,8.20,8.20,8.20,8.20,100,820,2.89%
29/04/2021,7.97,7.97,7.97,7.97,102,813,-2.69%
28/04/2021,8.19,8.19,8.19,8.19,250,2 047,-2.85%
27/04/2021,8.43,8.43,8.43,8.43,500,4 215,-2.99%
26/04/2021,8.69,8.69,8.69,8.69,600,5 214,2.96%
23/04/2021,8.44,8.44,8.44,8.44,650,5 486,2.93%
22/04/2021,8.20,8.21,8.21,8.20,1 000,8 205,0.12%
21/04/2021,8.19,8.19,8.19,8.19,100,819,2.63%
20/04/2021,7.98,7.75,7.98,7.75,400,3 146,5.98%
19/04/2021,7.53,7.53,7.53,7.53,45,339,-2.96%
16/04/2021,7.76,7.76,7.76,7.76,69,535,-9.77%
14/04/2021,8.60,8.60,8.60,8.60,1 600,13 760,0.00%
13/04/2021,8.60,8.35,8.60,8.35,10 450,88 564,3.12%
12/04/2021,8.34,8.34,8.34,8.34,2 277,18 990,2.84%
07/04/2021,8.11,8.11,8.11,8.11,100,811,-1.70%
06/04/2021,8.25,8.25,8.25,8.25,100,825,0.00%
05/04/2021,8.25,8.25,8.25,8.25,1 060,8 745,-2.94%
02/04/2021,8.50,8.50,8.50,8.50,1 250,10 625,0.00%
01/04/2021,8.50,8.30,8.50,8.30,14 120,118 608,4.68%
31/03/2021,8.12,8.30,8.30,8.12,823,6 757,0.00%
30/03/2021,8.12,8.30,8.30,8.12,950,7 800,0.25%
29/03/2021,8.10,8.09,8.10,8.09,500,4 047,0.12%
26/03/2021,8.09,8.09,8.09,8.09,27,218,-2.88%
25/03/2021,8.33,8.33,8.33,8.33,190,1 583,0.00%
24/03/2021,8.33,8.50,8.50,8.33,3 250,27 349,-2.00%
23/03/2021,8.50,8.50,8.50,8.50,40,340,0.00%
22/03/2021,8.50,8.50,8.50,8.50,30,255,-1.05%
18/03/2021,8.59,8.59,8.59,8.59,209,1 795,0.00%
17/03/2021,8.59,8.59,8.59,8.59,50,430,0.12%
16/03/2021,8.58,8.58,8.58,8.58,8 095,69 455,0.00%
15/03/2021,8.58,8.58,8.58,8.58,1 905,16 345,-0.12%
11/03/2021,8.59,8.59,8.59,8.59,1 050,9 020,0.00%
02/03/2021,8.59,8.58,8.59,8.58,5 000,42 925,-2.16%
24/02/2021,8.78,8.78,8.78,8.78,7,61,1.39%
23/02/2021,8.66,8.66,8.66,8.66,30,260,-1.37%
22/02/2021,8.78,8.78,8.78,8.78,5,44,1.04%
18/02/2021,8.49,8.47,8.49,8.47,1 055,8 946,1.07%
17/02/2021,8.40,8.29,8.40,8.29,95,793,1.69%
16/02/2021,8.26,8.26,8.26,8.26,25,207,0.85%
15/02/2021,8.19,8.19,8.19,8.19,20,164,0.00%
11/02/2021,8.19,8.19,8.19,8.19,500,4 095,1.11%
04/02/2021,8.10,7.66,8.10,7.66,15,118,1.25%
03/02/2021,8.00,8.00,8.00,8.00,1 105,8 840,0.00%
02/02/2021,8.00,8.18,8.18,8.00,460,3 721,-2.32%
01/02/2021,8.19,8.19,8.19,8.19,4,33,0.00%
29/01/2021,8.19,8.19,8.19,8.19,5,41,2.37%
28/01/2021,8.00,8.00,8.00,8.00,305,2 440,2.70%
27/01/2021,7.79,8.03,8.03,7.79,161,1 274,-5.80%
26/01/2021,8.27,8.27,8.27,8.27,5,41,0.00%
25/01/2021,8.27,8.27,8.27,8.27,5,41,0.00%
22/01/2021,8.27,8.29,8.29,8.27,73,604,0.98%
20/01/2021,8.19,7.91,8.19,7.91,4 547,36 603,0.00%
12/01/2021,8.19,8.19,8.19,8.19,25,205,0.00%
11/01/2021,8.19,8.19,8.19,8.19,10,82,0.00%
08/01/2021,8.19,8.19,8.19,8.19,14,115,1.36%
07/01/2021,8.08,7.85,8.08,7.85,17,135,5.90%
31/12/2020,7.63,7.41,7.63,7.41,102,767,3.11%
30/12/2020,7.40,7.40,7.40,7.40,2 370,17 538,-2.63%
25/12/2020,7.60,7.60,7.60,7.60,50,380,0.00%
24/12/2020,7.60,7.60,7.60,7.60,95,722,1.47%
23/12/2020,7.49,7.47,7.49,7.47,1 780,13 314,0.27%
22/12/2020,7.47,7.70,7.70,7.47,800,6 068,-2.99%
21/12/2020,7.70,7.70,7.70,7.70,100,770,2.80%
17/12/2020,7.49,7.49,7.49,7.49,10,75,2.88%
16/12/2020,7.28,7.28,7.28,7.28,1,7,-2.93%
15/12/2020,7.50,7.70,7.70,7.50,693,5 267,-2.60%
14/12/2020,7.70,7.70,7.70,7.70,1 460,11 242,-0.77%
11/12/2020,7.76,7.76,7.76,7.76,100,776,0.00%
10/12/2020,7.76,7.77,7.77,7.76,2 569,19 948,0.00%
09/12/2020,7.76,7.76,7.76,7.76,1 000,7 760,0.00%
08/12/2020,7.76,7.76,7.76,7.76,830,6 441,-3.00%
07/12/2020,8.00,8.00,8.00,8.00,10,80,2.96%
04/12/2020,7.77,7.77,7.77,7.77,300,2 331,-0.38%
03/12/2020,7.80,7.80,7.80,7.80,170,1 326,0.00%
02/12/2020,7.80,7.80,7.80,7.80,680,5 304,-2.50%
01/12/2020,8.00,8.00,8.00,8.00,25,200,2.56%
30/11/2020,7.80,7.80,7.80,7.80,820,6 396,0.00%
26/11/2020,7.80,7.80,7.80,7.80,500,3 900,-0.26%
25/11/2020,7.82,7.98,7.98,7.82,30,237,0.13%
24/11/2020,7.81,7.80,7.81,7.80,658,5 136,-2.13%
18/11/2020,8.00,8.00,8.00,8.00,16,128,0.00%
11/11/2020,8.00,8.00,8.00,8.00,17,136,0.88%
10/11/2020,7.93,7.93,7.93,7.93,27,214,2.99%
09/11/2020,7.70,7.70,7.70,7.70,500,3 850,-1.28%
03/11/2020,7.80,7.80,7.80,7.80,635,4 953,-2.50%
30/10/2020,8.00,8.00,8.00,8.00,250,2 000,-2.44%
27/10/2020,8.20,8.20,8.20,8.20,100,820,-2.96%
09/10/2020,8.45,8.45,8.45,8.45,9 000,76 050,-0.35%
01/10/2020,8.48,8.48,8.48,8.48,20,170,2.91%
18/09/2020,8.24,8.24,8.24,8.24,40,330,3.00%
17/09/2020,8.00,8.00,8.00,8.00,1 500,12 000,0.00%
16/09/2020,8.00,8.00,8.00,8.00,1 042,8 336,0.00%
11/09/2020,8.00,8.00,8.00,8.00,2 285,18 280,0.00%
10/09/2020,8.00,8.00,8.00,8.00,2 000,16 000,1.27%
09/09/2020,7.90,7.90,7.90,7.90,195,1 541,-1.25%
08/09/2020,8.00,7.95,8.00,7.95,711,5 670,1.27%
07/09/2020,7.90,7.90,7.90,7.90,170,1 343,1.28%
03/09/2020,7.80,7.80,7.80,7.80,73,569,-1.27%
01/09/2020,7.90,7.90,7.90,7.90,30,237,2.60%
31/08/2020,7.70,7.70,7.70,7.70,130,1 001,0.92%
27/08/2020,7.63,7.63,7.63,7.63,70,534,2.97%
25/08/2020,7.41,7.59,7.59,7.41,600,4 500,0.54%
24/08/2020,7.37,7.37,7.37,7.37,20,147,-2.90%
19/08/2020,7.69,7.69,7.69,7.69,1,8,-2.66%
18/08/2020,7.90,7.90,7.90,7.90,860,6 794,0.00%
17/08/2020,7.90,7.99,7.99,7.90,212,1 684,0.77%
14/08/2020,7.84,7.84,7.84,7.84,54,423,0.13%
12/08/2020,7.83,7.83,7.83,7.83,7 695,60 252,0.13%
11/08/2020,7.82,7.82,7.82,7.82,33,258,2.89%
10/08/2020,7.60,7.43,7.60,7.43,45,338,5.26%
07/08/2020,7.22,7.40,7.40,7.22,222,1 623,0.28%
06/08/2020,7.20,7.40,7.40,7.20,2 060,15 038,-0.14%
05/08/2020,7.21,7.21,7.21,7.21,40,288,3.00%
30/07/2020,7.00,7.00,7.00,7.00,1 350,9 450,-2.78%
29/07/2020,7.20,7.20,7.20,7.20,100,720,0.00%
28/07/2020,7.20,7.20,7.20,7.20,1 250,9 000,0.00%
27/07/2020,7.20,7.20,7.20,7.20,750,5 400,0.00%
24/07/2020,7.20,7.20,7.20,7.20,545,3 924,0.00%
23/07/2020,7.20,7.20,7.20,7.20,800,5 760,-2.70%
22/07/2020,7.40,7.40,7.40,7.40,334,2 472,0.00%
20/07/2020,7.40,7.40,7.40,7.40,23,170,2.92%
17/07/2020,7.19,7.19,7.19,7.19,20,144,-2.84%
15/07/2020,7.40,7.40,7.40,7.40,360,2 664,-0.67%
14/07/2020,7.45,7.45,7.45,7.45,5,37,-2.23%
09/07/2020,7.62,7.62,7.62,7.62,10,76,2.97%
08/07/2020,7.40,7.40,7.40,7.40,630,4 662,2.78%
07/07/2020,7.20,7.20,7.20,7.20,722,5 198,0.14%
06/07/2020,7.19,7.19,7.19,7.19,225,1 618,2.71%
03/07/2020,7.00,7.00,7.00,7.00,721,5 047,0.14%
02/07/2020,6.99,6.99,6.99,6.99,3 640,25 444,-0.14%
29/06/2020,7.00,6.96,7.00,6.96,17,119,3.55%
26/06/2020,6.76,6.76,6.76,6.76,1 025,6 929,0.45%
25/06/2020,6.73,6.73,6.73,6.73,8 176,55 024,0.30%
23/06/2020,6.71,6.71,6.71,6.71,10,67,1.51%
22/06/2020,6.61,6.60,6.61,6.60,1 636,10 806,0.15%
18/06/2020,6.60,6.60,6.60,6.60,30,198,1.69%
17/06/2020,6.49,6.50,6.50,6.49,255,1 656,-1.67%
16/06/2020,6.60,6.60,6.60,6.60,492,3 247,0.00%
15/06/2020,6.60,6.60,6.60,6.60,1 000,6 600,0.00%
12/06/2020,6.60,6.60,6.60,6.60,871,5 749,1.54%
11/06/2020,6.50,6.60,6.60,6.50,163,1 068,-1.52%
10/06/2020,6.60,6.60,6.60,6.60,1 087,7 174,0.00%
08/06/2020,6.60,6.60,6.60,6.60,210,1 386,0.00%
05/06/2020,6.60,6.60,6.60,6.60,278,1 835,0.00%
02/06/2020,6.60,6.60,6.60,6.60,200,1 320,2.96%
01/06/2020,6.41,6.41,6.41,6.41,350,2 244,0.00%
29/05/2020,6.41,6.41,6.41,6.41,7 516,48 178,0.00%
28/05/2020,6.41,6.41,6.41,6.41,7 767,49 786,0.00%
21/05/2020,6.41,6.41,6.41,6.41,1 647,10 557,0.00%
20/05/2020,6.41,6.41,6.41,6.41,2 420,15 512,0.00%
19/05/2020,6.41,6.41,6.41,6.41,555,3 558,-2.88%
15/05/2020,6.60,6.60,6.60,6.60,1 520,10 032,1.54%
14/05/2020,6.50,6.50,6.50,6.50,595,3 868,-2.40%
13/05/2020,6.66,6.66,6.66,6.66,100,666,-2.77%
12/05/2020,6.85,6.85,6.85,6.85,73,500,-2.00%
08/05/2020,6.99,6.99,6.99,6.99,1 000,6 990,-0.14%
06/05/2020,7.00,7.00,7.00,7.00,1 000,7 000,-6.42%
05/05/2020,7.48,7.48,7.48,7.48,5,37,3.17%
30/04/2020,7.25,7.25,7.25,7.25,1 000,7 250,-2.03%
29/04/2020,7.40,7.40,7.40,7.40,1 270,9 398,-4.27%
27/04/2020,7.73,7.73,7.73,7.73,120,928,-2.89%
22/04/2020,7.96,7.96,7.96,7.96,1 000,7 960,-2.93%
21/04/2020,8.20,8.20,8.20,8.20,500,4 100,1.23%
17/04/2020,8.10,8.10,8.10,8.10,1 000,8 100,0.00%
16/04/2020,8.10,8.10,8.10,8.10,500,4 050,0.00%
15/04/2020,8.10,8.10,8.10,8.10,1 200,9 720,-2.88%
14/04/2020,8.34,8.34,8.34,8.34,1 050,8 757,-2.80%
07/04/2020,8.58,8.58,8.58,8.58,1 200,10 296,-2.94%
30/03/2020,8.84,8.84,8.84,8.84,10,88,0.00%
26/03/2020,8.84,8.84,8.84,8.84,1 170,10 343,0.00%
25/03/2020,8.84,8.84,8.84,8.84,314,2 776,0.11%
10/03/2020,8.83,8.83,8.83,8.83,20,177,2.91%
06/03/2020,8.58,8.83,8.83,8.58,103,897,-2.94%
04/03/2020,8.84,8.84,8.84,8.84,54,477,0.00%
27/02/2020,8.84,8.84,8.84,8.84,10,88,0.00%
26/02/2020,8.84,8.84,8.84,8.84,25,221,2.79%
24/02/2020,8.60,8.60,8.60,8.60,145,1 247,-2.82%
20/02/2020,8.60,8.60,8.60,8.60,51,439,2.50%
18/02/2020,8.39,8.39,8.39,8.39,1,8,2.82%
17/02/2020,8.16,8.16,8.16,8.16,108,881,0.00%
13/02/2020,8.16,8.16,8.16,8.16,130,1 061,0.00%
12/02/2020,8.16,8.16,8.16,8.16,1 449,11 824,0.00%
11/02/2020,8.16,8.35,8.35,8.16,1 350,11 144,-2.86%
10/02/2020,8.40,8.40,8.40,8.40,1 595,13 398,-1.18%
07/02/2020,8.50,8.50,8.50,8.50,200,1 700,-0.58%
06/02/2020,8.55,8.80,8.80,8.55,2 020,17 524,0.00%
05/02/2020,8.55,8.80,8.80,8.55,2 367,20 534,-0.58%
03/02/2020,8.60,8.60,8.60,8.60,20,172,-2.27%
31/01/2020,8.80,8.80,8.80,8.80,40,352,0.00%
30/01/2020,8.80,8.80,8.80,8.80,20,176,0.00%
29/01/2020,8.80,8.80,8.80,8.80,130,1 144,2.92%
27/01/2020,8.55,8.55,8.55,8.55,37,316,2.89%
24/01/2020,8.31,8.31,8.31,8.31,200,1 662,-2.46%
22/01/2020,8.52,8.52,8.52,8.52,250,2 130,-0.23%
21/01/2020,8.54,8.30,8.54,8.30,204,1 718,2.89%
20/01/2020,8.30,8.30,8.30,8.30,155,1 287,0.48%
17/01/2020,8.26,8.30,8.30,8.26,275,2 277,-0.48%
16/01/2020,8.30,8.30,8.30,8.30,20,166,-0.72%
15/01/2020,8.36,8.36,8.36,8.36,250,2 090,-0.59%
13/01/2020,8.41,8.41,8.41,8.41,162,1 362,-0.47%
09/01/2020,8.45,8.45,8.45,8.45,10,85,0.48%
08/01/2020,8.41,8.41,8.41,8.41,81,681,0.00%
07/01/2020,8.41,8.42,8.42,8.41,468,3 938,0.00%
06/01/2020,8.41,8.41,8.41,8.41,250,2 103,0.00%
03/01/2020,8.41,8.41,8.41,8.41,520,4 373,-0.12%
02/01/2020,8.42,8.42,8.42,8.42,730,6 147,0.12%
31/12/2019,8.41,8.40,8.41,8.40,727,6 110,-2.21%
30/12/2019,8.60,8.60,8.60,8.60,400,3 440,0.00%
27/12/2019,8.60,8.60,8.60,8.60,200,1 720,0.00%
26/12/2019,8.60,8.60,8.60,8.60,116,998,0.00%
25/12/2019,8.60,8.60,8.60,8.60,2,17,-2.27%
24/12/2019,8.80,8.80,8.80,8.80,15,132,1.85%
20/12/2019,8.64,8.64,8.64,8.64,565,4 882,0.00%
19/12/2019,8.64,8.64,8.64,8.64,5,43,2.98%
18/12/2019,8.39,8.39,8.39,8.39,50,420,-1.29%
17/12/2019,8.50,8.50,8.50,8.50,4,34,-0.47%
16/12/2019,8.54,8.54,8.54,8.54,282,2 408,-2.95%
12/12/2019,8.80,8.56,8.80,8.56,500,4 340,0.00%
10/12/2019,8.80,8.80,8.80,8.80,20,176,-2.22%
02/12/2019,9.00,9.00,9.00,9.00,46,414,0.00%
29/11/2019,9.00,9.00,9.00,9.00,80,720,0.00%
21/11/2019,9.05,9.05,9.05,9.05,5,45,0.33%
15/11/2019,9.02,9.02,9.02,9.02,5,45,1.35%
14/11/2019,8.90,8.90,8.90,8.90,240,2 136,-1.44%
13/11/2019,9.03,8.90,9.03,8.90,270,2 421,-0.44%
07/11/2019,9.07,9.07,9.07,9.07,3,27,-0.11%
31/10/2019,9.08,8.69,9.08,8.69,162,1 439,-0.11%
28/10/2019,9.09,9.09,9.09,9.09,10,91,2.25%
25/10/2019,8.89,8.89,8.89,8.89,3 197,28 421,-2.20%
23/10/2019,9.09,8.90,9.09,8.90,51,459,-0.66%
21/10/2019,9.15,9.15,9.15,9.15,55,503,0.55%
17/10/2019,9.10,9.20,9.20,9.10,895,8 189,0.00%
16/10/2019,9.10,9.10,9.10,9.10,69,628,2.82%
14/10/2019,8.85,8.85,8.85,8.85,1,9,2.91%
09/10/2019,8.60,8.60,8.60,8.60,100,860,0.00%
08/10/2019,8.60,8.61,8.61,8.60,3 693,31 778,-1.38%
07/10/2019,8.72,8.72,8.72,8.72,100,872,-4.49%
17/09/2019,9.13,9.13,9.13,9.13,3 640,33 233,-0.44%
10/09/2019,9.17,9.20,9.20,9.17,100,918,-0.33%
06/09/2019,9.20,9.09,9.20,9.09,17,155,5.75%
04/09/2019,8.70,8.70,8.70,8.70,780,6 786,0.00%
03/09/2019,8.70,8.70,8.70,8.70,20,174,0.23%
02/09/2019,8.68,8.68,8.69,8.68,1 520,13 201,0.12%
30/08/2019,8.67,8.70,8.70,8.67,523,4 542,-1.81%
29/08/2019,8.83,8.83,8.83,8.83,60,530,0.00%
20/08/2019,9.10,9.10,9.10,9.10,2,18,1.90%
09/08/2019,8.93,8.93,8.93,8.93,250,2 233,-0.78%
08/08/2019,9.00,9.00,9.00,9.00,40,360,0.78%
07/08/2019,8.93,8.93,8.93,8.93,222,1 982,-2.93%
02/08/2019,9.20,9.20,9.20,9.20,1,9,2.00%
29/07/2019,9.02,9.02,9.02,9.02,50,451,-0.88%
26/07/2019,9.10,9.10,9.10,9.10,1,9,2.82%
22/07/2019,8.85,8.85,8.85,8.85,20,177,0.00%
19/07/2019,8.85,8.85,8.85,8.85,6 981,61 782,-1.67%
15/07/2019,9.00,9.00,9.00,9.00,210,1 890,-0.11%
12/07/2019,9.01,9.01,9.01,9.01,18,162,0.00%
10/07/2019,9.01,9.01,9.01,9.01,20,180,-1.96%
05/07/2019,9.19,9.19,9.19,9.19,5,46,0.00%
04/07/2019,9.19,9.19,9.19,9.19,5,46,2.11%
03/07/2019,9.00,9.00,9.00,9.00,1 340,12 060,-2.07%
01/07/2019,9.19,9.19,9.19,9.19,6,55,2.11%
27/06/2019,9.00,9.00,9.00,9.00,1 000,9 000,-2.07%
26/06/2019,9.19,9.19,9.19,9.19,15,138,0.66%
25/06/2019,9.13,9.16,9.16,9.13,7,64,2.58%
21/06/2019,8.90,8.90,8.90,8.90,3 003,26 727,-0.56%
20/06/2019,8.95,8.95,8.95,8.95,3 656,32 721,0.00%
18/06/2019,8.95,8.95,8.95,8.95,719,6 435,-2.61%
17/06/2019,9.19,9.19,9.19,9.19,8,74,1.88%
13/06/2019,9.02,9.02,9.02,9.02,95,857,0.00%
10/06/2019,9.02,9.02,9.02,9.00,442,3 982,0.00%
07/06/2019,9.02,9.02,9.02,9.02,50,451,0.00%
31/05/2019,9.02,9.00,9.02,9.00,586,5 280,-1.85%
29/05/2019,9.19,9.19,9.19,9.19,18,165,-0.11%
28/05/2019,9.20,9.20,9.20,9.20,28,258,0.00%
27/05/2019,9.20,9.19,9.20,9.19,260,2 391,1.77%
23/05/2019,8.78,8.78,8.78,8.78,1 105,9 702,-2.98%
21/05/2019,9.05,9.05,9.05,9.05,320,2 896,-0.44%
20/05/2019,9.09,9.09,9.09,9.09,200,1 818,-0.66%
17/05/2019,9.15,9.15,9.15,9.15,5,46,2.69%
15/05/2019,8.91,9.15,9.15,8.91,351,3 170,-1.00%
14/05/2019,9.00,9.00,9.00,9.00,166,1 494,-2.17%
10/05/2019,9.20,9.20,9.20,9.20,10,92,0.00%
09/05/2019,9.20,9.20,9.20,9.20,100,920,2.22%
08/05/2019,9.00,9.00,9.00,9.00,125,1 125,-2.17%
07/05/2019,9.20,9.20,9.20,9.20,1 040,9 568,-1.08%
03/05/2019,9.30,9.30,9.30,9.30,10,93,-1.80%
30/04/2019,9.47,9.47,9.47,9.47,2,19,2.93%
29/04/2019,9.20,9.20,9.20,9.20,1 500,13 800,-2.02%
26/04/2019,9.39,9.68,9.68,9.39,425,4 052,-0.21%
25/04/2019,9.41,9.68,9.68,9.41,1 680,16 036,-5.99%
24/04/2019,10.01,10.01,10.01,10.01,700,7 007,0.00%
23/04/2019,10.01,10.01,10.01,10.01,471,4 715,0.00%
22/04/2019,10.01,10.01,10.01,10.01,3 360,33 634,-2.44%
19/04/2019,10.26,10.26,10.26,10.26,5,51,2.50%
18/04/2019,10.01,10.01,10.01,10.01,733,7 337,-2.53%
17/04/2019,10.27,10.01,10.27,10.01,2 378,24 113,2.39%
16/04/2019,10.03,10.01,10.03,10.01,4 000,40 080,0.20%
15/04/2019,10.01,10.01,10.01,10.01,9 088,90 971,-2.53%
12/04/2019,10.27,10.27,10.27,10.27,40,411,2.70%
11/04/2019,10.00,10.00,10.00,10.00,1 250,12 500,-2.63%
05/04/2019,10.27,10.27,10.27,10.02,213,2 161,1.58%
02/04/2019,10.11,10.10,10.11,10.10,1 211,12 237,0.10%
01/04/2019,10.10,10.10,10.10,10.10,10 157,102 586,0.00%
29/03/2019,10.10,10.11,10.30,10.10,6 450,65 790,-2.60%
28/03/2019,10.37,10.37,10.37,10.37,1 000,10 370,-2.90%
27/03/2019,10.68,10.68,10.68,10.68,140,1 495,2.99%
26/03/2019,10.37,10.37,10.37,10.37,78,809,-2.90%
25/03/2019,10.68,10.68,10.68,10.68,22,235,-3.00%
22/03/2019,11.01,11.01,11.01,11.01,50,551,2.42%
21/03/2019,10.75,10.75,10.75,10.75,50,538,-2.89%
19/03/2019,11.07,11.07,11.07,11.07,20,221,5.83%
18/03/2019,10.46,10.46,10.46,10.46,90,941,-5.77%
12/03/2019,11.10,11.10,11.10,11.10,1 949,21 634,-2.55%
08/03/2019,11.39,11.39,11.39,11.39,10,114,2.98%
07/03/2019,11.06,11.40,11.40,11.06,2 063,23 167,-0.09%
06/03/2019,11.07,11.40,11.40,11.06,3 489,39 181,-2.89%
05/03/2019,11.40,11.68,11.68,11.40,3 046,35 151,-2.56%
04/03/2019,11.70,11.70,11.70,11.70,5 155,60 313,2.63%
01/03/2019,11.40,11.40,11.70,11.40,4 110,47 471,0.00%
28/02/2019,11.40,11.40,11.40,11.40,4 103,46 774,6.94%
27/02/2019,10.66,10.66,10.66,10.66,1 500,15 990,0.57%
26/02/2019,10.60,10.30,10.60,10.30,14 939,156 113,4.02%
25/02/2019,10.19,10.00,10.19,10.00,3 560,35 938,1.90%
21/02/2019,10.00,9.90,10.00,9.90,2 063,20 527,3.63%
20/02/2019,9.65,9.65,9.65,9.65,500,4 825,0.00%
19/02/2019,9.65,9.52,9.65,9.52,714,6 844,0.00%
18/02/2019,9.65,9.65,9.65,9.65,150,1 448,0.00%
15/02/2019,9.65,9.65,9.65,9.65,165,1 592,0.00%
14/02/2019,9.65,9.65,9.65,9.65,85,820,1.47%
13/02/2019,9.51,9.51,9.51,9.51,231,2 197,-0.31%
12/02/2019,9.54,9.54,9.54,9.54,1 557,14 854,-1.65%
23/01/2019,9.70,9.70,9.70,9.70,200,1 940,-0.10%
21/01/2019,9.71,9.71,9.71,9.71,46,447,-2.61%
17/01/2019,9.97,9.97,9.97,9.97,27,269,2.78%
16/01/2019,9.70,9.70,9.70,9.70,50,485,0.00%
11/01/2019,9.70,9.70,9.70,9.70,450,4 365,-2.71%
09/01/2019,9.97,9.97,9.97,9.97,13,130,-0.20%
08/01/2019,9.99,9.99,9.99,9.99,88,879,2.99%
07/01/2019,9.70,9.70,9.70,9.70,100,970,0.10%
04/01/2019,9.69,9.69,9.69,9.69,200,1 938,-3.10%
31/12/2018,10.00,10.00,10.00,10.00,1 500,15 000,0.00%
28/12/2018,10.00,10.00,10.00,10.00,2 000,20 000,0.20%
24/12/2018,9.98,9.98,9.98,9.98,600,5 988,2.89%
20/12/2018,9.70,9.70,9.70,9.70,51,495,0.00%
18/12/2018,9.70,9.70,9.70,9.70,8,78,2.65%
14/12/2018,9.45,9.45,9.45,9.45,600,5 670,0.00%
11/12/2018,9.45,9.47,9.47,9.45,8 746,82 737,0.00%
10/12/2018,9.45,9.45,9.45,9.45,100,945,-2.58%
06/12/2018,9.70,9.45,9.70,9.45,322,3 083,-0.31%
05/12/2018,9.73,9.45,9.73,9.45,495,4 747,0.31%
04/12/2018,9.70,9.70,9.70,9.70,1 164,11 291,0.00%
03/12/2018,9.70,9.70,9.70,9.70,154,1 494,-0.41%
30/11/2018,9.74,9.74,9.74,9.74,1 446,14 084,0.00%
27/11/2018,9.74,9.74,9.74,9.74,1 522,14 824,-0.51%
21/11/2018,9.96,9.96,9.96,9.96,200,1 992,5.29%
19/11/2018,9.46,9.46,9.46,9.46,877,8 296,0.11%
15/11/2018,9.45,9.45,9.45,9.45,155,1 465,0.00%
14/11/2018,9.45,9.45,9.45,9.45,742,7 012,0.00%
13/11/2018,9.45,9.45,9.45,9.45,1 006,9 507,-1.66%
12/11/2018,9.61,9.61,9.61,9.61,300,2 883,0.00%
09/11/2018,9.61,9.61,9.61,9.61,160,1 538,0.00%
08/11/2018,9.61,9.61,9.61,9.61,2 835,27 244,0.00%
07/11/2018,9.61,9.61,9.61,9.61,1 000,9 610,-0.93%
06/11/2018,9.70,9.70,9.70,9.70,280,2 716,0.94%
05/11/2018,9.61,9.61,9.61,9.61,200,1 922,-0.83%
02/11/2018,9.69,9.69,9.69,9.69,1 146,11 105,-0.10%
31/10/2018,9.70,9.70,9.70,9.70,445,4 317,0.00%
30/10/2018,9.70,9.70,9.70,9.70,381,3 696,0.00%
29/10/2018,9.70,9.70,9.70,9.70,70,679,-2.02%
22/10/2018,9.90,9.90,9.90,9.90,250,2 475,2.91%
17/10/2018,9.62,9.75,9.75,9.62,2 113,20 464,-1.43%
12/10/2018,9.76,9.76,9.76,9.76,656,6 403,0.00%
11/10/2018,9.76,9.76,9.76,9.76,50,488,-2.69%
10/10/2018,10.03,10.03,10.03,10.03,60,602,0.00%
08/10/2018,10.03,10.03,10.03,10.03,100,1 003,-0.20%
04/10/2018,10.05,10.05,10.05,10.05,1 400,14 070,4.47%
03/10/2018,9.62,9.62,9.62,9.62,1,10,-3.80%
02/10/2018,10.00,10.00,10.00,10.00,101,1 010,0.00%
27/09/2018,10.00,9.95,10.00,9.95,400,3 990,3.41%
25/09/2018,9.67,9.67,9.67,9.67,629,6 082,0.00%
24/09/2018,9.67,9.67,9.67,9.67,500,4 835,-2.32%
20/09/2018,9.90,9.90,9.90,9.90,200,1 980,0.00%
18/09/2018,9.90,9.90,9.90,9.90,1 200,11 880,-1.00%
14/09/2018,10.00,10.00,10.00,10.00,100,1 000,0.00%
12/09/2018,10.00,10.00,10.00,10.00,1 423,14 230,0.00%
10/09/2018,10.00,10.00,10.00,10.00,544,5 440,-1.28%
06/09/2018,10.13,10.13,10.13,10.13,456,4 619,-2.41%
04/09/2018,10.38,10.38,10.38,10.38,200,2 076,2.67%
03/09/2018,10.11,10.11,10.11,10.11,550,5 561,-0.88%
30/08/2018,10.20,10.20,10.20,10.20,1 300,13 260,0.00%
29/08/2018,10.20,10.20,10.20,10.20,2 500,25 500,0.00%
28/08/2018,10.20,10.20,10.20,10.20,5,51,0.00%
23/08/2018,10.38,10.38,10.38,10.38,1 172,12 165,1.07%
17/08/2018,10.27,9.98,10.27,9.98,3 389,34 314,4.26%
16/08/2018,9.85,9.85,9.85,9.85,50,493,2.39%
15/08/2018,9.62,9.62,9.62,9.62,486,4 675,-2.83%
10/08/2018,9.90,9.90,9.90,9.90,65,644,0.00%
03/08/2018,9.90,9.90,9.90,9.90,1 270,12 573,0.00%
02/08/2018,9.90,9.90,9.90,9.90,1 601,15 850,-1.69%
31/07/2018,10.07,10.07,10.07,10.07,112,1 128,0.00%
30/07/2018,10.07,10.07,10.07,10.07,38,383,0.00%
27/07/2018,10.07,10.08,10.08,10.07,248,2 499,-0.10%
26/07/2018,10.08,10.08,10.08,10.08,1 000,10 080,0.10%
24/07/2018,10.07,10.07,10.07,10.07,140,1 410,0.00%
23/07/2018,10.07,10.07,10.07,10.07,122,1 229,0.00%
20/07/2018,10.07,10.07,10.07,10.07,750,7 553,0.00%
18/07/2018,10.07,10.07,10.07,10.07,50,504,-0.79%
17/07/2018,10.15,10.15,10.15,10.15,115,1 167,-2.22%
16/07/2018,10.38,10.38,10.38,10.38,100,1 038,0.00%
13/07/2018,10.38,10.38,10.38,10.38,991,10 287,0.58%
12/07/2018,10.32,10.32,10.32,10.32,540,5 573,2.69%
11/07/2018,10.05,10.05,10.05,10.05,121,1 216,-0.10%
10/07/2018,10.06,10.00,10.06,10.00,1 379,13 831,0.00%
09/07/2018,10.06,10.08,10.08,10.06,981,9 879,-0.59%
06/07/2018,10.12,10.12,10.12,10.12,1 000,10 120,-2.69%
29/06/2018,10.40,10.40,10.40,10.40,409,4 254,0.29%
28/06/2018,10.37,10.37,10.37,10.37,3 240,33 599,6.03%
27/06/2018,9.78,9.78,9.78,9.78,100,978,1.87%
26/06/2018,9.60,9.50,9.60,9.50,1 075,10 266,1.05%
25/06/2018,9.50,9.40,9.50,9.40,1 956,18 484,2.81%
22/06/2018,9.24,9.01,9.24,9.01,2 858,26 079,2.67%
21/06/2018,9.00,8.98,9.00,8.98,3 300,29 667,0.11%
20/06/2018,8.99,8.61,8.99,8.61,3 648,32 102,5.89%
18/06/2018,8.49,8.48,8.49,8.48,6 020,51 080,2.91%
14/06/2018,8.25,8.25,8.25,8.25,50,413,0.00%
12/06/2018,8.25,8.25,8.25,8.25,3 437,28 355,0.00%
11/06/2018,8.25,8.25,8.25,8.25,1 000,8 250,0.00%
08/06/2018,8.25,8.25,8.25,8.25,825,6 806,-0.12%
07/06/2018,8.26,8.26,8.26,8.26,1 033,8 533,-2.71%
05/06/2018,8.49,8.49,8.49,8.49,180,1 528,-0.12%
04/06/2018,8.50,8.50,8.50,8.50,500,4 250,0.12%
01/06/2018,8.49,8.49,8.49,8.49,1 260,10 697,1.07%
31/05/2018,8.40,8.40,8.40,8.40,600,5 040,-2.44%
30/05/2018,8.61,8.62,8.62,8.61,1 500,12 922,0.12%
29/05/2018,8.60,8.60,8.60,8.60,300,2 580,-0.12%
28/05/2018,8.61,8.61,8.61,8.61,15,129,4.36%
24/05/2018,8.25,8.25,8.25,8.25,100,825,0.00%
23/05/2018,8.25,8.25,8.25,8.25,300,2 475,-2.25%
22/05/2018,8.44,8.44,8.44,8.44,1 000,8 440,0.12%
21/05/2018,8.43,8.43,8.43,8.43,676,5 699,0.00%
17/05/2018,8.43,8.43,8.43,8.43,20,169,2.80%
16/05/2018,8.20,8.20,8.20,8.20,1 112,9 118,0.00%
15/05/2018,8.20,8.20,8.20,8.20,70,574,0.00%
14/05/2018,8.20,8.20,8.20,8.20,400,3 280,0.00%
11/05/2018,8.20,8.20,8.20,8.20,2 631,21 574,1.86%
10/05/2018,8.05,8.00,8.05,8.00,1 050,8 426,0.63%
09/05/2018,8.00,8.00,8.00,8.00,100,800,0.00%
08/05/2018,8.00,8.00,8.00,8.00,560 576,4 484 608,-0.62%
07/05/2018,8.05,8.05,8.05,8.05,10,81,0.00%
04/05/2018,8.05,8.05,8.05,8.05,55,443,0.00%
03/05/2018,8.05,8.05,8.05,8.05,97,781,0.50%
02/05/2018,8.01,8.00,8.01,8.00,2 237,17 907,-0.50%
27/04/2018,8.05,8.05,8.05,8.05,30,242,1.90%
25/04/2018,7.90,7.90,7.90,7.90,100,790,0.00%
24/04/2018,7.90,7.90,7.90,7.90,200,1 580,0.00%
20/04/2018,7.90,7.90,7.90,7.90,405,3 200,-0.88%
19/04/2018,7.97,7.97,7.97,7.97,516,4 113,-9.02%
18/04/2018,8.76,8.76,8.76,8.76,3,26,3.06%
17/04/2018,8.50,8.49,8.50,8.49,759,6 448,0.00%
16/04/2018,8.50,8.50,8.50,8.50,6,51,1.55%
13/04/2018,8.37,8.37,8.37,8.37,190,1 590,0.12%
11/04/2018,8.36,8.36,8.36,8.36,1 251,10 458,-0.36%
10/04/2018,8.39,8.40,8.40,8.39,14 188,119 108,-2.44%
06/04/2018,8.60,8.60,8.60,8.60,108,929,0.00%
05/04/2018,8.60,8.60,8.60,8.60,100,860,0.00%
04/04/2018,8.60,8.60,8.60,8.60,1 225,10 535,-1.15%
02/04/2018,8.70,8.70,8.70,8.70,71,618,-1.25%
22/03/2018,8.81,8.81,8.81,8.81,2 800,24 668,0.00%
21/03/2018,8.81,8.81,8.81,8.81,55,485,0.11%
19/03/2018,8.80,8.80,8.80,8.80,220,1 936,-1.12%
14/03/2018,8.90,8.90,8.90,8.90,200,1 780,-1.11%
13/03/2018,9.00,9.00,9.00,9.00,3 847,34 623,-0.33%
08/03/2018,9.03,9.03,9.03,9.03,254,2 294,0.00%
07/03/2018,9.03,9.03,9.03,9.03,631,5 698,0.00%
06/03/2018,9.03,9.03,9.03,9.03,500,4 515,-0.33%
05/03/2018,9.06,9.06,9.06,9.06,31,281,-2.58%
02/03/2018,9.30,9.30,9.30,9.30,5 516,51 299,-0.96%
01/03/2018,9.39,9.30,9.39,9.03,3 710,34 169,-0.21%
28/02/2018,9.41,9.41,9.41,9.41,1 178,11 085,4.44%
27/02/2018,9.01,9.01,9.01,9.01,200,1 802,3.68%
22/02/2018,8.40,8.20,8.40,8.20,9 300,77 190,2.44%
21/02/2018,8.20,8.20,8.20,8.20,2 441,20 016,0.00%
20/02/2018,8.20,8.20,8.20,8.20,250,2 050,0.00%
19/02/2018,8.20,8.11,8.20,8.11,4 780,38 981,1.11%
14/02/2018,8.11,8.11,8.11,8.11,691,5 604,0.00%
08/02/2018,8.11,8.11,8.11,8.11,500,4 055,1.25%
07/02/2018,8.01,8.01,8.01,8.01,500,4 005,-1.23%
06/02/2018,8.11,8.11,8.11,8.11,257,2 084,0.00%
05/02/2018,8.11,8.11,8.11,8.11,1 500,12 165,-1.10%
02/02/2018,8.20,8.11,8.20,8.11,401,3 270,0.00%
01/02/2018,8.20,8.20,8.20,8.20,5 975,48 995,0.12%
31/01/2018,8.19,8.19,8.19,8.19,704,5 766,-0.12%
29/01/2018,8.20,8.20,8.20,8.20,511,4 190,0.00%
26/01/2018,8.20,8.20,8.20,8.20,16,131,0.00%
24/01/2018,8.20,8.20,8.20,8.20,652,5 346,1.23%
23/01/2018,8.10,8.10,8.10,8.10,500,4 050,-0.61%
22/01/2018,8.15,8.15,8.15,8.15,20,163,0.00%
19/01/2018,8.15,8.15,8.15,8.15,380,3 097,0.00%
18/01/2018,8.15,8.15,8.15,8.15,50,408,0.00%
17/01/2018,8.15,8.15,8.15,8.15,820,6 683,0.00%
16/01/2018,8.15,8.10,8.15,8.10,785,6 378,0.00%
15/01/2018,8.15,8.10,8.15,8.10,437,3 551,0.00%
12/01/2018,8.15,8.20,8.20,8.15,500,4 088,-0.61%
08/01/2018,8.20,8.20,8.20,8.20,3,25,1.23%
03/01/2018,8.10,8.10,8.10,8.10,67,543,-1.22%
29/12/2017,8.20,8.20,8.20,8.20,200,1 640,0.00%
28/12/2017,8.20,8.20,8.20,8.20,300,2 460,-2.38%
27/12/2017,8.40,8.40,8.40,8.40,351,2 948,0.12%
25/12/2017,8.39,8.39,8.39,8.39,200,1 678,0.00%
21/12/2017,8.39,8.39,8.39,8.39,1 910,16 025,-0.12%
12/12/2017,8.40,8.40,8.40,8.40,258,2 167,0.00%
08/12/2017,8.40,8.40,8.40,8.40,771,6 476,0.00%
07/12/2017,8.40,8.40,8.40,8.40,170,1 428,0.00%
30/11/2017,8.40,8.40,8.40,8.40,2 000,16 800,1.20%
20/11/2017,8.20,8.20,8.20,8.20,33,271,0.00%
15/11/2017,8.20,8.20,8.20,8.20,2 000,16 400,0.00%
14/11/2017,8.20,8.20,8.20,8.20,6 128,50 250,0.00%
10/11/2017,8.20,8.20,8.20,8.20,125,1 025,0.12%
08/11/2017,8.19,8.19,8.19,8.19,872,7 142,-0.12%
07/11/2017,8.20,8.20,8.20,8.20,1 902,15 596,0.00%
06/11/2017,8.20,8.20,8.20,8.20,16,131,0.00%
03/11/2017,8.20,8.20,8.20,8.20,2 800,22 960,0.00%
02/11/2017,8.20,8.20,8.20,8.20,4 910,40 262,0.00%
25/10/2017,8.20,8.20,8.20,8.20,90,738,0.00%
23/10/2017,8.20,8.20,8.20,8.20,635,5 207,0.00%
20/10/2017,8.20,8.20,8.20,8.20,3 500,28 700,0.00%
19/10/2017,8.20,8.20,8.20,8.20,1 180,9 676,0.00%
18/10/2017,8.20,8.20,8.20,8.20,630,5 166,0.00%
13/10/2017,8.20,8.20,8.20,8.20,50,410,0.00%
12/10/2017,8.20,8.20,8.20,8.20,1 000,8 200,0.00%
11/10/2017,8.20,8.20,8.20,8.20,150,1 230,0.00%
10/10/2017,8.20,8.20,8.20,8.20,1 200,9 840,0.00%
09/10/2017,8.20,8.20,8.20,8.20,87,713,0.00%
04/10/2017,8.20,8.20,8.20,8.20,900,7 380,0.00%
02/10/2017,8.20,8.20,8.20,8.20,200,1 640,0.00%
29/09/2017,8.20,8.20,8.20,8.20,378,3 100,-0.12%
26/09/2017,8.21,8.21,8.21,8.21,518,4 253,-0.24%
19/09/2017,8.23,8.23,8.23,8.23,26,214,-0.12%
12/09/2017,8.24,8.24,8.24,8.24,50,412,0.00%
11/09/2017,8.24,8.24,8.24,8.24,200,1 648,0.00%
07/09/2017,8.24,8.24,8.24,8.24,436,3 593,0.12%
05/09/2017,8.23,8.23,8.23,8.23,400,3 292,2.88%
04/09/2017,8.00,8.00,8.00,8.00,500,4 000,0.00%
21/08/2017,8.24,8.24,8.24,8.24,146,1 203,0.00%
11/08/2017,8.24,8.24,8.24,8.24,1,8,0.00%
10/08/2017,8.24,8.24,8.24,8.24,3,25,3.00%
07/08/2017,8.00,8.00,8.00,8.00,28,224,0.00%
04/08/2017,8.00,8.00,8.00,8.00,70,560,0.00%
03/08/2017,8.00,8.00,8.00,8.00,420,3 360,0.00%
31/07/2017,8.00,8.00,8.00,8.00,1,8,0.00%
26/07/2017,8.00,8.00,8.00,8.00,200,1 600,0.00%
24/07/2017,8.00,8.00,8.00,8.00,2 087,16 696,-5.21%
13/07/2017,8.44,8.44,8.44,8.44,140,1 182,0.48%
12/07/2017,8.40,8.34,8.40,8.34,76,636,0.72%
10/07/2017,8.34,8.33,8.34,8.33,632,5 268,0.00%
07/07/2017,8.34,8.34,8.34,8.34,424,3 536,0.12%
04/07/2017,8.33,8.09,8.33,8.09,181,1 486,-0.12%
30/06/2017,8.34,8.34,8.34,8.34,1 000,8 340,-0.12%
29/06/2017,8.35,8.35,8.35,8.35,70,585,4.24%
21/06/2017,8.01,8.01,8.01,8.01,10,80,-1.11%
20/06/2017,8.10,8.10,8.10,8.10,218,1 766,0.00%
14/06/2017,8.10,8.10,8.10,8.10,100,810,1.25%
13/06/2017,8.00,8.00,8.00,8.00,335,2 680,0.00%
12/06/2017,8.00,8.00,8.00,8.00,5 358,42 864,0.00%
09/06/2017,8.00,8.00,8.00,8.00,6 102,48 816,0.00%
08/06/2017,8.00,8.00,8.00,8.00,22,176,-1.23%
07/06/2017,8.10,8.10,8.10,8.10,400,3 240,0.00%
23/05/2017,8.35,8.35,8.35,8.35,55,459,1.83%
15/05/2017,8.20,8.20,8.20,8.20,5,41,2.50%
12/05/2017,8.00,8.00,8.00,8.00,19 941,159 528,0.00%
11/05/2017,8.00,8.00,8.00,8.00,25 154,201 232,0.00%
10/05/2017,8.00,8.00,8.00,8.00,23 754,190 032,0.00%
09/05/2017,8.00,8.00,8.00,8.00,21 129,169 032,0.00%
08/05/2017,8.00,8.00,8.00,8.00,11 107,88 856,0.00%
05/05/2017,8.00,8.00,8.00,8.00,4 000,32 000,0.00%
04/05/2017,8.00,8.00,8.00,8.00,5 000,40 000,0.00%
03/05/2017,8.00,8.00,8.00,8.00,200,1 600,0.00%
02/05/2017,8.00,8.00,8.00,8.00,343,2 744,0.00%
28/04/2017,8.00,8.00,8.00,8.00,466,3 728,-2.44%
27/04/2017,8.20,8.19,8.20,8.19,280,2 295,2.50%
26/04/2017,8.00,8.00,8.00,8.00,1 898,15 184,-2.44%
25/04/2017,8.20,8.00,8.20,8.00,3 100,25 110,2.50%
24/04/2017,8.00,8.00,8.00,8.00,550,4 400,-2.44%
21/04/2017,8.20,8.20,8.20,8.20,1 000,8 200,-0.85%
18/04/2017,8.27,8.65,8.65,8.27,1 100,9 306,-0.36%
12/04/2017,8.30,8.30,8.30,8.30,413,3 428,0.00%
10/04/2017,8.30,8.30,8.30,8.30,270,2 241,-2.35%
07/04/2017,8.50,8.54,8.54,8.50,275,2 343,2.41%
06/04/2017,8.30,8.30,8.30,8.30,1 250,10 375,-1.66%
05/04/2017,8.44,8.20,8.44,8.20,61,508,4.20%
04/04/2017,8.10,8.10,8.10,8.10,1 000,8 100,-2.41%
29/03/2017,8.30,8.30,8.30,8.30,20,166,0.00%
28/03/2017,8.30,8.30,8.30,8.30,100,830,0.00%
27/03/2017,8.30,8.30,8.30,8.30,50,415,0.00%
24/03/2017,8.30,8.40,8.40,8.30,1 850,15 448,1.22%
22/03/2017,8.20,8.20,8.20,8.20,30,246,2.24%
21/03/2017,8.02,8.02,8.02,8.02,1 000,8 020,-3.37%
16/03/2017,8.30,8.32,8.32,8.30,11 171,92 831,-0.36%
15/03/2017,8.33,8.33,8.33,8.33,4 577,38 126,0.00%
14/03/2017,8.33,8.31,8.33,8.31,2 479,20 625,0.85%
13/03/2017,8.26,8.26,8.26,8.26,1 000,8 260,-2.94%
10/03/2017,8.51,8.51,8.51,8.51,499,4 246,0.00%
09/03/2017,8.51,8.50,8.51,8.50,2 211,18 805,-2.85%
08/03/2017,8.76,8.76,8.76,8.76,70,613,0.00%
07/03/2017,8.76,8.76,8.76,8.76,130,1 139,1.15%
06/03/2017,8.66,8.66,8.66,8.66,466,4 036,0.00%
03/03/2017,8.66,8.65,8.66,8.65,1 221,10 568,0.12%
02/03/2017,8.65,8.65,8.65,8.65,4 719,40 819,0.82%
01/03/2017,8.58,8.58,8.58,8.58,304,2 608,1.54%
21/02/2017,8.71,8.71,8.71,8.71,349,3 040,-0.34%
17/02/2017,8.74,8.74,8.74,8.74,85,743,2.82%
15/02/2017,8.50,8.55,8.55,8.50,3 317,28 277,-0.35%
14/02/2017,8.53,8.53,8.53,8.53,15,128,-2.96%
13/02/2017,8.79,8.79,8.79,8.79,25,220,0.00%
10/02/2017,8.79,8.79,8.79,8.79,170,1 494,1.03%
08/02/2017,8.70,8.70,8.70,8.70,46,400,0.00%
07/02/2017,8.70,8.54,8.70,8.54,1 005,8 663,-1.14%
03/02/2017,8.80,8.80,8.80,8.80,1 079,9 495,0.00%
02/02/2017,8.80,8.80,8.80,8.80,32,282,0.80%
30/01/2017,8.73,8.73,8.73,8.73,530,4 627,-2.89%
25/01/2017,8.99,8.99,8.99,8.99,1,9,0.00%
19/01/2017,8.99,8.99,8.99,8.99,155,1 393,0.90%
18/01/2017,8.91,8.91,8.91,8.91,21,187,0.11%
17/01/2017,8.90,8.90,8.90,8.90,34,303,1.60%
12/01/2017,8.76,8.90,8.90,8.76,245,2 163,0.34%
10/01/2017,8.73,8.73,8.73,8.73,110,960,-1.58%
09/01/2017,8.87,8.87,8.87,8.87,20,177,2.90%
06/01/2017,8.62,8.62,8.62,8.62,105,905,0.12%
05/01/2017,8.61,8.61,8.61,8.61,517,4 451,0.00%
03/01/2017,8.61,8.61,8.61,8.61,386,3 323,0.23%
02/01/2017,8.59,8.59,8.59,8.59,200,1 718,-2.94%
30/12/2016,8.85,9.11,9.11,8.85,2 392,21 480,-5.55%
29/12/2016,9.37,9.39,9.39,9.37,250,2 345,-0.21%
28/12/2016,9.39,9.39,9.39,9.39,750,7 043,0.21%
27/12/2016,9.37,9.37,9.37,9.37,780,7 309,0.11%
26/12/2016,9.36,9.36,9.36,9.36,159,1 488,-2.90%
21/12/2016,9.64,9.64,9.64,9.64,304,2 931,-1.13%
16/12/2016,9.75,9.75,9.75,9.75,55,536,-4.41%
14/12/2016,10.20,10.20,10.20,10.20,50,510,2.93%
13/12/2016,9.91,9.91,9.91,9.91,301,2 983,-1.88%
09/12/2016,10.10,10.10,10.10,10.10,250,2 525,-0.98%
07/12/2016,10.20,10.20,10.20,10.20,9,92,0.99%
06/12/2016,10.10,10.10,10.10,10.10,80,808,-2.88%
05/12/2016,10.40,10.40,10.40,10.40,540,5 616,0.00%
01/12/2016,10.40,10.40,10.40,10.40,10,104,2.46%
30/11/2016,10.15,10.15,10.15,10.15,937,9 511,0.00%
29/11/2016,10.15,10.15,10.15,10.15,1 200,12 180,1.50%
28/11/2016,10.00,10.00,10.00,10.00,1 481,14 810,0.10%
24/11/2016,9.99,9.99,9.99,9.99,3 073,30 699,-0.10%
23/11/2016,10.00,10.00,10.00,10.00,1 293,12 930,0.00%
22/11/2016,10.00,10.00,10.00,10.00,3 148,31 480,0.00%
21/11/2016,10.00,10.00,10.00,10.00,1 914,19 140,-0.20%
18/11/2016,10.02,10.02,10.02,10.02,951,9 529,0.00%
11/11/2016,10.02,10.02,10.02,10.02,25,251,0.00%
09/11/2016,10.02,10.04,10.04,10.02,1 547,15 516,0.00%
08/11/2016,10.02,10.00,10.02,10.00,156,1 562,0.20%
07/11/2016,10.00,10.00,10.00,10.00,2 042,20 420,-0.20%
04/11/2016,10.02,10.02,10.02,10.02,87,872,-2.72%
01/11/2016,10.30,10.30,10.30,10.30,50,515,-0.19%
31/10/2016,10.32,10.30,10.32,10.30,6 050,62 376,-0.77%
28/10/2016,10.40,10.40,10.40,10.40,600,6 240,0.00%
26/10/2016,10.40,10.40,10.40,10.40,288,2 995,0.00%
24/10/2016,10.40,10.40,10.40,10.40,10,104,0.00%
21/10/2016,10.40,10.68,10.68,10.40,6 434,67 814,-0.48%
17/10/2016,10.45,10.45,10.45,10.45,50,523,-0.10%
14/10/2016,10.46,10.46,10.46,10.46,450,4 707,-0.10%
13/10/2016,10.47,10.46,10.47,10.46,504,5 274,0.10%
12/10/2016,10.46,10.46,10.46,10.46,679,7 102,0.48%
07/10/2016,10.41,10.41,10.41,10.41,50,521,0.10%
05/10/2016,10.40,10.40,10.40,10.40,1 749,18 190,-0.95%
04/10/2016,10.50,10.50,10.50,10.50,1 943,20 402,0.00%
30/09/2016,10.50,10.50,10.50,10.50,1 588,16 674,0.96%
29/09/2016,10.40,10.40,10.40,10.40,100,1 040,-0.10%
28/09/2016,10.41,10.46,10.46,10.41,2 034,21 225,-1.70%
27/09/2016,10.59,10.45,10.59,10.45,651,6 849,1.34%
26/09/2016,10.45,10.45,10.45,10.45,1 203,12 571,0.00%
23/09/2016,10.45,10.50,10.50,10.45,4 692,49 149,-0.48%
21/09/2016,10.50,10.50,10.50,10.50,30,315,0.00%
20/09/2016,10.50,10.50,10.50,10.40,4 830,50 474,-0.94%
19/09/2016,10.60,10.60,10.60,10.60,677,7 176,0.00%
16/09/2016,10.60,10.60,10.60,10.60,6 472,68 603,0.00%
08/09/2016,10.60,10.60,10.60,10.60,1 823,19 324,0.00%
07/09/2016,10.60,10.75,10.75,10.60,989,10 558,-1.40%
06/09/2016,10.75,10.75,10.75,10.75,3 000,32 250,1.42%
05/09/2016,10.60,10.60,10.60,10.60,435,4 611,-0.93%
02/09/2016,10.70,10.70,10.70,10.70,3 571,38 210,-0.28%
01/09/2016,10.73,10.73,10.73,10.73,25,268,-0.65%
30/08/2016,10.80,10.80,10.80,10.80,3 080,33 264,0.00%
29/08/2016,10.80,10.80,10.80,10.80,500,5 400,-0.92%
25/08/2016,10.90,10.90,10.90,10.90,1 442,15 718,0.00%
24/08/2016,10.90,10.90,10.90,10.90,295,3 216,0.00%
22/08/2016,10.90,10.90,10.90,10.90,465,5 069,-0.82%
17/08/2016,10.99,10.99,10.99,10.99,1 075,11 814,-0.99%
16/08/2016,11.10,11.10,11.10,11.10,623,6 915,0.00%
15/08/2016,11.10,11.10,11.10,11.10,492,5 461,-0.89%
10/08/2016,11.20,11.20,11.20,11.20,1 948,21 818,0.00%
09/08/2016,11.20,11.30,11.30,11.20,1 300,14 625,-0.88%
04/08/2016,11.30,11.30,11.30,11.30,1 000,11 300,-0.88%
03/08/2016,11.40,11.40,11.40,11.40,150,1 710,0.00%
02/08/2016,11.40,11.40,11.40,11.40,2 315,26 391,-1.72%
28/07/2016,11.60,11.60,11.60,11.60,267,3 097,0.09%
27/07/2016,11.59,11.60,11.60,11.59,2 225,25 799,1.67%
21/07/2016,11.40,11.40,11.40,11.40,685,7 809,-3.39%
18/07/2016,11.80,11.80,11.80,11.80,55,649,2.61%
08/07/2016,11.50,11.50,11.50,11.50,2 003,23 035,-1.71%
04/07/2016,11.70,11.70,11.70,11.70,1 000,11 700,-0.85%
01/07/2016,11.80,11.80,11.80,11.80,1 000,11 800,0.00%
28/06/2016,11.80,11.80,11.80,11.80,20,236,0.00%
24/06/2016,11.80,11.80,11.80,11.80,328,3 870,0.00%
23/06/2016,11.80,11.80,11.80,11.80,2 000,23 600,0.08%
21/06/2016,11.79,11.79,11.79,11.79,400,4 716,-0.08%
20/06/2016,11.80,11.80,11.80,11.80,1 470,17 346,0.00%
16/06/2016,11.80,11.80,11.80,11.80,2 400,28 320,1.20%
15/06/2016,11.66,11.66,11.66,11.66,262,3 055,2.91%
14/06/2016,11.33,11.33,11.33,11.33,312,3 535,3.00%
10/06/2016,11.00,11.00,11.00,11.00,1,11,-1.79%
09/06/2016,11.20,11.20,11.20,11.20,5 130,57 456,-5.08%
08/06/2016,11.80,11.80,11.80,11.80,1 330,15 694,0.00%
03/06/2016,11.80,11.90,11.90,11.80,3 450,40 883,-1.67%
02/06/2016,12.00,12.00,12.00,12.00,50,600,0.00%
01/06/2016,12.00,12.00,12.00,12.00,720,8 640,0.76%
31/05/2016,11.91,11.91,11.91,11.91,385,4 585,0.08%
30/05/2016,11.90,11.90,11.90,11.90,82,976,-3.09%
24/05/2016,12.32,12.32,12.32,12.32,450,5 544,-0.32%
19/05/2016,12.36,12.36,12.36,12.36,1,12,3.00%
18/05/2016,12.00,12.00,12.00,12.00,100,1 200,-0.99%
11/05/2016,12.12,12.12,12.12,12.12,175,2 121,0.00%
10/05/2016,12.12,11.91,12.12,11.91,84,1 009,-1.06%
09/05/2016,12.25,11.91,12.25,11.91,501,6 052,2.94%
06/05/2016,11.90,12.00,12.00,11.90,1 667,19 921,-0.83%
05/05/2016,12.00,12.00,12.00,12.00,259,3 108,-0.08%
04/05/2016,12.01,12.01,12.01,12.01,160,1 922,0.08%
03/05/2016,12.00,12.00,12.00,12.00,1 941,23 292,-1.15%
02/05/2016,12.14,12.14,12.14,12.14,541,6 568,0.00%
22/04/2016,12.14,12.14,12.14,12.14,2 200,26 708,-0.08%
21/04/2016,12.15,12.15,12.15,12.15,2 425,29 464,0.00%
20/04/2016,12.15,12.15,12.15,12.15,521,6 330,0.00%
18/04/2016,12.15,12.15,12.15,12.15,500,6 075,0.00%
15/04/2016,12.15,12.15,12.15,12.15,1 000,12 150,-0.25%
14/04/2016,12.18,12.18,12.18,12.18,474,5 773,-0.08%
13/04/2016,12.19,12.19,12.19,12.19,8,98,0.08%
12/04/2016,12.18,12.15,12.18,12.15,1 152,14 014,0.25%
08/04/2016,12.15,12.15,12.15,12.15,617,7 497,-4.18%
07/04/2016,12.68,12.68,12.68,12.68,753,9 548,-0.08%
06/04/2016,12.69,12.69,12.69,12.69,500,6 345,0.08%
05/04/2016,12.68,12.70,12.70,12.68,1 495,18 972,-0.16%
04/04/2016,12.70,12.70,12.70,12.70,509,6 464,0.00%
01/04/2016,12.70,12.70,12.70,12.70,1 134,14 402,0.00%
29/03/2016,12.70,12.70,12.70,12.70,200,2 540,-2.31%
24/03/2016,13.00,13.00,13.00,13.00,315,4 095,0.00%
23/03/2016,13.00,13.00,13.00,13.00,543,7 059,-0.15%
22/03/2016,13.02,13.02,13.02,13.02,7,91,0.00%
21/03/2016,13.02,13.02,13.02,13.02,1 000,13 020,-1.36%
17/03/2016,13.20,13.20,13.20,13.20,300,3 960,0.00%
16/03/2016,13.20,13.20,13.20,13.20,810,10 692,0.00%
15/03/2016,13.20,13.20,13.20,13.20,1 058,13 966,-2.15%
11/03/2016,13.49,13.50,13.50,13.49,2 040,27 530,-0.07%
08/03/2016,13.50,13.50,13.50,13.50,2 500,33 750,1.50%
07/03/2016,13.30,13.30,13.30,13.30,948,12 608,-1.70%
04/03/2016,13.53,13.55,13.55,13.53,272,3 683,-0.22%
03/03/2016,13.56,13.56,13.56,13.56,250,3 390,-0.22%
02/03/2016,13.59,13.59,13.59,13.59,3 000,40 770,0.00%
25/02/2016,13.01,13.01,13.01,13.01,1 000,13 010,-4.41%
23/02/2016,13.61,13.61,13.61,13.61,1 000,13 610,-0.58%
22/02/2016,13.69,13.69,13.69,13.69,210,2 875,-0.07%
19/02/2016,13.70,13.70,13.70,13.70,300,4 110,0.00%
17/02/2016,13.70,13.66,13.70,13.66,250,3 420,0.37%
16/02/2016,13.65,13.65,13.65,13.65,345,4 709,9.03%
15/02/2016,12.52,12.52,12.52,12.52,260,3 255,0.40%
12/02/2016,12.47,12.85,12.85,12.47,260,3 292,-5.60%
11/02/2016,13.21,13.61,13.61,13.21,1 481,19 860,-2.94%
10/02/2016,13.61,13.64,13.64,13.61,585,7 971,-0.29%
09/02/2016,13.65,13.65,13.65,13.65,200,2 730,0.29%
08/02/2016,13.61,13.61,13.61,13.61,1 452,19 762,1.57%
05/02/2016,13.40,13.40,13.40,13.40,1,13,-1.47%
04/02/2016,13.60,13.60,13.60,13.60,350,4 760,0.00%
02/02/2016,13.60,13.60,13.60,13.60,100,1 360,0.00%
01/02/2016,13.60,13.30,13.60,13.30,596,8 016,-0.07%
29/01/2016,13.61,13.61,13.61,13.61,2 492,33 916,0.00%
28/01/2016,13.61,13.61,13.61,13.61,527,7 172,0.07%
27/01/2016,13.60,13.65,13.65,13.60,11 707,159 508,-0.37%
26/01/2016,13.65,13.65,13.65,13.65,9 020,123 123,0.37%
25/01/2016,13.60,13.65,13.65,13.60,998,13 598,-0.66%
22/01/2016,13.69,13.69,13.69,13.69,18,246,-0.65%
20/01/2016,13.78,13.79,13.79,13.78,24 332,335 417,-0.58%
15/01/2016,13.86,13.86,13.86,13.86,72,998,4.45%
12/01/2016,13.27,13.27,13.27,13.27,1 149,15 247,-4.46%
11/01/2016,13.89,13.89,13.89,13.89,742,10 306,-4.21%
07/01/2016,14.50,14.57,14.57,14.50,2 811,40 858,2.40%
06/01/2016,14.16,13.75,14.16,13.75,476,6 643,2.98%
31/12/2015,13.75,13.47,13.75,13.47,505,6 873,0.00%
30/12/2015,13.75,13.75,13.75,13.75,630,8 663,5.77%
29/12/2015,13.00,13.00,13.00,13.00,748,9 724,3.17%
28/12/2015,12.60,12.40,12.60,12.40,3 670,45 875,1.61%
25/12/2015,12.40,12.40,12.40,12.40,600,7 440,1.56%
23/12/2015,12.21,12.21,12.21,12.21,261,3 187,1.75%
22/12/2015,12.00,11.80,12.00,11.80,313,3 725,1.69%
21/12/2015,11.80,11.80,11.80,11.80,124,1 463,0.00%
18/12/2015,11.80,11.80,11.80,11.80,1 020,12 036,-2.80%
17/12/2015,12.14,12.14,12.14,12.14,200,2 428,-0.08%
16/12/2015,12.15,12.15,12.15,12.15,586,7 120,-0.49%
14/12/2015,12.21,12.21,12.21,12.21,996,12 161,-2.94%
08/12/2015,12.58,12.58,12.58,12.58,2 560,32 205,-0.16%
01/12/2015,12.60,12.60,12.60,12.60,250,3 150,1.94%
30/11/2015,12.36,12.00,12.36,12.00,2 488,30 304,3.00%
26/11/2015,11.62,11.63,11.63,11.62,771,8 963,0.00%
25/11/2015,11.62,11.62,11.62,11.62,50,581,0.00%
23/11/2015,11.62,11.63,11.63,11.62,2 437,28 330,-0.09%
20/11/2015,11.63,11.63,11.63,11.63,400,4 652,0.09%
19/11/2015,11.62,11.64,11.64,11.62,527,6 129,-3.09%
18/11/2015,11.99,11.99,11.99,11.99,28,336,0.17%
16/11/2015,11.97,11.97,11.97,11.97,199,2 382,0.00%
13/11/2015,11.97,11.97,11.97,11.97,1,12,-2.92%
10/11/2015,12.33,12.33,12.33,12.33,500,6 165,-2.99%
09/11/2015,12.71,12.71,12.71,12.71,500,6 355,-2.98%
06/11/2015,13.10,13.10,13.10,13.10,85,1 114,0.00%
30/10/2015,13.10,13.11,13.11,13.10,2 008,26 315,-0.23%
27/10/2015,13.13,13.13,13.13,13.13,100,1 313,2.74%
26/10/2015,12.78,12.78,12.78,12.78,9,115,-2.67%
23/10/2015,13.13,13.13,13.13,13.13,206 000,2 704 780,-0.15%
21/10/2015,13.15,13.15,13.15,13.15,692,9 100,0.00%
20/10/2015,13.15,13.15,13.15,13.15,23,302,0.00%
19/10/2015,13.15,13.15,13.15,13.15,62,815,0.00%
16/10/2015,13.15,13.15,13.15,13.15,238,3 130,0.00%
13/10/2015,13.15,13.15,13.15,13.15,500,6 575,0.00%
12/10/2015,13.15,13.15,13.15,13.15,100,1 315,-0.38%
09/10/2015,13.20,13.20,13.20,13.20,1 000,13 200,0.69%
08/10/2015,13.11,13.11,13.11,13.11,100,1 311,0.00%
05/10/2015,13.11,13.11,13.11,13.11,590,7 735,-2.16%
01/10/2015,13.40,13.40,13.40,13.40,450,6 030,-0.67%
30/09/2015,13.49,13.51,13.51,13.49,1 758,23 733,-0.22%
29/09/2015,13.52,13.52,13.52,13.52,17,230,-2.87%
22/09/2015,13.92,13.93,13.93,13.92,200,2 785,0.00%
21/09/2015,13.92,13.92,13.92,13.92,125,1 740,-2.86%
16/09/2015,14.33,14.35,14.35,14.33,634,9 092,-0.14%
11/09/2015,14.35,14.35,14.35,14.35,272 113,3 904 822,0.00%
10/09/2015,14.35,14.35,14.35,14.35,583,8 366,-0.28%
09/09/2015,14.39,14.39,14.39,14.39,200,2 878,0.21%
07/09/2015,14.36,14.40,14.40,14.36,2 509,36 079,-0.28%
04/09/2015,14.40,14.49,14.49,14.40,2 500,36 113,0.00%
03/09/2015,14.40,14.50,14.50,14.36,2 153,31 068,0.14%
02/09/2015,14.38,14.38,14.38,14.38,49,705,0.00%
26/08/2015,14.50,14.50,14.50,14.50,525,7 613,0.00%
25/08/2015,14.50,14.50,14.50,14.50,20,290,0.00%
20/08/2015,14.50,14.50,14.50,14.50,1 100,15 950,0.00%
19/08/2015,14.50,14.50,14.50,14.50,2 462,35 699,0.00%
17/08/2015,14.50,14.50,14.50,14.50,1 000,14 500,0.00%
14/08/2015,14.50,14.50,14.50,14.50,3 045,44 153,0.00%
13/08/2015,14.50,14.50,14.50,14.50,2 000,29 000,0.00%
12/08/2015,14.50,14.50,14.50,14.50,2 000,29 000,0.00%
11/08/2015,14.50,14.50,14.50,14.50,2 119,30 726,0.00%
10/08/2015,14.50,14.50,14.50,14.50,1 321,19 155,0.00%
07/08/2015,14.50,14.50,14.50,14.50,679,9 846,0.00%
06/08/2015,14.50,14.50,14.50,14.50,1 000,14 500,0.83%
04/08/2015,14.38,14.38,14.38,14.38,321,4 616,-0.14%
03/08/2015,14.40,14.40,14.40,14.40,1 019,14 674,0.28%
31/07/2015,14.36,14.36,14.36,14.36,300,4 308,-0.28%
30/07/2015,14.40,14.40,14.40,14.40,1 000,14 400,-0.76%
28/07/2015,14.51,14.51,14.51,14.51,325,4 716,0.07%
27/07/2015,14.50,14.50,14.50,14.50,441,6 395,-3.91%
16/07/2015,15.09,15.09,15.09,15.09,1 000,15 090,-0.07%
15/07/2015,15.10,15.10,15.10,15.10,792,11 959,1.96%
14/07/2015,14.81,14.81,14.81,14.81,25,370,0.00%
09/07/2015,14.81,14.81,14.81,14.81,300,4 443,-1.92%
08/07/2015,15.10,15.10,15.10,15.10,5 965,90 072,-0.13%
07/07/2015,15.12,15.12,15.12,15.12,34,514,0.27%
02/07/2015,15.08,15.08,15.08,15.08,1 718,25 907,2.94%
30/06/2015,14.65,14.53,14.65,14.53,1 583,23 096,0.90%
29/06/2015,14.52,14.52,14.52,14.52,2 481,36 024,0.00%
26/06/2015,14.52,14.52,14.52,14.52,23,334,0.83%
25/06/2015,14.40,14.31,14.40,14.31,9 395,134 865,0.63%
24/06/2015,14.31,14.31,14.31,14.31,5 505,78 777,0.00%
23/06/2015,14.31,14.31,14.31,14.31,8 230,117 771,0.00%
22/06/2015,14.31,14.31,14.31,14.31,90,1 288,0.00%
19/06/2015,14.31,14.31,14.31,14.31,757,10 833,2.14%
18/06/2015,14.01,14.01,14.01,14.01,212,2 970,0.79%
16/06/2015,13.90,13.90,13.90,13.90,1 126,15 651,0.00%
15/06/2015,13.90,13.90,13.90,13.90,10,139,0.00%
10/06/2015,13.90,13.90,13.90,13.90,150,2 085,0.00%
09/06/2015,13.90,13.90,13.90,13.90,701,9 744,0.00%
08/06/2015,13.90,13.51,13.90,13.51,1 866,25 574,4.83%
05/06/2015,13.26,13.26,13.26,13.26,20,265,0.08%
04/06/2015,13.25,13.25,13.25,13.25,5,66,0.38%
02/06/2015,13.20,13.20,13.20,13.20,110,1 452,0.00%
28/05/2015,13.38,13.38,13.38,13.38,70,937,2.92%
26/05/2015,13.00,13.00,13.00,13.00,348,4 524,-0.23%
22/05/2015,13.03,13.01,13.03,13.01,1 500,19 530,0.23%
21/05/2015,13.00,13.00,13.01,13.00,881,11 457,0.00%
20/05/2015,13.00,13.00,13.00,13.00,2 906,37 778,0.00%
18/05/2015,13.00,13.00,13.00,13.00,480,6 240,0.00%
15/05/2015,13.00,13.00,13.00,13.00,150,1 950,0.00%
14/05/2015,13.00,13.00,13.00,13.00,3 070,39 910,0.78%
13/05/2015,12.90,12.90,12.90,12.90,196,2 528,-0.77%
12/05/2015,13.00,12.89,13.00,12.89,2 738,35 443,0.85%
11/05/2015,12.89,12.89,12.89,12.89,10,129,2.96%
08/05/2015,12.52,12.52,12.52,12.52,63,789,0.08%
07/05/2015,12.51,12.51,12.51,12.51,7 141,89 334,0.00%
06/05/2015,12.51,12.51,12.51,12.51,500,6 255,0.00%
04/05/2015,12.51,12.50,12.51,12.50,1 050,13 130,0.08%
30/04/2015,12.50,12.50,12.50,12.50,500,6 250,-0.24%
29/04/2015,12.53,12.53,12.53,12.53,1 087,13 620,0.00%
28/04/2015,12.53,12.53,12.53,12.53,413,5 175,0.24%
27/04/2015,12.50,12.20,12.50,12.20,280,3 458,-1.57%
17/04/2015,12.70,12.70,12.70,12.70,6 418,81 509,0.00%
16/04/2015,12.70,12.65,12.71,12.65,5 532,70 146,0.40%
15/04/2015,12.65,12.64,12.65,12.64,5 158,65 223,0.00%
14/04/2015,12.65,12.65,12.65,12.65,2 150,27 198,0.08%
13/04/2015,12.64,12.64,12.64,12.64,673,8 507,0.00%
10/04/2015,12.64,12.64,12.64,12.64,97,1 226,0.00%
08/04/2015,12.64,12.64,12.64,12.64,423,5 347,1.77%
07/04/2015,12.42,12.42,12.42,12.42,1 500,18 630,0.16%
06/04/2015,12.40,12.32,12.40,12.32,2 046,25 289,0.57%
03/04/2015,12.33,12.30,12.33,12.30,920,11 330,-0.56%
01/04/2015,12.40,12.57,12.57,12.40,5 205,64 984,0.00%
03/02/2015,9.99,9.99,9.99,9.99,4 500,44 955,-0.10%
02/02/2015,10.00,10.00,10.00,10.00,3 092,30 920,0.00%
30/01/2015,10.00,10.00,10.00,10.00,10 664,106 640,0.00%
29/01/2015,10.00,10.00,10.00,10.00,9 940,99 400,0.00%
28/01/2015,10.00,10.01,10.01,10.00,11 990,119 960,0.00%
27/01/2015,10.00,10.00,10.00,10.00,884,8 840,1.01%
26/01/2015,9.90,9.90,9.90,9.90,263,2 604,0.00%
23/01/2015,9.90,9.90,9.90,9.90,223,2 208,1.75%
22/01/2015,9.73,9.73,9.73,9.73,5 112,49 740,-0.71%
21/01/2015,9.80,9.71,9.80,9.71,556,5 424,1.14%
16/01/2015,9.69,9.65,9.69,9.65,2 213,21 400,0.41%
15/01/2015,9.65,9.61,9.65,9.61,3 033,29 208,0.10%
13/01/2015,9.64,9.64,9.64,9.64,100,964,-0.10%
12/01/2015,9.65,9.65,9.65,9.65,250,2 413,0.00%
09/01/2015,9.65,9.64,9.65,9.64,1 912,18 441,0.00%
08/01/2015,9.65,9.65,9.65,9.65,520,5 018,0.10%
07/01/2015,9.64,9.41,9.64,9.41,642,6 115,2.44%
06/01/2015,9.41,9.40,9.41,9.40,625,5 878,2.39%
31/12/2014,9.19,9.43,9.43,9.19,698,6 498,-2.23%
30/12/2014,9.40,9.20,9.40,9.20,7 700,71 610,1.08%
29/12/2014,9.30,9.20,9.30,9.20,770,7 123,1.09%
26/12/2014,9.20,9.19,9.20,9.19,100,920,0.33%
24/12/2014,9.17,9.17,9.17,9.17,100,917,-2.96%
23/12/2014,9.45,9.50,9.50,9.45,1 432,13 568,-0.42%
22/12/2014,9.49,9.49,9.49,9.49,480,4 555,-0.11%
19/12/2014,9.50,9.36,9.50,9.36,2 024,19 086,0.00%
18/12/2014,9.50,9.50,9.50,9.50,1 000,9 500,1.06%
17/12/2014,9.40,9.50,9.50,9.40,436,4 120,0.11%
16/12/2014,9.39,9.30,9.39,9.30,1 587,14 831,1.84%
10/12/2014,9.22,9.50,9.50,9.22,4 388,41 072,-2.95%
09/12/2014,9.50,9.50,9.50,9.50,2 000,19 000,0.00%
08/12/2014,9.50,9.50,9.50,9.50,853,8 104,0.00%
05/12/2014,9.50,9.50,9.50,9.50,250,2 375,0.00%
04/12/2014,9.50,9.41,9.50,9.41,1 030,9 739,-0.11%
27/11/2014,9.50,9.50,9.50,9.50,698,6 631,0.00%
25/11/2014,9.50,9.50,9.50,9.50,812,7 714,0.21%
19/11/2014,9.48,9.48,9.48,9.48,2 166,20 534,-0.21%
18/11/2014,9.50,9.50,9.50,9.50,1 000,9 500,1.06%
17/11/2014,9.40,9.45,9.50,9.40,3 372,31 865,0.21%
14/11/2014,9.38,9.38,9.38,9.38,910,8 536,1.96%
13/11/2014,9.20,9.10,9.20,9.10,8 785,80 383,0.00%
12/11/2014,9.20,9.20,9.20,9.20,250,2 300,0.00%
11/11/2014,9.20,9.20,9.20,9.20,3 500,32 200,-1.08%
10/11/2014,9.30,9.30,9.30,9.30,2 100,19 530,-0.21%
07/11/2014,9.32,9.20,9.32,9.20,4 000,37 040,0.00%
06/11/2014,9.32,9.12,9.32,9.12,2 568,23 677,0.98%
05/11/2014,9.23,9.23,9.23,9.23,3 800,35 074,-1.81%
04/11/2014,9.40,9.23,9.40,9.23,8 157,75 982,1.84%
03/11/2014,9.23,9.23,9.23,9.20,5 056,46 591,1.43%
31/10/2014,9.10,9.10,9.10,9.10,331,3 012,2.25%
30/10/2014,8.90,9.10,9.10,8.90,802,7 218,-1.11%
29/10/2014,9.00,9.01,9.26,9.00,1 458,13 312,1.69%
27/10/2014,8.85,8.85,8.85,8.85,142,1 257,2.67%
23/10/2014,8.62,8.61,8.62,8.61,300,2 584,0.23%
16/10/2014,8.60,8.60,8.60,8.60,442,3 801,0.00%
10/10/2014,8.60,8.60,8.60,8.60,312,2 683,0.00%
09/10/2014,8.60,8.60,8.60,8.60,12,103,0.00%
08/10/2014,8.60,8.60,8.60,8.60,698,6 003,0.00%
07/10/2014,8.60,8.60,8.60,8.60,4,34,0.00%
06/10/2014,8.60,8.60,8.60,8.60,1 450,12 470,0.00%
02/10/2014,8.60,8.60,8.60,8.60,685,5 891,0.00%
01/10/2014,8.60,8.60,8.60,8.60,1 000,8 600,0.00%
30/09/2014,8.60,8.60,8.60,8.60,200,1 720,0.00%
29/09/2014,8.60,8.60,8.60,8.60,3 251,27 959,0.00%
26/09/2014,8.60,8.70,8.70,8.60,2 699,23 346,0.00%
25/09/2014,8.60,8.60,8.60,8.60,2 000,17 200,0.00%
24/09/2014,8.60,8.60,8.60,8.60,514,4 420,0.00%
23/09/2014,8.60,8.60,8.60,8.60,1 000,8 600,0.00%
19/09/2014,8.60,8.60,8.60,8.60,901,7 749,0.00%
18/09/2014,8.60,8.60,8.60,8.60,400,3 440,0.00%
16/09/2014,8.60,8.60,8.60,8.60,184,1 582,-0.46%
15/09/2014,8.64,8.64,8.64,8.64,706,6 100,-2.92%
11/09/2014,8.90,8.80,8.90,8.80,500,4 425,2.30%
08/09/2014,8.70,8.70,8.70,8.70,3 615,31 450,0.00%
02/09/2014,8.70,8.70,8.70,8.70,325,2 827,0.00%
26/08/2014,8.70,8.50,8.70,8.50,1 096,9 426,2.35%
25/08/2014,8.50,8.45,8.50,8.45,947,8 026,0.59%
22/08/2014,8.45,8.45,8.45,8.45,1 000,8 450,0.00%
20/08/2014,8.45,8.50,8.50,8.45,202,1 712,0.00%
19/08/2014,8.45,8.45,8.45,8.45,200,1 690,-0.59%
15/08/2014,8.50,8.50,8.50,8.45,2 824,23 933,0.00%
14/08/2014,8.50,8.42,8.50,8.42,4 296,36 344,0.00%
11/08/2014,8.50,8.50,8.50,8.50,30,255,0.00%
07/08/2014,8.50,8.50,8.50,8.50,96,816,0.00%
06/08/2014,8.50,8.48,8.50,8.48,1 369,11 623,1.92%
05/08/2014,8.34,8.44,8.44,8.34,1 695,14 221,-1.18%
04/08/2014,8.44,8.45,8.45,8.32,602,5 048,-0.47%
01/08/2014,8.48,8.30,8.48,8.30,597,5 009,-0.24%
22/07/2014,8.50,8.40,8.50,8.35,2 200,18 535,1.19%
18/07/2014,8.40,8.30,8.40,8.30,140,1 169,1.20%
17/07/2014,8.30,8.30,8.30,8.30,1 033,8 574,0.00%
15/07/2014,8.30,8.28,8.30,8.10,482,3 952,0.00%
14/07/2014,8.30,8.10,8.30,8.10,1 009,8 274,2.47%
11/07/2014,8.10,7.92,8.10,7.92,570,4 566,0.37%
10/07/2014,8.07,7.90,8.07,7.90,53,423,2.80%
09/07/2014,7.85,7.85,7.85,7.85,455,3 572,0.00%
08/07/2014,7.85,7.85,7.85,7.85,160,1 256,0.51%
07/07/2014,7.81,7.80,7.81,7.80,12 400,96 782,0.13%
04/07/2014,7.80,7.80,7.80,7.80,2 340,18 252,0.00%
03/07/2014,7.80,7.80,7.80,7.80,5 260,41 028,0.00%
02/07/2014,7.80,7.80,7.80,7.80,1 000,7 800,0.00%
01/07/2014,7.80,7.80,7.80,7.80,10 825,84 435,0.00%
26/06/2014,7.80,7.67,7.80,7.67,17 580,135 981,0.00%
24/06/2014,7.80,7.80,7.80,7.80,65,507,0.00%
20/06/2014,7.80,7.80,7.80,7.80,500,3 900,0.00%
19/06/2014,7.80,7.75,7.80,7.67,1 211,9 367,0.00%
18/06/2014,7.80,7.80,7.80,7.80,450,3 510,0.00%
17/06/2014,7.80,7.80,7.80,7.80,2 000,15 600,0.00%
16/06/2014,7.80,7.80,7.80,7.80,1 210,9 438,0.00%
13/06/2014,7.80,7.78,7.80,7.78,10 986,85 581,0.26%
12/06/2014,7.78,7.78,7.78,7.78,2 500,19 450,0.78%
11/06/2014,7.72,7.80,7.80,7.72,2 501,19 408,-1.03%
09/06/2014,7.80,7.80,7.80,7.80,680,5 304,0.00%
06/06/2014,7.80,7.80,7.80,7.69,2 561,19 835,0.00%
05/06/2014,7.80,7.80,7.80,7.80,1 250,9 750,0.00%
04/06/2014,7.80,7.80,7.80,7.80,180,1 404,-1.27%
03/06/2014,7.90,7.90,7.90,7.90,1 387,10 957,0.00%
02/06/2014,7.90,7.90,7.90,7.90,1,8,1.28%
28/05/2014,7.90,7.89,7.90,7.89,546,4 311,0.00%
27/05/2014,7.90,7.90,7.90,7.90,3 250,25 675,-1.13%
23/05/2014,7.99,7.99,7.99,7.99,200,1 598,0.13%
22/05/2014,7.98,7.98,7.98,7.98,1,8,2.31%
21/05/2014,7.80,7.59,7.80,7.59,2 011,15 475,2.77%
20/05/2014,7.59,7.59,7.59,7.59,400,3 036,0.00%
19/05/2014,7.59,7.70,7.70,7.58,229,1 750,-1.43%
16/05/2014,7.70,7.56,7.70,7.56,67,511,1.05%
15/05/2014,7.62,7.62,7.62,7.62,50,381,0.93%
13/05/2014,7.55,7.55,7.55,7.55,57,430,-0.26%
12/05/2014,7.57,7.57,7.57,7.57,15,114,0.93%
09/05/2014,7.50,7.50,7.50,7.50,72,540,1.76%
06/05/2014,7.37,7.37,7.37,7.37,467,3 442,-2.90%
02/05/2014,7.59,7.59,7.59,7.59,12,91,-1.68%
30/04/2014,7.72,7.72,7.72,7.72,512,3 953,-9.18%
28/04/2014,8.50,8.50,8.50,8.47,712,6 041,0.35%
25/04/2014,8.47,8.46,8.47,8.46,726,6 146,-0.12%
24/04/2014,8.48,8.48,8.48,8.48,5 307,45 003,-0.35%
23/04/2014,8.51,8.51,8.51,8.51,28,238,0.59%
22/04/2014,8.46,8.46,8.46,8.46,805,6 810,-0.47%
21/04/2014,8.50,8.45,8.52,8.45,10 898,92 470,0.00%
18/04/2014,8.50,8.45,8.50,8.45,5 475,46 401,0.83%
17/04/2014,8.43,8.43,8.43,8.43,712,6 002,0.00%
16/04/2014,8.43,8.43,8.43,8.43,379,3 195,0.00%
15/04/2014,8.43,8.44,8.44,8.43,10 518,88 719,0.12%
14/04/2014,8.42,8.43,8.49,8.42,4 621,39 071,0.00%
11/04/2014,8.42,8.42,8.42,8.42,2 019,17 000,0.00%
08/04/2014,8.42,8.42,8.42,8.42,312,2 627,0.00%
07/04/2014,8.42,8.42,8.42,8.42,342,2 880,0.00%
03/04/2014,8.42,8.42,8.42,8.42,460,3 873,-0.24%
01/04/2014,8.44,8.40,8.44,8.40,1 130,9 515,2.93%
28/03/2014,8.20,8.20,8.20,8.20,1 337,10 963,0.00%
25/03/2014,8.20,8.20,8.20,8.20,1 710,14 022,0.00%
24/03/2014,8.20,8.20,8.20,8.20,242,1 984,-1.80%
21/03/2014,8.35,8.35,8.35,8.35,523,4 367,-0.60%
19/03/2014,8.40,8.40,8.40,8.40,200,1 680,0.60%
17/03/2014,8.35,8.35,8.35,8.35,525,4 384,-1.76%
12/03/2014,8.50,8.50,8.50,8.50,300,2 550,-0.35%
11/03/2014,8.53,8.52,8.53,8.52,720,6 138,0.00%
10/03/2014,8.53,8.53,8.54,8.53,4 072,34 755,-2.96%
07/03/2014,8.79,8.94,8.94,8.72,1 300,11 479,-1.01%
06/03/2014,8.88,8.71,8.90,8.71,6 094,53 658,2.19%
05/03/2014,8.69,8.44,8.69,8.44,3 244,27 785,4.70%
04/03/2014,8.30,8.16,8.30,8.15,5 843,48 059,0.00%
03/03/2014,8.30,8.30,8.30,8.30,1 110,9 213,0.00%
26/02/2014,8.44,8.44,8.44,8.44,794,6 701,-0.12%
25/02/2014,8.45,8.44,8.49,8.44,5 812,49 199,0.12%
24/02/2014,8.44,8.23,8.44,8.22,600,4 998,2.80%
21/02/2014,8.21,8.25,8.25,8.21,760,6 255,-1.20%
20/02/2014,8.31,8.21,8.31,8.20,3 205,26 457,0.00%
19/02/2014,8.31,8.31,8.31,8.31,1 300,10 803,0.00%
18/02/2014,8.31,8.21,8.31,8.21,4 750,39 235,1.22%
17/02/2014,8.21,8.20,8.21,8.20,213,1 748,0.61%
13/02/2014,8.16,8.40,8.40,8.16,4 313,35 712,-2.86%
12/02/2014,8.40,8.29,8.40,8.29,825,6 885,-1.64%
11/02/2014,8.54,8.54,8.55,8.54,4 024,34 385,-1.73%
07/02/2014,8.69,8.69,8.69,8.69,809,7 030,2.84%
06/02/2014,8.45,8.45,8.45,8.32,1 710,14 338,1.56%
05/02/2014,8.32,8.45,8.45,8.32,51,428,0.00%
04/02/2014,8.32,8.32,8.32,8.31,1 020,8 481,-1.54%
28/01/2014,8.45,8.45,8.46,8.45,2 610,22 068,0.00%
27/01/2014,8.45,8.25,8.45,8.25,2 800,23 380,2.42%
24/01/2014,8.25,8.20,8.25,8.20,500,4 113,3.00%
23/01/2014,8.01,8.05,8.05,8.00,3 392,27 221,-0.50%
22/01/2014,8.05,8.05,8.10,8.05,1 309,10 570,0.25%
21/01/2014,8.03,8.03,8.03,8.03,76,610,0.37%
20/01/2014,8.00,8.03,8.04,8.00,500,4 010,0.13%
17/01/2014,7.99,7.99,7.99,7.99,100,799,1.01%
10/01/2014,7.91,7.91,7.91,7.91,2 377,18 802,0.13%
09/01/2014,7.90,7.90,7.90,7.90,1 850,14 615,1.28%
07/01/2014,7.80,7.80,7.80,7.80,2 722,21 232,0.00%
06/01/2014,7.80,7.80,7.80,7.80,1 113,8 681,0.00%
03/01/2014,7.80,7.80,7.80,7.80,7,55,0.26%
02/01/2014,7.78,7.76,7.78,7.76,1 174,9 122,0.26%
31/12/2013,7.76,7.74,7.76,7.74,3 019,23 397,0.26%
30/12/2013,7.74,7.74,7.74,7.74,1 019,7 887,0.26%
25/12/2013,7.72,7.72,7.72,7.72,1 482,11 441,0.00%
24/12/2013,7.72,7.73,7.73,7.72,74,572,-2.89%
23/12/2013,7.95,7.96,7.96,7.95,8 444,67 172,0.00%
19/12/2013,7.95,7.95,7.95,7.95,377,2 997,0.00%
18/12/2013,7.95,7.96,7.96,7.95,846,6 730,0.00%
17/12/2013,7.95,7.95,7.95,7.95,200,1 590,0.63%
11/12/2013,7.90,7.90,7.90,7.90,100,790,0.00%
10/12/2013,7.90,7.90,7.90,7.90,3 254,25 707,0.00%
06/12/2013,7.90,7.90,7.90,7.90,190,1 501,0.00%
27/11/2013,7.97,7.98,7.98,7.97,14 938,119 131,-0.13%
25/11/2013,7.98,7.98,7.98,7.98,5 623,44 872,1.01%
22/11/2013,7.90,7.98,7.98,7.90,6 011,47 727,-0.25%
20/11/2013,7.92,7.97,7.97,7.92,3 901,30 993,-1.00%
19/11/2013,8.00,8.00,8.00,8.00,100,800,0.00%
18/11/2013,8.00,8.00,8.00,8.00,3 408,27 264,0.00%
15/11/2013,8.00,8.10,8.10,8.00,4 600,37 030,-1.23%
14/11/2013,8.10,8.10,8.10,8.10,3 081,24 956,0.00%
13/11/2013,8.10,8.11,8.11,8.10,8 273,67 053,-1.10%
12/11/2013,8.19,8.19,8.19,8.19,100,819,0.00%
11/11/2013,8.19,8.19,8.19,8.19,25,205,1.11%
08/11/2013,8.10,8.10,8.10,8.10,998,8 084,0.00%
07/11/2013,8.10,8.10,8.10,8.10,2 808,22 745,0.00%
06/11/2013,8.10,8.10,8.10,8.10,4 290,34 749,0.00%
01/11/2013,8.10,8.10,8.10,8.10,234,1 895,0.00%
30/10/2013,8.10,8.10,8.10,8.10,3 506,28 399,0.62%
28/10/2013,8.05,8.05,8.05,8.05,2 000,16 100,0.00%
25/10/2013,8.05,8.05,8.05,8.05,2 000,16 100,-0.12%
24/10/2013,8.06,8.05,8.06,8.05,4 122,33 203,0.12%
23/10/2013,8.05,8.05,8.05,8.05,4 330,34 857,0.00%
22/10/2013,8.05,8.05,8.05,8.05,1 927,15 512,0.00%
21/10/2013,8.05,8.03,8.10,8.03,7 230,58 310,0.25%
18/10/2013,8.03,8.03,8.03,8.03,812,6 520,0.00%
11/10/2013,8.03,8.03,8.03,8.03,250,2 007,0.00%
10/10/2013,8.03,8.03,8.03,8.03,1 622,13 025,0.12%
09/10/2013,8.02,8.02,8.02,8.02,130,1 043,-0.74%
07/10/2013,8.08,8.08,8.08,8.08,415,3 353,0.00%
04/10/2013,8.08,8.08,8.08,8.08,182,1 471,-2.88%
03/10/2013,8.32,8.30,8.32,8.30,1 955,16 246,0.24%
02/10/2013,8.30,8.32,8.32,8.30,1 890,15 706,-0.24%
01/10/2013,8.32,8.32,8.32,8.32,4 839,40 260,0.00%
30/09/2013,8.32,8.32,8.32,8.32,79,657,-0.95%
27/09/2013,8.40,8.40,8.40,8.40,100,840,1.20%
25/09/2013,8.30,8.40,8.40,8.30,1 442,12 041,-1.07%
24/09/2013,8.39,8.39,8.39,8.39,100,839,-0.12%
23/09/2013,8.40,8.40,8.40,8.40,500,4 200,1.08%
20/09/2013,8.31,8.40,8.40,8.31,1 412,11 797,0.00%
19/09/2013,8.31,8.40,8.40,8.31,1 000,8 355,-1.07%
18/09/2013,8.40,8.40,8.40,8.40,100,840,0.00%
17/09/2013,8.40,8.40,8.40,8.40,100,840,0.12%
16/09/2013,8.39,8.40,8.40,8.39,298,2 502,-0.12%
13/09/2013,8.40,8.30,8.40,8.30,562,4 693,1.20%
11/09/2013,8.30,8.25,8.30,8.25,600,4 965,0.00%
10/09/2013,8.30,8.25,8.30,8.25,1 561,12 917,0.00%
09/09/2013,8.30,8.30,8.30,8.30,500,4 150,0.97%
06/09/2013,8.22,8.25,8.43,8.22,1 208,10 057,0.12%
04/09/2013,8.21,8.21,8.21,8.21,879,7 217,0.12%
03/09/2013,8.20,8.20,8.25,8.20,380,3 126,-0.61%
02/09/2013,8.25,8.25,8.25,8.25,200,1 650,0.36%
29/08/2013,8.20,8.26,8.26,8.20,2 498,20 559,0.00%
28/08/2013,8.20,8.20,8.25,8.20,5 268,43 329,0.12%
27/08/2013,8.19,8.19,8.22,8.19,1 315,10 790,0.00%
26/08/2013,8.19,8.19,8.19,8.19,1 010,8 272,0.00%
23/08/2013,8.19,8.30,8.30,8.19,6 360,52 438,-1.33%
22/08/2013,8.30,8.30,8.43,8.30,3 197,26 743,1.34%
21/08/2013,8.19,7.99,8.19,7.99,1 966,15 905,2.89%
20/08/2013,7.96,7.80,7.96,7.80,1 082,8 526,2.98%
19/08/2013,7.73,7.65,7.80,7.65,2 038,15 744,1.71%
16/08/2013,7.60,7.55,7.65,7.55,1 868,14 197,1.33%
15/08/2013,7.50,7.50,7.50,7.50,208,1 560,0.00%
12/08/2013,7.50,7.50,7.50,7.50,100,750,-0.66%
06/08/2013,7.55,7.50,7.55,7.50,30,226,0.67%
05/08/2013,7.50,7.35,7.50,7.35,1 630,12 103,2.04%
01/08/2013,7.35,7.35,7.35,7.35,200,1 470,1.24%
30/07/2013,7.26,7.26,7.26,7.26,919,6 672,0.00%
29/07/2013,7.26,7.30,7.30,7.26,1 838,13 381,-2.55%
26/07/2013,7.45,7.45,7.45,7.45,81,603,-0.67%
24/07/2013,7.50,7.47,7.50,7.47,420,3 144,0.67%
23/07/2013,7.45,7.45,7.45,7.45,680,5 066,0.00%
19/07/2013,7.45,7.40,7.45,7.39,732,5 431,0.81%
18/07/2013,7.39,7.30,7.39,7.28,5 679,41 655,1.65%
17/07/2013,7.27,7.27,7.27,7.27,200,1 454,0.00%
16/07/2013,7.27,7.26,7.28,7.26,1 930,14 031,0.00%
12/07/2013,7.27,7.27,7.27,7.27,159,1 156,0.14%
11/07/2013,7.26,7.26,7.26,7.26,2 813,20 422,0.00%
10/07/2013,7.26,7.25,7.26,7.25,1 132,8 213,0.83%
09/07/2013,7.20,7.21,7.21,7.20,475,3 422,-0.69%
08/07/2013,7.25,7.25,7.25,7.25,1 318,9 556,0.00%
05/07/2013,7.25,7.20,7.25,7.20,3 385,24 457,0.83%
04/07/2013,7.19,7.19,7.20,7.19,1 142,8 217,0.14%
02/07/2013,7.18,7.18,7.18,7.15,1 639,11 743,0.42%
01/07/2013,7.15,7.13,7.15,7.13,1 691,12 074,1.27%
28/06/2013,7.06,7.06,7.06,7.05,430,3 034,-0.56%
26/06/2013,7.10,7.04,7.10,7.04,3 059,21 627,0.85%
25/06/2013,7.04,7.01,7.04,7.01,1 217,8 549,0.57%
20/06/2013,7.00,7.01,7.01,7.00,1 370,9 597,-0.14%
19/06/2013,7.01,7.01,7.01,7.01,650,4 557,0.14%
18/06/2013,7.00,7.00,7.00,7.00,6 608,46 256,0.00%
17/06/2013,7.00,7.00,7.01,7.00,6 662,46 667,0.00%
14/06/2013,7.00,6.86,7.00,6.86,4 250,29 453,1.30%
13/06/2013,6.91,6.85,6.91,6.84,2 102,14 451,0.88%
12/06/2013,6.85,6.80,6.85,6.80,145,990,1.93%
11/06/2013,6.72,6.71,6.75,6.71,5 242,35 279,0.15%
30/05/2013,6.71,6.71,6.71,6.71,100,671,0.30%
29/05/2013,6.69,6.68,6.69,6.68,2 483,16 599,2.14%
28/05/2013,6.55,6.55,6.55,6.55,762,4 991,0.31%
27/05/2013,6.53,6.53,6.53,6.53,2 767,18 069,0.15%
24/05/2013,6.52,6.52,6.60,6.52,2 168,14 222,0.00%
23/05/2013,6.52,6.50,6.53,6.50,1 776,11 571,0.31%
22/05/2013,6.50,6.46,6.60,6.46,4 799,31 337,0.62%
21/05/2013,6.46,6.46,6.46,6.46,200,1 292,-0.62%
20/05/2013,6.50,6.50,6.51,6.50,13 239,86 120,-1.52%
17/05/2013,6.60,6.50,6.60,6.50,110,721,1.54%
16/05/2013,6.50,6.55,6.60,6.50,6 412,41 999,-1.52%
15/05/2013,6.60,6.60,6.61,6.60,13 717,90 601,-2.94%
14/05/2013,6.80,6.80,6.80,6.79,350,2 378,2.26%
13/05/2013,6.65,6.65,6.65,6.65,215,1 430,-2.92%
10/05/2013,6.85,6.85,6.85,6.83,2 774,18 974,0.00%
09/05/2013,6.85,6.90,6.90,6.85,1 568,10 780,-0.72%
08/05/2013,6.90,6.90,6.90,6.90,4 024,27 766,0.00%
07/05/2013,6.90,6.90,7.00,6.90,8 111,56 371,-1.43%
06/05/2013,7.00,7.00,7.00,7.00,186,1 302,-0.57%
03/05/2013,7.04,6.90,7.04,6.88,4 659,32 427,2.18%
02/05/2013,6.89,7.00,7.00,6.88,6 126,42 514,-1.43%
30/04/2013,6.99,6.87,6.99,6.86,2 181,15 103,-0.99%
29/04/2013,7.06,6.80,7.07,6.80,1 616,11 207,-0.70%
26/04/2013,7.11,6.95,7.15,6.75,1 643,11 419,-7.66%
25/04/2013,7.70,7.71,7.76,7.70,5 003,38 673,-0.65%
24/04/2013,7.75,7.64,7.75,7.64,12 221,94 041,1.44%
23/04/2013,7.64,7.58,7.64,7.58,5 586,42 509,0.79%
22/04/2013,7.58,7.55,7.59,7.55,1 406,10 643,0.40%
19/04/2013,7.55,7.50,7.55,7.50,4 477,33 689,0.53%
18/04/2013,7.51,7.50,7.52,7.50,1 881,14 126,0.13%
17/04/2013,7.50,7.50,7.51,7.50,11 597,87 035,0.00%
16/04/2013,7.50,7.52,7.52,7.50,8 167,61 334,-0.27%
15/04/2013,7.52,7.52,7.52,7.52,635,4 775,-0.27%
12/04/2013,7.54,7.53,7.54,7.53,12 986,97 850,-0.13%
11/04/2013,7.55,7.55,7.56,7.55,2 878,21 743,-0.13%
10/04/2013,7.56,7.61,7.61,7.56,817,6 197,-0.53%
08/04/2013,7.60,7.59,7.60,7.59,4 095,31 102,0.00%
05/04/2013,7.60,7.55,7.60,7.55,7 542,57 131,0.66%
04/04/2013,7.55,7.60,7.60,7.55,6 162,46 677,-0.66%
03/04/2013,7.60,7.52,7.60,7.52,4 257,32 183,0.80%
02/04/2013,7.54,7.52,7.54,7.52,13 325,100 337,0.27%
01/04/2013,7.52,7.50,7.52,7.50,6 224,46 742,0.27%
29/03/2013,7.50,7.50,7.50,7.50,10,75,0.40%
28/03/2013,7.47,7.51,7.52,7.47,1 964,14 720,-0.53%
27/03/2013,7.51,7.47,7.54,7.47,12 674,95 118,0.13%
26/03/2013,7.50,7.50,7.50,7.47,2 907,21 759,0.54%
25/03/2013,7.46,7.44,7.50,7.44,9 925,74 140,0.13%
22/03/2013,7.45,7.46,7.46,7.40,12 194,90 601,0.00%
21/03/2013,7.45,7.29,7.61,7.29,43 992,327 740,2.48%
19/03/2013,7.27,7.00,7.27,7.00,23 899,170 519,4.45%
18/03/2013,6.96,6.96,6.96,6.96,20,139,-0.57%
15/03/2013,7.00,7.00,7.00,7.00,4 440,31 080,0.00%
14/03/2013,7.00,7.00,7.00,7.00,1 570,10 990,0.00%
13/03/2013,7.00,6.96,7.00,6.96,1 532,10 693,0.29%
12/03/2013,6.98,7.00,7.00,6.98,570,3 984,-0.57%
06/03/2013,7.02,7.00,7.02,7.00,1 126,7 893,0.29%
27/02/2013,6.91,6.91,6.91,6.91,5 208,35 987,0.14%
26/02/2013,6.90,6.90,6.90,6.90,1 081,7 459,-0.14%
22/02/2013,6.91,6.91,6.91,6.91,30,207,0.00%
21/02/2013,6.91,6.91,6.91,6.91,456,3 151,0.00%
20/02/2013,6.91,6.90,6.91,6.90,1 400,9 667,-0.58%
19/02/2013,6.95,6.95,6.95,6.95,209,1 453,0.72%
18/02/2013,6.90,7.00,7.00,6.90,553,3 843,-0.14%
15/02/2013,6.91,6.90,6.91,6.90,365,2 520,-0.58%
14/02/2013,6.95,6.95,6.95,6.95,128,890,-0.71%
11/02/2013,7.00,7.00,7.00,7.00,2,14,2.19%
07/02/2013,6.85,6.80,7.00,6.80,19 701,135 937,0.74%
06/02/2013,6.80,7.00,7.00,6.80,18 545,127 961,-2.86%
05/02/2013,7.00,7.01,7.01,7.00,3 418,23 943,0.00%
04/02/2013,7.00,7.00,7.00,7.00,670,4 690,0.00%
01/02/2013,7.00,7.00,7.05,7.00,1 438,10 102,0.00%
31/01/2013,7.00,7.00,7.00,7.00,920,6 440,1.16%
29/01/2013,6.92,6.92,6.92,6.92,7 760,53 699,-1.14%
28/01/2013,7.00,7.00,7.00,7.00,866,6 062,0.14%
25/01/2013,6.99,7.00,7.00,6.99,2 805,19 621,-0.14%
23/01/2013,7.00,7.00,7.00,7.00,7 450,52 150,0.00%
22/01/2013,7.00,7.00,7.00,7.00,1 000,7 000,0.72%
21/01/2013,6.95,6.91,6.95,6.91,32,222,0.43%
18/01/2013,6.92,6.92,6.92,6.92,100,692,-1.14%
17/01/2013,7.00,6.95,7.00,6.89,6 579,45 691,-1.41%
16/01/2013,7.10,7.10,7.10,7.10,590,4 189,0.00%
15/01/2013,7.10,7.08,7.10,7.08,1 210,8 579,1.43%
11/01/2013,7.00,7.00,7.00,7.00,200,1 400,0.00%
10/01/2013,7.00,7.00,7.00,7.00,237,1 659,1.30%
09/01/2013,6.91,7.00,7.08,6.91,1 086,7 597,-1.29%
08/01/2013,7.00,6.90,7.00,6.90,2 940,20 433,2.94%
07/01/2013,6.80,6.80,6.80,6.80,250,1 700,1.49%
03/01/2013,6.70,6.80,6.80,6.70,416,2 808,-1.76%
02/01/2013,6.82,6.87,6.87,6.82,1 178,8 063,-0.73%
31/12/2012,6.87,6.87,6.87,6.87,1 614,11 088,-0.29%
28/12/2012,6.89,6.89,6.89,6.80,830,5 681,-0.14%
27/12/2012,6.90,6.90,6.90,6.89,1 058,7 295,0.00%
26/12/2012,6.90,7.07,7.07,6.90,5 080,35 484,-1.43%
25/12/2012,7.00,7.00,7.00,7.00,1 180,8 260,0.00%
24/12/2012,7.00,7.00,7.00,7.00,1 000,7 000,1.45%
20/12/2012,6.90,6.89,6.90,6.89,177,1 220,-2.82%
17/12/2012,7.10,7.10,7.10,7.10,300,2 130,0.00%
14/12/2012,7.10,7.10,7.10,7.10,2 800,19 880,0.00%
12/12/2012,7.10,7.10,7.10,7.10,263,1 867,0.00%
10/12/2012,7.10,7.10,7.10,7.10,2 500,17 750,0.00%
07/12/2012,7.10,6.90,7.10,6.90,33,231,2.90%
06/12/2012,6.90,6.90,6.90,6.90,56,386,-2.82%
05/12/2012,7.10,7.11,7.11,7.10,21 456,152 445,-0.14%
04/12/2012,7.11,7.10,7.11,7.10,594,4 220,-2.47%
22/11/2012,7.51,7.60,7.60,7.51,2 280,17 225,-2.09%
21/11/2012,7.67,7.45,7.67,7.40,3 063,23 080,2.95%
20/11/2012,7.45,7.40,7.45,7.40,5 104,37 897,0.68%
19/11/2012,7.40,7.30,7.40,7.30,2 450,18 008,2.07%
14/11/2012,7.25,7.22,7.30,7.22,1 450,10 527,0.42%
13/11/2012,7.22,7.22,7.22,7.22,54,390,0.00%
12/11/2012,7.22,7.22,7.22,7.22,1,7,3.00%
08/11/2012,7.01,7.00,7.01,7.00,880,6 164,-1.27%
07/11/2012,7.10,7.10,7.10,7.10,28,199,1.43%
30/10/2012,7.00,7.00,7.00,7.00,250,1 750,1.30%
29/10/2012,6.91,6.91,6.91,6.91,200,1 382,-2.12%
24/10/2012,7.06,7.06,7.06,7.06,100,706,0.14%
22/10/2012,7.05,6.80,7.05,6.80,795,5 505,2.92%
18/10/2012,6.85,6.99,6.99,6.85,1 610,11 141,-1.86%
17/10/2012,6.98,6.98,6.98,6.98,420,2 932,2.95%
12/10/2012,6.78,6.79,6.79,6.78,1 636,11 100,-0.15%
11/10/2012,6.79,6.79,6.79,6.79,1 235,8 386,-0.15%
09/10/2012,6.80,6.81,6.81,6.80,2 070,14 086,0.00%
05/10/2012,6.80,6.81,6.81,6.80,3 200,21 776,-0.15%
04/10/2012,6.81,7.00,7.00,6.81,2 725,18 816,-2.71%
03/10/2012,7.00,7.00,7.00,7.00,1 005,7 035,-1.13%
02/10/2012,7.08,6.90,7.08,6.90,631,4 411,-0.14%
01/10/2012,7.09,6.82,7.09,6.82,31,216,1.29%
28/09/2012,7.00,7.10,7.10,7.00,921,6 493,-1.41%
27/09/2012,7.10,7.12,7.12,7.10,500,3 555,-2.87%
24/09/2012,7.31,7.10,7.31,7.10,227,1 636,3.69%
20/09/2012,7.05,7.10,7.10,6.91,1 726,12 091,2.17%
19/09/2012,6.90,7.05,7.05,6.90,4 396,30 662,-2.82%
18/09/2012,7.10,7.13,7.20,7.10,4 068,29 086,-1.11%
17/09/2012,7.18,7.23,7.23,7.18,4 811,34 663,-0.69%
11/09/2012,7.23,7.23,7.23,7.23,400,2 892,-0.96%
10/09/2012,7.30,7.30,7.30,7.30,452,3 300,-1.35%
05/09/2012,7.40,7.40,7.40,7.40,4 362,32 279,0.00%
04/09/2012,7.40,7.40,7.40,7.40,2 675,19 795,0.00%
03/09/2012,7.40,7.40,7.45,7.40,3 947,29 306,0.00%
30/08/2012,7.30,7.30,7.30,7.30,186,1 358,-1.48%
29/08/2012,7.41,7.43,7.43,7.41,470,3 487,1.51%
28/08/2012,7.30,7.34,7.40,7.30,4 297,31 583,0.00%
27/08/2012,7.30,7.33,7.34,7.30,2 970,21 740,-0.41%
23/08/2012,7.33,7.21,7.33,7.21,322,2 341,1.66%
22/08/2012,7.21,7.21,7.21,7.21,3,22,-2.17%
21/08/2012,7.37,7.21,7.37,7.21,1 657,12 080,0.00%
15/08/2012,7.37,7.37,7.37,7.37,1,7,2.22%
14/08/2012,7.21,7.21,7.21,7.21,300,2 163,-2.17%
09/08/2012,7.37,7.37,7.37,7.37,1,7,0.00%
08/08/2012,7.37,7.40,7.40,7.20,8,58,0.96%
07/08/2012,7.30,7.20,7.30,7.20,6 601,47 857,1.39%
06/08/2012,7.20,7.20,7.20,7.20,710,5 112,0.00%
03/08/2012,7.20,7.22,7.22,7.20,3 047,21 969,-1.37%
02/08/2012,7.30,7.38,7.38,7.30,3 065,22 497,-1.22%
31/07/2012,7.39,7.20,7.39,7.20,151,1 102,0.00%
27/07/2012,7.39,7.18,7.39,7.18,32,233,-0.14%
26/07/2012,7.40,7.21,7.40,7.20,7 535,55 006,2.64%
24/07/2012,7.21,7.22,7.22,7.21,1 659,11 970,-1.23%
23/07/2012,7.30,7.25,7.30,7.21,350,2 539,-1.35%
19/07/2012,7.40,7.23,7.40,7.23,521,3 811,2.64%
18/07/2012,7.21,7.40,7.40,7.21,622,4 544,-2.57%
17/07/2012,7.40,7.40,7.40,7.40,572,4 233,0.00%
16/07/2012,7.40,7.30,7.40,7.30,238,1 749,-0.40%
13/07/2012,7.43,7.25,7.43,7.20,739,5 406,2.48%
12/07/2012,7.25,7.23,7.44,7.23,21,154,-2.68%
11/07/2012,7.45,7.44,7.45,7.40,2 695,20 010,0.00%
10/07/2012,7.45,7.75,7.75,7.45,1 409,10 708,-4.49%
09/07/2012,7.80,7.80,7.80,7.80,1,8,4.00%
06/07/2012,7.50,7.59,7.59,7.20,32,237,1.35%
05/07/2012,7.40,7.40,7.40,7.40,125,925,0.00%
04/07/2012,7.40,7.21,7.40,7.21,1 289,9 416,0.00%
03/07/2012,7.40,7.30,7.40,7.20,501,3 657,2.78%
02/07/2012,7.20,7.21,7.21,7.20,7 828,56 401,-2.70%
28/06/2012,7.40,7.15,7.40,7.15,2 122,15 438,2.78%
27/06/2012,7.20,7.35,7.35,7.20,211,1 535,-2.04%
26/06/2012,7.35,7.15,7.35,7.15,984,7 134,0.00%
25/06/2012,7.35,7.14,7.35,7.14,209,1 514,1.94%
22/06/2012,7.21,7.22,7.22,7.21,563,4 062,0.00%
21/06/2012,7.21,7.19,7.38,7.19,1 104,8 043,-3.87%
20/06/2012,7.50,7.50,7.50,7.28,566,4 183,0.00%
19/06/2012,7.50,7.36,7.50,7.35,239,1 775,-0.92%
18/06/2012,7.57,7.57,7.57,7.57,207,1 567,-0.13%
15/06/2012,7.58,7.44,7.58,7.44,231,1 735,0.00%
14/06/2012,7.58,7.60,7.60,7.58,800,6 072,0.00%
13/06/2012,7.58,7.55,7.58,7.55,713,5 394,-1.56%
11/06/2012,7.70,7.55,7.79,7.55,1 000,7 670,1.72%
08/06/2012,7.57,7.50,7.60,7.30,629,4 686,0.93%
07/06/2012,7.50,7.44,7.50,7.44,395,2 951,0.81%
06/06/2012,7.44,7.35,7.44,7.35,881,6 515,0.81%
05/06/2012,7.38,7.29,7.40,7.29,3 886,28 543,2.50%
04/06/2012,7.20,7.12,7.29,7.12,1 569,11 305,1.27%
31/05/2012,7.10,7.10,7.10,7.10,4 552,32 319,0.00%
30/05/2012,7.10,7.10,7.10,7.10,6 802,48 294,0.00%
29/05/2012,7.10,7.10,7.15,7.10,6 910,49 234,0.00%
28/05/2012,7.10,7.10,7.10,7.10,7 382,52 412,-1.39%
25/05/2012,7.20,7.20,7.20,7.10,935,6 685,0.00%
24/05/2012,7.20,7.20,7.20,7.20,1 028,7 402,-0.69%
23/05/2012,7.25,7.26,7.26,7.25,28,203,2.84%
22/05/2012,7.05,7.00,7.05,6.90,7 111,49 599,1.44%
21/05/2012,6.95,7.00,7.00,6.95,2 515,17 542,-0.71%
18/05/2012,7.00,6.91,7.00,6.91,103,716,0.00%
17/05/2012,7.00,7.10,7.10,6.89,2 666,18 649,-1.41%
16/05/2012,7.10,7.10,7.20,7.10,6 976,49 878,-1.39%
15/05/2012,7.20,7.38,7.38,7.16,3 421,24 871,-3.74%
14/05/2012,7.48,7.71,7.71,7.48,917,6 965,-8.00%
11/05/2012,8.13,8.13,8.13,8.13,74,602,0.00%
10/05/2012,8.13,8.01,8.13,8.01,1 892,15 268,1.50%
09/05/2012,8.01,8.05,8.05,8.01,317,2 546,-1.84%
08/05/2012,8.16,8.03,8.16,8.03,179,1 449,-0.37%
03/05/2012,8.19,8.23,8.23,8.01,1 381,11 214,-2.03%
02/05/2012,8.36,8.59,8.59,8.34,1 130,9 565,-1.65%
30/04/2012,8.50,8.38,8.50,8.25,4 209,35 250,0.00%
27/04/2012,8.50,8.39,8.50,8.38,3 385,28 569,1.43%
26/04/2012,8.38,8.37,8.38,8.25,1 999,16 622,0.00%
25/04/2012,8.38,8.21,8.38,8.10,2 219,18 285,2.07%
24/04/2012,8.21,8.23,8.28,8.20,1 664,13 711,-1.08%
23/04/2012,8.30,8.37,8.37,8.28,2 280,18 981,-0.95%
20/04/2012,8.38,8.45,8.45,8.22,3 376,28 139,-0.95%
19/04/2012,8.46,8.46,8.50,8.46,598,5 071,-0.59%
18/04/2012,8.51,8.49,8.55,8.45,791,6 724,0.24%
17/04/2012,8.49,8.52,8.52,8.42,932,7 894,-0.35%
16/04/2012,8.52,8.59,8.59,8.37,3 899,33 064,-1.16%
13/04/2012,8.62,8.65,8.65,8.56,2 455,21 125,-0.35%
12/04/2012,8.65,8.89,8.89,8.63,7 173,62 835,-1.70%
11/04/2012,8.80,8.68,8.94,8.65,6 753,59 393,1.73%
10/04/2012,8.65,8.65,8.69,8.60,5 840,50 487,0.00%
06/04/2012,8.65,8.40,8.65,8.32,7 139,60 574,2.98%
05/04/2012,8.40,8.20,8.44,8.20,8 469,70 462,2.19%
04/04/2012,8.22,8.04,8.23,8.04,5 782,47 037,-0.24%
03/04/2012,8.24,7.97,8.25,7.97,7 967,64 612,3.65%
02/04/2012,7.95,7.94,7.95,7.90,1 711,13 560,1.02%
30/03/2012,7.87,7.85,7.90,7.85,2 256,17 766,0.25%
29/03/2012,7.85,7.80,7.85,7.80,2 945,23 045,0.64%
28/03/2012,7.80,7.71,7.80,7.71,2 387,18 511,1.30%
27/03/2012,7.70,7.82,7.82,7.70,2 580,20 021,-0.90%
26/03/2012,7.77,7.66,7.77,7.65,751,5 790,1.83%
23/03/2012,7.63,7.63,7.63,7.63,200,1 526,0.13%
22/03/2012,7.62,7.60,7.65,7.60,4 470,34 084,0.26%
21/03/2012,7.60,7.61,7.61,7.60,288,2 190,-0.13%
19/03/2012,7.61,7.61,7.61,7.61,488,3 714,0.13%
16/03/2012,7.60,7.62,7.68,7.60,3 438,26 266,-0.39%
15/03/2012,7.63,7.63,7.65,7.63,2 027,15 486,-0.78%
14/03/2012,7.69,7.63,7.69,7.63,1 571,12 034,-1.28%
13/03/2012,7.79,7.79,7.79,7.79,10,78,1.30%
12/03/2012,7.69,7.70,7.70,7.69,14 055,108 153,-0.13%
09/03/2012,7.70,7.79,7.79,7.70,4 210,32 606,-0.13%
08/03/2012,7.71,7.70,7.79,7.69,1 430,11 068,0.26%
07/03/2012,7.69,7.65,7.69,7.60,1 537,11 750,-0.13%
06/03/2012,7.70,7.60,7.70,7.60,215,1 645,0.79%
05/03/2012,7.64,7.60,7.64,7.55,1 570,11 924,0.53%
01/03/2012,7.58,7.70,7.70,7.58,18 301,139 820,-1.30%
29/02/2012,7.68,7.53,7.76,7.53,27 534,210 497,4.92%
28/02/2012,7.32,7.35,7.36,7.32,2 462,18 071,-2.92%
27/02/2012,7.54,7.59,7.59,7.54,360,2 723,1.21%
24/02/2012,7.45,7.46,7.49,7.45,1 440,10 757,-0.67%
23/02/2012,7.50,7.31,7.63,7.30,17 531,130 869,2.74%
22/02/2012,7.30,7.08,7.36,7.08,13 322,96 185,3.55%
21/02/2012,7.05,7.00,7.05,7.00,3 570,25 079,0.43%
20/02/2012,7.02,7.02,7.02,7.02,300,2 106,0.29%
16/02/2012,7.00,7.00,7.00,7.00,100,700,0.00%
15/02/2012,7.00,7.00,7.00,7.00,1 497,10 479,0.00%
14/02/2012,7.00,7.00,7.00,7.00,670,4 690,0.00%
13/02/2012,7.00,7.00,7.00,7.00,1 600,11 200,0.00%
10/02/2012,7.00,7.00,7.04,7.00,26 480,185 890,0.00%
09/02/2012,7.00,7.00,7.00,7.00,3 445,24 115,0.00%
08/02/2012,7.00,6.96,7.05,6.96,6 863,48 075,0.00%
07/02/2012,7.00,7.00,7.00,6.95,4 460,31 109,0.00%
06/02/2012,7.00,6.97,7.00,6.90,2 500,17 375,-0.71%
03/02/2012,7.05,6.92,7.05,6.92,101,705,0.71%
02/02/2012,7.00,7.00,7.00,6.95,1 120,7 812,0.00%
01/02/2012,7.00,7.00,7.00,7.00,1 235,8 645,0.00%
31/01/2012,7.00,7.00,7.00,7.00,3 750,26 250,0.00%
27/01/2012,7.00,7.04,7.04,7.00,345,2 422,0.00%
26/01/2012,7.00,7.02,7.02,7.00,3 225,22 607,0.00%
25/01/2012,7.00,7.05,7.05,7.00,850,5 971,0.00%
24/01/2012,7.00,7.07,7.07,7.00,1 150,8 090,0.00%
20/01/2012,7.00,7.00,7.00,7.00,2 423,16 961,0.00%
19/01/2012,7.00,7.04,7.04,7.00,4 279,30 039,-0.57%
18/01/2012,7.04,7.04,7.07,7.04,2 451,17 292,-0.85%
17/01/2012,7.10,7.05,7.10,7.05,4 148,29 347,0.00%
16/01/2012,7.10,7.03,7.10,7.03,4 548,32 132,0.00%
13/01/2012,7.10,7.09,7.10,7.01,6 939,48 955,0.28%
12/01/2012,7.08,7.08,7.08,7.08,1 066,7 547,1.14%
11/01/2012,7.00,7.00,7.00,7.00,2 675,18 725,0.00%
10/01/2012,7.00,7.00,7.08,7.00,2 723,19 170,0.00%
09/01/2012,7.00,7.05,7.05,7.00,1 025,7 201,0.00%
06/01/2012,7.00,7.00,7.00,6.89,570,3 959,0.00%
05/01/2012,7.00,7.08,7.10,7.00,1 968,13 874,-1.13%
04/01/2012,7.08,6.98,7.08,6.98,1 134,7 972,1.43%
03/01/2012,6.98,6.88,6.98,6.88,1 700,11 781,2.50%
02/01/2012,6.81,6.70,6.81,6.70,1 625,10 977,2.87%
30/12/2011,6.62,6.75,6.78,6.62,5 620,37 654,-1.05%
29/12/2011,6.69,6.50,6.69,6.50,5 864,38 673,2.92%
28/12/2011,6.50,6.48,6.50,6.48,1 899,12 325,0.00%
27/12/2011,6.50,6.50,6.50,6.50,20,130,1.40%
26/12/2011,6.41,6.41,6.41,6.41,28,179,0.16%
23/12/2011,6.40,6.40,6.40,6.40,2 178,13 939,-1.54%
22/12/2011,6.50,6.50,6.50,6.50,206,1 339,1.56%
21/12/2011,6.40,6.40,6.40,6.40,2 777,17 773,-1.54%
20/12/2011,6.50,6.49,6.50,6.40,997,6 431,1.56%
19/12/2011,6.40,6.37,6.40,6.37,2 455,15 675,0.00%
16/12/2011,6.40,6.40,6.40,6.40,845,5 408,0.00%
15/12/2011,6.40,6.40,6.40,6.40,315,2 016,-1.23%
14/12/2011,6.48,6.33,6.50,6.33,3 031,19 444,2.37%
13/12/2011,6.33,6.33,6.33,6.30,65 243,412 010,0.00%
12/12/2011,6.33,6.33,6.33,6.33,1 800,11 394,0.00%
09/12/2011,6.33,6.33,6.33,6.33,250,1 583,0.48%
08/12/2011,6.30,6.30,6.30,6.30,920,5 796,0.00%
07/12/2011,6.30,6.30,6.30,6.30,30,189,0.00%
06/12/2011,6.30,6.31,6.31,6.30,4 023,25 365,0.00%
05/12/2011,6.30,6.30,6.31,6.28,7 140,44 946,0.00%
01/12/2011,6.30,6.39,6.39,6.30,4 562,28 946,-1.41%
30/11/2011,6.39,6.37,6.39,6.35,617,3 930,-0.31%
29/11/2011,6.41,6.41,6.41,6.40,1 254,8 032,0.00%
28/11/2011,6.41,6.40,6.42,6.40,4 447,28 505,0.31%
25/11/2011,6.39,6.36,6.39,6.36,3 378,21 535,0.16%
24/11/2011,6.38,6.31,6.38,6.31,3 210,20 367,0.47%
23/11/2011,6.35,6.29,6.35,6.29,12 372,78 191,1.60%
22/11/2011,6.25,6.25,6.25,6.25,565,3 531,0.00%
21/11/2011,6.25,6.25,6.25,6.25,2 000,12 500,0.00%
18/11/2011,6.25,6.26,6.26,6.25,2 330,14 574,-0.16%
17/11/2011,6.26,6.25,6.26,6.25,2 285,14 293,0.16%
16/11/2011,6.25,6.25,6.25,6.23,4 830,30 139,0.00%
14/11/2011,6.25,6.25,6.29,6.25,3 160,19 813,0.00%
11/11/2011,6.25,6.25,6.25,6.25,15,94,0.81%
10/11/2011,6.20,6.20,6.20,6.20,100,620,0.81%
09/11/2011,6.15,6.15,6.15,6.15,160,984,-0.81%
08/11/2011,6.20,6.15,6.24,6.15,2 600,16 107,0.49%
04/11/2011,6.17,6.15,6.17,6.15,500,3 080,-0.80%
03/11/2011,6.22,6.30,6.30,6.22,590,3 693,1.14%
01/11/2011,6.15,6.36,6.36,6.15,200,1 251,-0.81%
31/10/2011,6.20,6.10,6.20,6.10,965,5 935,1.64%
27/10/2011,6.10,6.10,6.10,6.10,2 223,13 560,0.00%
26/10/2011,6.10,6.10,6.10,6.10,500,3 050,1.67%
25/10/2011,6.00,6.00,6.00,6.00,1 310,7 860,0.00%
24/10/2011,6.00,6.13,6.13,6.00,10 861,65 872,-2.44%
21/10/2011,6.15,6.20,6.20,6.15,5 100,31 493,0.16%
20/10/2011,6.14,6.13,6.14,6.13,2 534,15 546,-1.29%
19/10/2011,6.22,6.18,6.22,6.18,550,3 410,0.32%
17/10/2011,6.20,6.20,6.20,6.20,5 000,31 000,0.00%
14/10/2011,6.20,6.10,6.20,6.10,260,1 599,0.00%
13/10/2011,6.20,6.19,6.20,6.02,5 638,34 448,0.00%
12/10/2011,6.20,6.38,6.38,6.19,4 988,31 350,-0.32%
11/10/2011,6.22,6.22,6.30,6.22,1 572,9 841,-1.27%
10/10/2011,6.30,6.30,6.30,6.22,3 604,22 561,0.00%
07/10/2011,6.30,6.30,6.30,6.30,2 016,12 701,0.00%
06/10/2011,6.30,6.40,6.40,6.30,2 185,13 875,-1.56%
05/10/2011,6.40,6.37,6.40,6.37,5 500,35 118,0.47%
04/10/2011,6.37,6.37,6.37,6.37,3 810,24 270,2.91%
03/10/2011,6.19,6.18,6.19,6.18,3 489,21 579,1.48%
30/09/2011,6.10,6.10,6.10,6.10,9 071,55 333,0.00%
29/09/2011,6.10,6.10,6.10,6.06,10 293,62 581,-0.16%
28/09/2011,6.11,6.20,6.27,6.11,8 565,53 017,-0.81%
27/09/2011,6.16,6.10,6.27,6.10,7 543,46 653,0.98%
26/09/2011,6.10,6.10,6.10,6.10,349,2 129,0.83%
23/09/2011,6.05,6.00,6.05,6.00,4 705,28 348,-0.82%
22/09/2011,6.10,6.10,6.10,6.10,1 926,11 749,0.83%
21/09/2011,6.05,6.00,6.05,5.96,6 457,38 774,0.83%
20/09/2011,6.00,5.86,6.05,5.86,2 713,16 156,0.00%
19/09/2011,6.00,6.00,6.00,6.00,1 600,9 600,-0.17%
16/09/2011,6.01,6.00,6.01,6.00,1 700,10 209,0.17%
15/09/2011,6.00,6.00,6.00,6.00,302,1 812,0.00%
14/09/2011,6.00,6.00,6.00,6.00,1 300,7 800,0.00%
13/09/2011,6.00,6.00,6.00,6.00,3 270,19 620,0.00%
12/09/2011,6.00,6.00,6.00,6.00,600,3 600,0.00%
09/09/2011,6.00,6.00,6.10,6.00,11 010,66 611,0.17%
08/09/2011,5.99,6.00,6.00,5.99,380,2 278,-0.17%
07/09/2011,6.00,5.90,6.00,5.90,7 800,46 410,0.00%
06/09/2011,6.00,5.87,6.00,5.87,1 696,10 066,2.39%
05/09/2011,5.86,5.90,5.90,5.86,1 600,9 408,0.00%
29/08/2011,5.90,5.90,5.90,5.90,4 000,23 600,0.00%
26/08/2011,5.90,5.90,5.90,5.90,674,3 977,0.00%
25/08/2011,5.90,5.90,5.90,5.90,560,3 304,-0.84%
24/08/2011,5.95,5.95,5.95,5.95,85,506,0.00%
23/08/2011,5.95,5.95,5.95,5.95,705,4 195,0.00%
22/08/2011,5.95,5.81,5.95,5.81,1 005,5 909,0.85%
19/08/2011,5.90,5.90,5.92,5.90,1 510,8 924,0.00%
18/08/2011,5.90,5.90,5.90,5.90,16 218,95 686,1.55%
17/08/2011,5.81,5.81,5.81,5.81,650,3 776,0.17%
16/08/2011,5.80,5.80,5.81,5.80,14 812,85 984,-0.17%
15/08/2011,5.81,5.81,5.81,5.81,208,1 208,0.00%
12/08/2011,5.81,5.81,5.81,5.81,1 000,5 810,-1.53%
11/08/2011,5.90,5.93,5.93,5.90,516,3 052,0.00%
10/08/2011,5.90,5.80,5.90,5.80,2 475,14 479,1.72%
09/08/2011,5.80,5.81,5.81,5.80,3 616,20 991,-0.17%
08/08/2011,5.81,5.82,5.82,5.81,192,1 116,0.00%
05/08/2011,5.81,5.92,5.92,5.81,1 298,7 613,-2.35%
04/08/2011,5.95,5.95,5.95,5.95,2,12,0.00%
03/08/2011,5.95,5.95,5.95,5.90,3 325,19 701,0.00%
02/08/2011,5.95,5.95,5.95,5.95,600,3 570,-0.83%
01/08/2011,6.00,6.00,6.00,6.00,74,444,0.84%
29/07/2011,5.95,5.95,5.95,5.95,1 355,8 062,0.00%
28/07/2011,5.95,6.00,6.00,5.95,46,275,0.00%
27/07/2011,5.95,5.93,5.95,5.93,350,2 079,0.85%
26/07/2011,5.90,5.90,5.90,5.90,952,5 617,0.00%
22/07/2011,5.90,5.90,5.90,5.90,203,1 198,0.00%
21/07/2011,5.90,5.82,5.90,5.82,1 122,6 575,1.37%
20/07/2011,5.82,5.82,5.82,5.82,675,3 929,0.00%
19/07/2011,5.82,5.81,5.89,5.81,7 445,43 553,0.00%
18/07/2011,5.82,5.82,5.82,5.82,1 050,6 111,0.00%
15/07/2011,5.82,5.81,5.82,5.81,995,5 786,0.17%
14/07/2011,5.81,5.80,5.81,5.80,200,1 161,0.17%
13/07/2011,5.80,5.80,5.80,5.80,500,2 900,-1.69%
12/07/2011,5.90,5.90,5.90,5.90,48,283,2.25%
11/07/2011,5.77,5.77,5.78,5.77,738,4 262,-2.86%
08/07/2011,5.94,5.84,5.94,5.80,575,3 375,0.00%
07/07/2011,5.94,5.95,5.95,5.80,215,1 263,-0.17%
06/07/2011,5.95,5.81,5.95,5.65,1 710,9 918,2.23%
05/07/2011,5.82,5.82,5.82,5.82,57,332,0.17%
04/07/2011,5.81,5.81,5.82,5.81,3 799,22 091,0.17%
01/07/2011,5.80,5.80,5.80,5.80,605,3 509,0.00%
30/06/2011,5.80,5.80,5.95,5.80,1 119,6 574,0.00%
29/06/2011,5.80,5.80,5.81,5.80,682,3 959,0.00%
28/06/2011,5.80,5.90,5.90,5.80,517,3 024,-1.69%
27/06/2011,5.90,5.98,5.98,5.90,298,1 770,1.55%
24/06/2011,5.81,5.81,5.81,5.81,600,3 486,0.17%
23/06/2011,5.80,5.80,5.81,5.80,1 254,7 279,0.00%
22/06/2011,5.80,5.83,5.90,5.80,3 779,22 107,-0.51%
21/06/2011,5.83,5.84,5.84,5.83,651,3 799,-1.19%
20/06/2011,5.90,5.90,5.90,5.90,85,502,-1.50%
16/06/2011,5.99,5.99,5.99,5.82,710,4 193,-0.17%
14/06/2011,6.00,6.00,6.00,6.00,160,960,0.00%
13/06/2011,6.00,5.82,6.00,5.82,440,2 600,0.00%
09/06/2011,6.00,6.00,6.00,6.00,10,60,0.00%
06/06/2011,6.00,6.00,6.00,5.70,54,316,2.21%
02/06/2011,6.00,6.00,6.00,6.00,18,108,0.00%
31/05/2011,6.00,6.00,6.00,6.00,1 000,6 000,0.00%
30/05/2011,6.00,6.00,6.00,6.00,1 000,6 000,0.00%
27/05/2011,6.00,5.85,6.00,5.81,1 495,8 828,0.00%
26/05/2011,6.00,6.00,6.00,6.00,2 000,12 000,0.00%
25/05/2011,6.00,6.00,6.00,5.83,3 059,18 094,0.84%
24/05/2011,5.95,5.95,5.95,5.95,1 208,7 188,0.00%
23/05/2011,5.95,5.99,5.99,5.82,392,2 315,-0.83%
20/05/2011,6.00,5.85,6.00,5.84,534,3 161,0.17%
19/05/2011,5.99,6.16,6.16,5.82,199,1 192,-0.17%
18/05/2011,6.00,6.00,6.01,6.00,2 806,16 850,-2.76%
17/05/2011,6.17,6.17,6.17,6.17,35,216,2.83%
16/05/2011,6.00,6.00,6.00,6.00,1 050,6 300,-1.32%
13/05/2011,6.08,6.20,6.20,6.08,325,1 996,-1.94%
11/05/2011,6.20,6.20,6.20,6.20,3 253,20 169,0.81%
10/05/2011,6.15,6.33,6.33,6.15,1 200,7 488,-4.06%
09/05/2011,6.41,6.41,6.41,6.41,200,1 282,-2.44%
06/05/2011,6.57,6.57,6.57,6.57,2,13,1.55%
05/05/2011,6.47,6.67,6.67,6.47,101,664,-3.29%
04/05/2011,6.69,6.69,6.69,6.69,1,7,1.52%
03/05/2011,6.59,6.49,6.59,6.49,251,1 642,-1.49%
29/04/2011,6.69,6.69,6.69,6.69,8,54,3.72%
28/04/2011,6.45,6.55,6.55,6.45,1 102,7 163,-2.71%
27/04/2011,6.63,6.83,6.83,6.63,387,2 605,-6.36%
26/04/2011,7.08,7.20,7.20,7.00,16 076,114 140,-1.39%
25/04/2011,7.18,6.90,7.18,6.90,14 124,99 433,2.87%
22/04/2011,6.98,6.83,6.98,6.83,3 111,21 481,-0.14%
21/04/2011,6.99,6.64,7.00,6.64,7 702,52 528,2.64%
20/04/2011,6.81,6.75,6.81,6.66,5 119,34 476,1.64%
19/04/2011,6.70,6.70,6.75,6.70,1 896,12 751,0.00%
18/04/2011,6.70,6.60,6.70,6.59,5 301,35 225,-0.30%
15/04/2011,6.72,6.60,6.72,6.59,3 001,19 972,0.30%
14/04/2011,6.70,6.90,6.90,6.70,6 115,41 582,-1.03%
13/04/2011,6.77,6.81,6.82,6.77,6 003,40 790,-2.87%
12/04/2011,6.97,6.80,6.97,6.80,1 309,9 012,0.00%
11/04/2011,6.97,6.90,6.97,6.90,4 209,29 189,-0.14%
08/04/2011,6.98,6.78,6.98,6.78,510,3 509,1.01%
07/04/2011,6.91,7.00,7.00,6.91,3 391,23 584,-0.86%
06/04/2011,6.97,6.97,6.97,6.90,1 710,11 859,0.00%
05/04/2011,6.97,6.97,6.97,6.96,2 820,19 641,0.14%
04/04/2011,6.96,7.17,7.17,6.96,1 001,7 072,-0.14%
01/04/2011,6.97,7.08,7.08,6.97,3 940,27 679,-1.55%
31/03/2011,7.08,7.00,7.08,7.00,250,1 760,-0.14%
30/03/2011,7.09,7.00,7.09,7.00,1 230,8 665,0.00%
29/03/2011,7.09,7.00,7.09,7.00,891,6 277,-1.39%
28/03/2011,7.19,7.17,7.19,7.17,151,1 084,0.56%
25/03/2011,7.15,7.20,7.20,7.00,411,2 918,2.14%
24/03/2011,7.00,7.15,7.15,7.00,1 604,11 348,0.00%
23/03/2011,7.00,7.28,7.28,7.00,1 326,9 468,-1.41%
22/03/2011,7.10,7.00,7.20,7.00,3 489,24 772,0.42%
18/03/2011,7.07,7.00,7.10,6.96,1 265,8 893,1.73%
17/03/2011,6.95,6.98,7.08,6.90,4 373,30 567,-0.43%
16/03/2011,6.98,6.99,6.99,6.90,1 441,10 008,0.00%
15/03/2011,6.98,6.96,7.00,6.96,1 027,7 168,0.00%
14/03/2011,6.98,7.00,7.00,6.84,12 154,84 106,1.45%
11/03/2011,6.88,6.81,7.00,6.81,10 080,69 602,1.33%
10/03/2011,6.79,6.80,6.88,6.79,74 813,511 347,-3.00%
09/03/2011,7.00,7.09,7.10,6.86,18 230,127 245,2.94%
08/03/2011,6.80,6.62,6.80,6.62,25 913,173 876,2.87%
24/02/2011,6.41,6.41,6.41,6.41,100,641,-2.88%
23/02/2011,6.60,6.80,6.80,6.43,320,2 117,-0.30%
22/02/2011,6.62,6.70,6.70,6.62,850,5 661,-1.93%
21/02/2011,6.75,6.75,6.75,6.75,2 323,15 680,0.00%
18/02/2011,6.75,6.78,6.80,6.75,2 895,19 614,-0.44%
17/02/2011,6.78,6.78,6.78,6.78,1 098,7 444,0.00%
14/02/2011,6.78,6.78,6.78,6.60,2 753,18 418,-0.15%
10/02/2011,6.79,6.66,6.79,6.66,1 697,11 412,-0.15%
09/02/2011,6.80,6.82,6.82,6.80,6 370,43 380,-0.58%
08/02/2011,6.84,6.87,7.07,6.84,3 595,25 003,-0.29%
07/02/2011,6.86,7.15,7.15,6.86,23 477,164 456,0.15%
04/02/2011,6.85,6.85,6.85,6.76,5 974,40 653,5.38%
03/02/2011,6.50,6.50,6.50,6.50,200,1 300,2.04%
02/02/2011,6.37,6.30,6.40,6.30,3 136,19 914,1.27%
01/02/2011,6.29,5.98,6.30,5.95,7 395,45 294,2.61%
31/01/2011,6.13,6.31,6.31,6.13,738,4 590,-2.85%
14/01/2011,6.31,6.13,6.31,6.13,15 630,97 219,0.00%
13/01/2011,6.31,6.50,6.50,6.31,4 000,25 620,-2.92%
12/01/2011,6.50,6.50,6.50,6.39,10 270,66 190,-4.27%
11/01/2011,6.79,6.80,6.80,6.79,10 559,71 748,-3.00%
10/01/2011,7.00,7.21,7.21,6.79,8 990,62 930,-2.91%
07/01/2011,7.21,7.20,7.21,7.20,1 593,11 478,0.70%
06/01/2011,7.16,7.24,7.25,7.16,900,6 485,-0.56%
05/01/2011,7.20,7.26,7.26,7.20,700,5 061,-0.96%
04/01/2011,7.27,7.07,7.27,7.07,695,4 983,2.83%
03/01/2011,7.07,7.07,7.07,7.07,100,707,0.14%
31/12/2010,7.06,7.00,7.26,7.00,1 977,14 096,-1.81%
30/12/2010,7.19,7.19,7.20,7.00,2 255,16 011,-0.14%
29/12/2010,7.20,7.25,7.25,7.19,3 027,21 855,-0.41%
28/12/2010,7.23,7.23,7.23,7.23,500,3 615,-0.41%
27/12/2010,7.26,7.31,7.31,7.26,5 076,36 979,-0.55%
24/12/2010,7.30,7.30,7.30,7.30,100,730,-1.35%
23/12/2010,7.40,7.30,7.40,7.30,680,4 998,1.37%
22/12/2010,7.30,7.30,7.31,7.30,2 219,16 210,0.00%
21/12/2010,7.30,7.50,7.50,7.30,8 326,61 612,-2.54%
20/12/2010,7.49,7.50,7.50,7.49,2 960,22 185,1.22%
17/12/2010,7.40,7.40,7.45,7.40,3 958,29 388,0.00%
16/12/2010,7.40,7.39,7.45,7.39,8 188,60 755,0.14%
15/12/2010,7.39,7.39,7.39,7.39,392,2 897,0.14%
14/12/2010,7.38,7.30,7.38,7.21,580,4 231,1.37%
13/12/2010,7.28,7.32,7.32,7.28,2 185,15 951,-2.15%
10/12/2010,7.44,7.50,7.50,7.42,3 141,23 432,-0.80%
09/12/2010,7.50,7.42,7.51,7.41,22 490,167 775,0.00%
08/12/2010,7.50,7.50,7.50,7.50,1 050,7 875,-1.06%
