15/02/2023,4.25,4.25,4.25,4.25,25,106,0.00%
09/02/2023,4.25,4.25,4.44,4.25,715,3 107,-4.28%
08/02/2023,4.44,4.44,4.44,4.44,1 020,4 529,0.00%
06/02/2023,4.44,4.44,4.44,4.25,4,17,-0.22%
01/02/2023,4.45,4.45,4.45,4.45,15,67,0.00%
31/01/2023,4.45,4.45,4.46,4.45,100,446,-0.22%
30/01/2023,4.46,4.46,4.46,4.36,10,44,2.29%
27/01/2023,4.36,4.36,4.36,4.36,11,48,0.00%
25/01/2023,4.36,4.36,4.36,4.36,210,916,4.31%
23/01/2023,4.18,4.18,4.18,4.18,52,217,0.00%
20/01/2023,4.18,4.18,4.21,4.18,324,1 359,-0.71%
19/01/2023,4.21,4.21,4.21,4.21,30,126,0.00%
17/01/2023,4.21,4.21,4.40,4.21,22,95,-8.48%
13/01/2023,4.60,4.60,4.60,4.58,9,41,0.44%
12/01/2023,4.58,4.58,4.58,4.58,205,939,0.00%
11/01/2023,4.58,4.58,4.58,4.58,15,69,0.00%
06/01/2023,4.58,4.58,4.58,4.58,2 207,10 108,8.79%
03/01/2023,4.21,4.21,4.21,4.18,20,84,5.25%
28/12/2022,4.00,4.00,4.18,4.00,25,102,-4.31%
27/12/2022,4.18,4.18,4.35,4.18,5,21,0.24%
23/12/2022,4.17,4.17,4.36,4.17,22,94,-4.36%
22/12/2022,4.36,4.36,4.50,4.36,1 291,5 719,-8.21%
16/12/2022,4.75,4.75,4.77,4.75,1 580,7 521,-4.81%
13/12/2022,4.99,4.99,5.00,4.99,1,5,-0.20%
12/12/2022,5.00,5.00,5.00,5.00,5,25,0.00%
09/12/2022,5.00,5.00,5.00,4.96,14,70,9.89%
06/12/2022,4.55,4.55,4.55,4.36,45,200,4.36%
05/12/2022,4.36,4.36,4.56,4.36,224,999,-16.48%
29/11/2022,5.22,5.22,5.22,5.00,1,5,4.40%
28/11/2022,5.00,5.00,5.22,5.00,400,2 044,0.00%
24/11/2022,5.00,5.00,5.20,5.00,763,3 891,-3.85%
23/11/2022,5.20,5.20,5.20,5.00,250,1 275,4.00%
17/11/2022,5.20,5.20,5.20,5.20,540,2 808,0.00%
14/11/2022,5.20,5.20,5.20,5.00,200,1 020,4.00%
11/11/2022,5.00,5.00,5.00,5.00,27,135,0.00%
04/11/2022,5.00,5.00,5.19,5.00,1 100,5 605,-3.66%
03/11/2022,5.19,5.19,5.34,5.19,1 756,9 245,-2.81%
02/11/2022,5.34,5.34,5.35,5.34,3 311,17 697,-0.19%
01/11/2022,5.35,5.35,5.35,5.35,45,241,0.00%
31/10/2022,5.35,5.35,5.35,5.20,3,16,2.88%
28/10/2022,5.20,5.20,5.20,5.02,750,3 832,3.59%
27/10/2022,5.02,5.02,5.23,5.02,3 282,16 820,-4.02%
26/10/2022,5.23,5.23,5.23,5.01,949,4 859,4.39%
25/10/2022,5.01,5.01,5.01,4.89,1 259,6 232,2.45%
24/10/2022,4.89,4.89,4.98,4.89,1 690,8 340,11.64%
18/10/2022,4.38,4.38,4.38,4.21,176,756,4.04%
17/10/2022,4.21,4.21,4.40,4.21,880,3 788,-8.48%
13/10/2022,4.60,4.60,4.81,4.60,1 111,5 227,-4.37%
12/10/2022,4.81,4.81,5.03,4.81,5 970,29 372,-4.37%
11/10/2022,5.03,5.03,5.26,5.03,3 110,16 001,-4.37%
10/10/2022,5.26,5.26,5.50,5.26,5 215,28 057,-4.36%
07/10/2022,5.50,5.50,5.50,5.50,1 342,7 381,0.00%
06/10/2022,5.50,5.50,5.50,5.38,6 558,35 676,2.23%
05/10/2022,5.38,5.38,5.38,5.15,16 430,86 504,4.47%
04/10/2022,5.15,5.15,5.15,4.93,530,2 671,4.46%
03/10/2022,4.93,4.93,4.93,4.72,2 538,12 246,4.45%
30/09/2022,4.72,4.72,4.72,4.52,2 208,10 201,4.42%
29/09/2022,4.52,4.52,4.52,4.33,1 010,4 469,8.92%
27/09/2022,4.15,4.15,4.15,3.98,5 090,20 691,4.27%
26/09/2022,3.98,3.98,3.98,3.81,15 108,58 846,4.46%
23/09/2022,3.81,3.81,3.81,3.77,935,3 544,5.54%
20/09/2022,3.61,3.61,3.67,3.61,1 000,3 640,2.56%
16/09/2022,3.52,3.52,3.52,3.37,2 243,7 727,8.98%
14/09/2022,3.23,3.23,3.23,3.14,520,1 656,2.87%
12/09/2022,3.14,3.14,3.14,3.13,300,940,0.32%
09/09/2022,3.13,3.13,3.13,3.13,326,1 020,0.00%
08/09/2022,3.13,3.13,3.13,3.00,9,28,4.33%
07/09/2022,3.00,3.00,3.00,2.98,1,3,0.67%
31/08/2022,2.98,2.98,2.98,2.98,25,75,0.00%
17/08/2022,2.98,2.98,2.98,2.98,500,1 490,0.00%
16/08/2022,2.98,2.98,3.11,2.98,214,652,-4.18%
09/08/2022,3.11,3.11,3.25,3.11,2 150,6 837,-4.31%
05/08/2022,3.25,3.25,3.40,3.25,1 048,3 485,-4.41%
04/08/2022,3.40,3.40,3.40,3.30,1,3,3.03%
26/07/2022,3.30,3.30,3.45,3.30,999,3 372,-4.35%
22/07/2022,3.45,3.45,3.45,3.39,900,3 078,1.77%
21/07/2022,3.39,3.39,3.39,3.27,1,3,13.00%
12/07/2022,3.00,3.00,3.11,3.00,1 499,4 579,-3.54%
08/07/2022,3.11,3.11,3.20,3.11,4,13,-2.81%
06/07/2022,3.20,3.20,3.20,3.16,762,2 423,1.27%
05/07/2022,3.16,3.16,3.30,3.16,3 085,9 965,-4.24%
04/07/2022,3.30,3.30,3.40,3.30,930,3 115,-2.94%
30/06/2022,3.40,3.40,3.40,3.26,29,97,4.29%
29/06/2022,3.26,3.26,3.26,3.12,5,16,9.03%
23/06/2022,2.99,2.99,2.99,2.99,275,822,0.00%
17/06/2022,2.99,2.99,3.00,2.99,700,2 097,-0.33%
16/06/2022,3.00,3.00,3.13,3.00,480,1 471,-4.15%
09/06/2022,3.13,3.13,3.13,3.13,149,466,0.00%
06/06/2022,3.13,3.13,3.13,3.13,122,382,0.00%
03/06/2022,3.13,3.13,3.13,3.13,1 000,3 130,0.00%
02/06/2022,3.13,3.13,3.13,3.13,2,6,0.00%
30/05/2022,3.13,3.13,3.27,3.13,212,678,-4.28%
27/05/2022,3.27,3.27,3.42,3.27,587,1 964,-4.39%
26/05/2022,3.42,3.42,3.42,3.28,98,328,13.62%
17/05/2022,3.60,3.60,3.60,3.48,1,4,-1.10%
11/05/2022,3.64,3.64,3.64,3.64,380,1 383,0.00%
05/05/2022,3.64,3.64,3.64,3.64,1,4,0.00%
04/05/2022,3.64,3.64,3.65,3.64,20,73,-0.55%
18/04/2022,3.66,3.66,3.66,3.66,128,468,0.00%
15/04/2022,3.66,3.66,3.66,3.66,20,73,-4.44%
12/04/2022,3.83,3.83,3.83,3.70,7,26,3.51%
11/04/2022,3.70,3.70,3.70,3.55,157,569,4.23%
08/04/2022,3.55,3.55,3.55,3.41,3,10,18.33%
04/04/2022,3.00,3.00,3.00,2.95,220,655,1.69%
01/04/2022,2.95,2.95,2.95,2.89,1 110,3 241,2.08%
31/03/2022,2.89,2.89,2.89,2.77,749,2 120,4.33%
29/03/2022,2.77,2.77,2.77,2.66,600,1 629,4.14%
21/03/2022,2.66,2.66,2.66,2.65,81,215,0.38%
18/03/2022,2.65,2.65,2.65,2.65,200,530,0.00%
17/03/2022,2.65,2.65,2.77,2.65,954,2 585,-4.33%
16/03/2022,2.77,2.77,2.77,2.77,646,1 789,0.00%
14/03/2022,2.77,2.77,2.77,2.77,182,504,0.00%
10/03/2022,2.77,2.77,2.88,2.77,1 480,4 181,-3.82%
09/03/2022,2.88,2.88,2.88,2.88,708,2 039,0.00%
03/03/2022,2.88,2.88,2.88,2.88,95,274,0.00%
01/03/2022,2.88,2.88,2.88,2.88,244,703,0.00%
28/02/2022,2.88,2.88,2.88,2.81,611,1 738,2.49%
25/02/2022,2.81,2.81,2.83,2.81,1 151,3 246,-0.71%
24/02/2022,2.83,2.83,2.94,2.83,3 160,9 117,-3.74%
23/02/2022,2.94,2.94,2.95,2.94,905,2 665,-0.34%
16/02/2022,3.35,3.35,3.50,3.35,1 870,6 405,-4.29%
15/02/2022,3.50,3.50,3.66,3.50,2 169,7 765,-4.37%
14/02/2022,3.66,3.66,3.83,3.66,3 105,11 628,-4.44%
11/02/2022,3.83,3.83,3.83,3.79,1 403,5 345,1.06%
10/02/2022,3.79,3.79,3.79,3.70,2 501,9 366,2.43%
09/02/2022,3.70,3.70,3.70,3.57,4 556,16 561,3.64%
08/02/2022,3.57,3.57,3.57,3.42,2 913,10 181,4.39%
07/02/2022,3.42,3.42,3.42,3.28,2 106,7 055,4.27%
04/02/2022,3.28,3.28,3.28,3.14,1 204,3 865,4.46%
03/02/2022,3.14,3.14,3.14,3.08,2 004,6 232,1.95%
02/02/2022,3.08,3.08,3.08,3.00,426,1 295,2.67%
01/02/2022,3.00,3.00,3.00,2.99,197,590,0.33%
28/01/2022,2.99,2.99,2.99,2.96,2 472,7 354,14.56%
21/01/2022,2.61,2.61,2.61,2.52,16,41,3.57%
20/01/2022,2.52,2.52,2.52,2.52,114,287,0.00%
19/01/2022,2.52,2.52,2.52,2.42,60,148,4.13%
18/01/2022,2.42,2.42,2.42,2.41,1 000,2 415,0.41%
10/01/2022,2.41,2.41,2.42,2.41,500,1 208,-0.41%
07/01/2022,2.42,2.42,2.42,2.40,423,1 019,0.83%
05/01/2022,2.40,2.40,2.50,2.40,2 007,4 917,-4.00%
30/12/2021,2.50,2.50,2.50,2.50,22,55,0.00%
24/12/2021,2.50,2.50,2.50,2.43,2 300,5 670,56.25%
01/12/2021,1.60,1.60,1.63,1.60,24,39,-5.88%
26/11/2021,1.70,1.70,1.70,1.70,376 373,639 834,0.00%
22/11/2021,1.70,1.70,1.70,1.70,62 366,106 022,0.00%
12/11/2021,2.00,2.00,2.08,2.00,1 050,2 142,-19.35%
05/11/2021,2.48,2.48,2.59,2.48,625,1 584,-8.49%
01/11/2021,2.71,2.71,2.71,2.60,11,29,4.23%
29/10/2021,2.60,2.60,2.60,2.50,10,26,4.00%
28/10/2021,2.50,2.50,2.50,2.40,328,804,8.70%
25/10/2021,2.30,2.30,2.30,2.30,1 485,3 415,0.00%
22/10/2021,2.30,2.30,2.30,2.21,10,23,4.07%
21/10/2021,2.21,2.21,2.21,2.19,10,22,0.91%
19/10/2021,2.19,2.19,2.19,2.19,179,392,0.00%
13/10/2021,2.19,2.19,2.19,2.19,15,33,0.00%
11/10/2021,2.19,2.19,2.19,2.19,5,11,0.00%
08/10/2021,2.19,2.19,2.19,2.10,5,11,4.29%
06/10/2021,2.10,2.10,2.10,2.02,20,41,3.96%
05/10/2021,2.02,2.02,2.02,1.95,300,596,3.59%
04/10/2021,1.95,1.95,1.95,1.87,200,382,4.28%
28/09/2021,1.87,1.87,1.87,1.80,200,367,3.89%
22/09/2021,1.80,1.80,1.80,1.80,24,43,0.00%
20/09/2021,1.80,1.80,1.80,1.80,2 000,3 600,0.00%
15/09/2021,1.80,1.80,1.80,1.80,1,2,0.56%
26/08/2021,1.79,1.79,1.79,1.79,1,2,0.00%
25/08/2021,1.79,1.79,1.79,1.79,100,179,2.87%
16/08/2021,1.65,1.65,1.65,1.65,25,41,0.00%
12/08/2021,1.65,1.65,1.65,1.65,1 000,1 650,0.00%
09/08/2021,1.65,1.65,1.65,1.65,2 880,4 752,13.01%
27/07/2021,1.46,1.46,1.46,1.46,1,1,0.00%
23/07/2021,1.46,1.46,1.46,1.46,25,37,2.82%
19/07/2021,1.42,1.42,1.42,1.42,300,426,1.43%
16/07/2021,1.40,1.40,1.40,1.40,150,210,9.37%
12/07/2021,1.28,1.28,1.28,1.28,315,403,4.92%
06/07/2021,1.22,1.22,1.22,1.22,1,1,-2.40%
29/06/2021,1.25,1.25,1.25,1.25,5,6,0.81%
25/06/2021,1.24,1.24,1.24,1.24,1,1,-2.36%
18/06/2021,1.27,1.27,1.27,1.27,2 715,3 448,0.00%
16/06/2021,1.27,1.27,1.27,1.27,400,508,0.00%
14/06/2021,1.27,1.27,1.27,1.27,224,284,-2.31%
10/06/2021,1.30,1.30,1.30,1.30,399,519,0.00%
08/06/2021,1.30,1.30,1.30,1.30,75,98,2.36%
03/06/2021,1.27,1.27,1.27,1.27,25,32,-2.31%
02/06/2021,1.30,1.30,1.30,1.30,87,113,0.00%
31/05/2021,1.30,1.30,1.30,1.30,71,92,0.00%
28/05/2021,1.30,1.27,1.30,1.27,1 184,1 521,4.84%
25/05/2021,1.24,1.24,1.24,1.24,5,6,0.00%
27/04/2021,1.21,1.21,1.21,1.21,25,30,0.00%
22/04/2021,1.21,1.21,1.21,1.21,101,122,0.00%
20/04/2021,1.21,1.21,1.21,1.21,95,115,2.54%
15/04/2021,1.18,1.18,1.18,1.18,250,295,6.31%
06/04/2021,1.11,1.11,1.11,1.11,3 120,3 463,0.00%
05/04/2021,1.11,1.11,1.11,1.11,62,69,0.91%
11/03/2021,1.10,1.10,1.10,1.10,1,1,-2.65%
09/03/2021,1.13,1.13,1.13,1.13,17 400,19 662,0.00%
03/03/2021,1.13,1.16,1.16,1.13,2,2,-2.59%
01/03/2021,1.16,1.16,1.16,1.16,2,2,0.00%
25/02/2021,1.16,1.16,1.16,1.16,100,116,0.00%
18/02/2021,1.19,1.19,1.19,1.19,2 773,3 300,-4.03%
17/02/2021,1.24,1.24,1.24,1.24,25,31,-8.15%
15/02/2021,1.35,1.35,1.35,1.35,15 280,20 628,-8.16%
11/02/2021,1.47,1.47,1.47,1.47,26,38,-3.92%
10/02/2021,1.53,1.53,1.53,1.53,9 233,14 126,-4.38%
09/02/2021,1.60,1.64,1.64,1.60,4 723,7 651,-2.44%
08/02/2021,1.64,1.64,1.64,1.64,200,328,2.50%
05/02/2021,1.60,1.57,1.60,1.57,9 684,15 349,39.13%
27/01/2021,1.15,1.15,1.15,1.15,5 815,6 687,22.34%
19/01/2021,0.94,0.94,0.94,0.94,2 200,2 068,2.17%
07/01/2021,0.92,0.92,0.92,0.92,332,305,0.00%
31/12/2020,0.92,0.92,0.92,0.92,400,368,0.00%
30/12/2020,0.92,0.92,0.92,0.92,40 000,36 800,0.00%
25/12/2020,0.92,0.92,0.92,0.92,24,22,0.00%
14/12/2020,0.92,0.92,0.92,0.92,250,230,-1.08%
11/12/2020,0.93,0.93,0.93,0.93,401,373,1.09%
10/12/2020,0.92,0.92,0.92,0.92,148,136,2.22%
09/12/2020,0.90,0.90,0.90,0.90,60,54,-2.17%
08/12/2020,0.92,0.92,0.92,0.92,58,53,0.00%
07/12/2020,0.92,0.92,0.92,0.92,12,11,2.22%
25/11/2020,0.90,0.90,0.90,0.90,900,810,0.00%
13/11/2020,0.85,0.85,0.85,0.85,26,22,0.00%
11/11/2020,0.85,0.85,0.85,0.85,22,19,0.00%
03/11/2020,0.85,0.85,0.85,0.85,26,22,0.00%
23/10/2020,0.85,0.85,0.85,0.85,82,70,1.19%
22/10/2020,0.84,0.84,0.84,0.84,25,21,-1.18%
14/10/2020,0.85,0.85,0.85,0.85,200,170,0.00%
05/10/2020,0.85,0.85,0.85,0.85,200,170,-2.30%
24/09/2020,0.87,0.87,0.87,0.87,98,85,-2.25%
17/09/2020,0.89,0.89,0.89,0.89,66,59,-4.30%
03/09/2020,0.93,0.95,0.95,0.93,60,56,-4.12%
14/08/2020,1.00,1.00,1.00,1.00,15,15,0.00%
29/07/2020,1.00,1.00,1.00,1.00,20,20,2.04%
28/07/2020,0.98,0.98,0.98,0.98,126,123,2.08%
20/07/2020,0.96,0.96,0.96,0.96,125,120,3.23%
09/07/2020,0.93,0.93,0.93,0.93,40,37,4.49%
07/04/2020,0.78,0.78,0.78,0.78,150,117,-6.02%
05/03/2020,0.83,0.83,0.83,0.83,95,79,-11.70%
20/02/2020,1.10,1.10,1.10,1.10,90,99,0.00%
31/01/2020,1.10,1.10,1.10,1.10,100,110,0.00%
29/01/2020,1.10,1.10,1.10,1.10,100,110,0.00%
03/01/2020,1.10,1.10,1.10,1.10,900,990,0.00%
04/09/2019,1.09,1.09,1.09,1.09,24,26,0.00%
19/08/2019,1.00,1.00,1.00,1.00,34,34,0.00%
14/08/2019,1.00,1.00,1.00,1.00,1,1,0.00%
29/07/2019,1.00,1.00,1.00,1.00,25,25,2.04%
12/06/2019,0.98,0.98,0.98,0.98,23,23,0.00%
13/05/2019,1.04,1.04,1.04,1.04,50,52,-1.89%
03/05/2019,1.06,1.06,1.06,1.06,75,80,-4.50%
24/04/2019,1.11,1.11,1.11,1.11,100,111,0.00%
18/04/2019,1.11,1.11,1.11,1.11,110,122,2.78%
12/03/2019,1.08,1.11,1.11,1.08,402,440,-5.26%
01/03/2019,1.14,1.14,1.14,1.14,530,604,-2.56%
21/02/2019,1.20,1.20,1.20,1.20,110,132,2.56%
20/02/2019,1.17,1.17,1.17,1.17,110,129,-0.85%
18/02/2019,1.18,1.18,1.18,1.18,100,118,0.00%
15/02/2019,1.18,1.18,1.18,1.18,300,354,-0.84%
14/02/2019,1.19,1.19,1.19,1.19,100,119,0.00%
07/02/2019,1.19,1.19,1.19,1.19,110,131,-2.46%
31/01/2019,1.22,1.22,1.22,1.22,100,122,0.00%
29/01/2019,1.22,1.22,1.22,1.22,790,964,-0.81%
15/01/2019,1.23,1.23,1.23,1.23,50,62,0.00%
11/01/2019,1.23,1.23,1.23,1.23,250,308,0.00%
09/01/2019,1.23,1.23,1.23,1.23,250,308,0.00%
03/01/2019,1.23,1.23,1.23,1.23,190,234,2.50%
20/12/2018,1.20,1.20,1.20,1.20,3 785,4 542,-8.40%
15/11/2018,1.31,1.31,1.31,1.31,250,328,0.00%
14/11/2018,1.31,1.31,1.31,1.31,18,24,-12.08%
24/10/2018,1.49,1.49,1.49,1.49,100,149,0.00%
23/10/2018,1.49,1.49,1.49,1.49,15,22,2.05%
18/10/2018,1.46,1.46,1.46,1.46,15,22,2.82%
12/10/2018,1.42,1.42,1.42,1.42,15,21,-6.58%
10/10/2018,1.52,1.52,1.52,1.52,5,8,-4.40%
09/10/2018,1.59,1.59,1.59,1.59,10,16,-5.36%
18/09/2018,1.68,1.68,1.68,1.68,63,106,-15.58%
14/08/2018,1.84,1.84,1.84,1.84,100,184,10.84%
26/07/2018,1.66,1.66,1.66,1.66,1 008,1 673,0.00%
19/07/2018,1.66,1.66,1.66,1.66,3,5,4.40%
23/05/2018,1.45,1.45,1.45,1.45,9,13,3.57%
18/05/2018,1.40,1.40,1.40,1.40,322,451,0.00%
17/05/2018,1.40,1.44,1.44,1.40,746,1 059,-2.78%
16/05/2018,1.44,1.44,1.44,1.44,1 140,1 642,-0.69%
15/05/2018,1.45,1.45,1.45,1.45,1,1,2.11%
09/05/2018,1.42,1.42,1.42,1.42,30,43,18.33%
24/04/2018,1.20,1.20,1.20,1.20,2,2,-3.23%
19/04/2018,1.24,1.24,1.24,1.24,100,124,2.48%
18/04/2018,1.21,1.21,1.21,1.21,600,726,0.00%
16/04/2018,1.21,1.21,1.21,1.21,100,121,0.00%
13/04/2018,1.21,1.21,1.21,1.21,12,15,0.83%
10/04/2018,1.20,1.20,1.20,1.20,50,60,0.00%
02/04/2018,1.20,1.20,1.20,1.20,610,732,-0.83%
22/03/2018,1.21,1.21,1.21,1.21,4 000,4 840,0.83%
21/03/2018,1.20,1.20,1.20,1.20,60,72,22.45%
13/03/2018,0.98,0.98,0.98,0.98,949,930,11.36%
21/02/2018,0.88,0.88,0.88,0.88,24,21,-8.33%
25/01/2018,0.96,0.96,0.96,0.96,250,240,2.13%
23/01/2018,0.94,0.94,0.94,0.94,731,687,0.00%
22/01/2018,0.94,0.94,0.94,0.94,36,34,0.00%
18/01/2018,0.94,0.94,0.94,0.94,233,219,4.44%
16/01/2018,0.90,0.90,0.90,0.90,26,23,-15.09%
29/12/2017,1.06,1.06,1.06,1.06,100,106,-2.75%
11/12/2017,1.09,1.09,1.09,1.09,70,76,0.00%
23/11/2017,0.99,0.99,0.99,0.99,100,99,7.61%
17/11/2017,0.92,0.92,0.92,0.92,40,37,4.55%
16/11/2017,0.88,0.88,0.88,0.88,226,199,-2.22%
06/11/2017,0.90,0.90,0.90,0.90,550,495,0.00%
03/11/2017,0.90,0.90,0.90,0.90,785,707,0.00%
02/11/2017,0.90,0.90,0.90,0.90,125,113,0.00%
01/11/2017,0.90,0.90,0.90,0.90,30,27,0.00%
31/10/2017,0.90,0.90,0.90,0.90,410,369,1.12%
23/10/2017,0.89,0.89,0.89,0.89,60,53,0.00%
20/10/2017,0.89,0.89,0.89,0.89,9,8,0.00%
17/10/2017,0.89,0.89,0.89,0.89,21,19,7.23%
29/09/2017,0.83,0.83,0.83,0.83,11,9,-17.00%
12/09/2017,1.00,1.00,1.00,1.00,200,200,0.00%
07/09/2017,1.00,1.00,1.00,1.00,21,21,0.00%
06/09/2017,1.00,1.00,1.00,1.00,10,10,-0.99%
23/08/2017,1.14,1.14,1.14,1.14,400,456,5.56%
16/08/2017,1.08,1.08,1.08,1.08,100,108,0.00%
02/08/2017,1.08,1.08,1.08,1.08,1,1,21.35%
19/07/2017,0.89,0.89,0.89,0.89,150,134,0.00%
12/07/2017,0.89,0.87,0.89,0.87,355,312,0.00%
04/07/2017,0.89,0.89,0.89,0.89,230,205,0.00%
03/07/2017,0.89,0.89,0.89,0.89,340,303,-8.25%
22/06/2017,0.97,0.97,0.97,0.97,100,97,-27.07%
07/06/2017,1.33,1.33,1.33,1.33,625,831,-2.21%
06/06/2017,1.36,1.34,1.36,1.34,2 159,2 915,0.74%
05/06/2017,1.35,1.35,1.35,1.35,2,3,-3.57%
23/05/2017,1.50,1.50,1.50,1.50,1 795,2 693,0.00%
19/05/2017,1.50,1.50,1.50,1.50,300,450,0.00%
17/05/2017,1.50,1.50,1.50,1.50,980,1 470,0.00%
16/05/2017,1.50,1.50,1.50,1.50,20,30,-12.79%
05/05/2017,1.72,1.72,1.72,1.72,20,34,-14.00%
26/04/2017,2.00,2.00,2.00,2.00,82,164,-7.41%
20/04/2017,2.16,2.16,2.16,2.16,100,216,-4.42%
13/04/2017,2.26,2.26,2.26,2.26,200,452,-4.24%
05/04/2017,2.36,2.36,2.36,2.36,2,5,2.61%
03/04/2017,2.30,2.30,2.30,2.30,125,288,-2.95%
29/03/2017,2.37,2.37,2.37,2.37,5,12,0.85%
21/03/2017,2.35,2.36,2.36,2.35,650,1 531,1.73%
14/03/2017,2.31,2.31,2.31,2.31,149,344,-2.94%
13/03/2017,2.38,2.38,2.38,2.38,1,2,-1.24%
10/03/2017,2.41,2.33,2.41,2.33,102,242,5.70%
09/03/2017,2.28,2.28,2.28,2.28,315,718,2.70%
08/03/2017,2.22,2.22,2.22,2.22,771,1 712,6.22%
28/02/2017,2.09,2.09,2.09,2.09,2,4,2.96%
22/02/2017,2.03,2.03,2.03,2.03,1 052,2 136,0.00%
20/02/2017,2.03,2.03,2.03,2.03,200,406,0.00%
10/02/2017,2.03,2.01,2.03,2.01,400,808,-1.93%
03/02/2017,2.07,2.07,2.07,2.07,406,840,0.00%
02/02/2017,2.07,2.07,2.07,2.07,500,1 035,1.47%
27/01/2017,2.04,2.04,2.04,2.04,400,816,-2.86%
18/01/2017,2.10,2.10,2.10,2.10,17,36,4.48%
05/01/2017,2.01,2.03,2.03,2.01,800,1 616,3.08%
03/01/2017,1.95,1.95,1.95,1.95,2 472,4 820,2.63%
02/01/2017,1.90,1.90,1.90,1.90,150,285,0.00%
30/12/2016,1.90,1.95,1.95,1.90,271,522,-3.06%
29/12/2016,1.96,1.96,1.96,1.96,10,20,-4.39%
28/12/2016,2.05,2.05,2.05,2.05,10,21,-4.21%
23/12/2016,2.14,2.14,2.14,2.14,41,88,0.00%
22/12/2016,2.14,2.14,2.14,2.14,29,62,0.00%
21/12/2016,2.14,2.14,2.14,2.14,502,1 074,0.00%
20/12/2016,2.14,2.14,2.14,2.14,15,32,0.00%
19/12/2016,2.14,2.14,2.14,2.14,95,203,0.00%
16/12/2016,2.14,2.14,2.14,2.14,5,11,-4.46%
14/12/2016,2.24,2.25,2.25,2.24,153,343,-3.03%
13/12/2016,2.31,2.31,2.31,2.31,4,9,2.67%
09/12/2016,2.25,2.25,2.25,2.25,238,536,-2.17%
08/12/2016,2.30,2.30,2.30,2.30,515,1 185,0.00%
07/12/2016,2.30,2.31,2.31,2.30,400,922,-4.17%
06/12/2016,2.40,2.45,2.45,2.40,255,618,-3.61%
05/12/2016,2.49,2.42,2.49,2.42,1 640,4 026,8.73%
02/12/2016,2.29,2.29,2.29,2.29,499,1 143,2.69%
01/12/2016,2.23,2.23,2.23,2.23,19,42,0.00%
29/11/2016,2.23,2.24,2.24,2.23,1 100,2 459,-0.45%
28/11/2016,2.24,2.24,2.24,2.24,10,22,2.75%
24/11/2016,2.12,2.12,2.12,2.12,5,11,2.91%
23/11/2016,2.06,2.06,2.06,2.06,5,10,3.00%
18/11/2016,2.00,2.00,2.00,2.00,5,10,3.63%
14/11/2016,1.93,1.93,1.93,1.93,22,42,2.66%
11/11/2016,1.88,1.88,1.88,1.88,147,276,-1.05%
10/11/2016,1.90,1.94,1.94,1.90,203,390,0.53%
09/11/2016,1.89,1.89,1.89,1.89,200,378,0.00%
03/11/2016,1.89,1.89,1.89,1.89,3,6,0.00%
02/11/2016,1.89,1.90,1.90,1.89,320,606,3.85%
28/10/2016,1.82,1.82,1.82,1.82,230,419,4.00%
26/10/2016,1.75,1.75,1.75,1.75,10,18,2.94%
24/10/2016,1.70,1.70,1.70,1.70,5,9,0.00%
21/10/2016,1.70,1.70,1.70,1.70,9,15,-1.73%
18/10/2016,1.73,1.73,1.73,1.73,200,346,2.98%
13/10/2016,1.68,1.68,1.68,1.68,600,1 008,0.00%
10/10/2016,1.68,1.68,1.68,1.68,504,847,3.70%
06/10/2016,1.62,1.62,1.62,1.62,273,442,2.53%
04/10/2016,1.58,1.58,1.58,1.58,851,1 345,0.00%
30/09/2016,1.58,1.58,1.58,1.58,500,790,-2.47%
29/09/2016,1.62,1.62,1.62,1.62,11 850,19 197,0.00%
28/09/2016,1.62,1.63,1.63,1.62,7 944,12 909,0.62%
26/09/2016,1.61,1.57,1.61,1.57,2 125,3 379,0.63%
23/09/2016,1.60,1.60,1.60,1.60,299,478,-0.62%
22/09/2016,1.61,1.62,1.62,1.61,3 460,5 588,-1.83%
21/09/2016,1.64,1.64,1.64,1.64,985,1 615,-0.61%
20/09/2016,1.65,1.65,1.65,1.65,147,243,1.85%
19/09/2016,1.62,1.62,1.62,1.62,1 000,1 620,0.00%
16/09/2016,1.62,1.62,1.62,1.62,75,122,0.00%
15/09/2016,1.62,1.62,1.62,1.62,4 128,6 687,0.00%
09/09/2016,1.62,1.62,1.62,1.62,150,243,0.00%
07/09/2016,1.62,1.62,1.62,1.62,50,81,0.00%
06/09/2016,1.62,1.62,1.62,1.62,4 050,6 561,0.00%
05/09/2016,1.62,1.62,1.62,1.62,1 240,2 009,0.00%
02/09/2016,1.62,1.62,1.62,1.62,3 103,5 027,0.00%
01/09/2016,1.62,1.62,1.62,1.62,1 262,2 044,0.00%
30/08/2016,1.62,1.65,1.65,1.62,493 280,806 513,-3.57%
18/07/2016,1.66,1.66,1.66,1.66,170,282,0.00%
13/07/2016,1.66,1.66,1.66,1.66,300,498,2.47%
12/07/2016,1.62,1.62,1.62,1.62,414 018,670 709,2.53%
11/07/2016,1.58,1.54,1.58,1.54,100,156,5.33%
04/07/2016,1.50,1.50,1.50,1.50,181,272,-3.23%
01/07/2016,1.55,1.55,1.55,1.55,50,78,-2.52%
29/06/2016,1.59,1.59,1.59,1.59,454,722,-2.45%
28/06/2016,1.63,1.68,1.68,1.63,450,745,-5.78%
27/06/2016,1.73,1.72,1.73,1.72,150,259,-8.95%
23/06/2016,1.90,1.90,1.90,1.90,25,48,2.70%
22/06/2016,1.85,1.85,1.85,1.85,10,19,1.65%
20/06/2016,1.82,1.82,1.82,1.82,100,182,4.00%
16/06/2016,1.75,1.75,1.75,1.75,100,175,4.17%
14/06/2016,1.68,1.68,1.68,1.68,2 501,4 202,3.70%
10/06/2016,1.62,1.62,1.62,1.62,1 000,1 620,0.00%
09/06/2016,1.62,1.62,1.62,1.62,1 499,2 428,8.00%
03/06/2016,1.50,1.50,1.50,1.50,40,60,-1.96%
26/05/2016,1.53,1.57,1.57,1.53,145,225,-4.97%
24/05/2016,1.61,1.61,1.61,1.61,200,322,0.63%
23/05/2016,1.60,1.60,1.60,1.60,34,54,3.23%
20/05/2016,1.55,1.52,1.55,1.52,14,21,4.73%
19/05/2016,1.48,1.44,1.48,1.44,15,22,5.71%
18/05/2016,1.40,1.36,1.40,1.36,24,33,5.26%
17/05/2016,1.33,1.33,1.33,1.33,10,13,6.40%
06/05/2016,1.25,1.20,1.25,1.20,1 693,2 074,0.00%
02/05/2016,1.25,1.25,1.25,1.25,1 000,1 250,0.00%
27/04/2016,1.25,1.25,1.25,1.25,4,5,0.00%
20/04/2016,1.25,1.25,1.25,1.25,200,250,0.00%
19/04/2016,1.25,1.30,1.30,1.25,34 233,43 647,-2.34%
18/04/2016,1.28,1.28,1.28,1.28,200,256,2.40%
15/04/2016,1.25,1.22,1.25,1.22,115 197,142 268,2.46%
14/04/2016,1.22,1.22,1.22,1.22,4,5,0.83%
12/04/2016,1.21,1.21,1.21,1.21,599,725,0.83%
11/04/2016,1.20,1.17,1.20,1.17,20,24,5.26%
08/04/2016,1.14,1.16,1.16,1.14,15,17,0.88%
07/04/2016,1.13,1.13,1.13,1.13,10,11,-2.59%
06/04/2016,1.16,1.19,1.19,1.16,20,23,-4.92%
05/04/2016,1.22,1.25,1.25,1.22,20,25,-4.69%
04/04/2016,1.28,1.31,1.31,1.28,21,27,-5.19%
22/03/2016,1.35,1.35,1.35,1.35,1,1,8.00%
14/03/2016,1.25,1.25,1.25,1.25,16,20,0.00%
10/03/2016,1.25,1.25,1.25,1.25,560,700,11.61%
01/03/2016,1.12,1.12,1.12,1.12,223,250,0.00%
19/02/2016,1.17,1.17,1.17,1.17,62,73,-0.85%
10/02/2016,1.18,1.18,1.18,1.18,1 000,1 180,5.36%
02/02/2016,1.12,1.12,1.12,1.12,22,25,0.00%
18/01/2016,1.12,1.12,1.12,1.12,2 021,2 264,0.90%
15/01/2016,1.11,1.11,1.11,1.11,3,3,0.00%
12/01/2016,1.11,1.14,1.14,1.11,175,197,-2.63%
21/12/2015,1.14,1.14,1.14,1.14,55,63,0.88%
15/12/2015,1.13,1.13,1.13,1.13,210,237,0.00%
11/12/2015,1.13,1.13,1.13,1.13,100,113,2.73%
12/11/2015,1.15,1.15,1.15,1.15,50,57,0.00%
21/10/2015,1.15,1.15,1.15,1.15,25,29,0.00%
19/10/2015,1.15,1.15,1.15,1.15,100,115,0.88%
30/07/2015,1.12,1.12,1.12,1.12,70,78,0.00%
27/07/2015,1.12,1.12,1.12,1.12,800,896,0.00%
07/07/2015,1.12,1.12,1.12,1.12,73,82,0.00%
03/07/2015,1.12,1.12,1.12,1.12,478,535,0.00%
02/07/2015,1.12,1.12,1.12,1.12,22,25,-0.88%
01/07/2015,1.13,1.13,1.13,1.13,17,19,-1.74%
29/06/2015,1.15,1.15,1.15,1.15,17,20,-1.71%
25/06/2015,1.17,1.17,1.17,1.17,98,115,-15.83%
17/06/2015,1.39,1.39,1.39,1.39,124,172,-4.14%
22/05/2015,1.45,1.45,1.45,1.45,55,80,0.00%
20/05/2015,1.45,1.45,1.45,1.45,24,35,0.00%
04/05/2015,1.45,1.45,1.45,1.45,1 330,1 929,0.00%
30/04/2015,1.45,1.45,1.45,1.45,592,858,0.00%
29/04/2015,1.45,1.45,1.45,1.45,29,42,0.00%
28/04/2015,1.45,1.45,1.45,1.45,250,363,0.00%
16/04/2015,1.45,1.45,1.45,1.45,2 900,4 205,0.00%
02/02/2015,1.56,1.56,1.56,1.56,410,640,9.86%
19/01/2015,1.42,1.42,1.42,1.42,140,199,0.00%
08/01/2015,1.42,1.42,1.42,1.42,10,14,0.00%
07/01/2015,1.42,1.42,1.42,1.42,125,178,0.00%
16/12/2014,1.42,1.36,1.42,1.36,26,36,0.00%
15/12/2014,1.42,1.42,1.42,1.42,100,142,0.71%
09/12/2014,1.41,1.41,1.41,1.41,112,158,-0.70%
08/12/2014,1.42,1.42,1.42,1.42,520,738,0.00%
04/12/2014,1.42,1.42,1.42,1.42,134,190,0.00%
27/11/2014,1.42,1.42,1.42,1.42,87,124,0.00%
20/11/2014,1.42,1.42,1.42,1.42,3,4,0.00%
19/11/2014,1.42,1.42,1.42,1.42,960,1 363,-2.07%
12/11/2014,1.45,1.45,1.45,1.45,125,181,0.00%
11/11/2014,1.45,1.45,1.45,1.45,43,62,2.11%
06/11/2014,1.42,1.39,1.42,1.39,31,44,5.19%
05/11/2014,1.35,1.35,1.35,1.35,139,188,2.27%
03/11/2014,1.32,1.32,1.32,1.32,100,132,3.13%
31/10/2014,1.28,1.28,1.28,1.28,38,49,4.07%
30/10/2014,1.23,1.27,1.27,1.23,367,459,0.00%
28/08/2014,1.20,1.20,1.20,1.20,50,60,1.69%
05/08/2014,1.18,1.18,1.18,1.18,29,34,1.72%
23/07/2014,1.16,1.16,1.16,1.16,100,116,-1.69%
18/07/2014,1.18,1.18,1.18,1.18,2 695,3 180,-25.79%
08/07/2014,1.59,1.59,1.59,1.59,20,32,-2.45%
19/06/2014,1.63,1.63,1.63,1.63,1,2,2.52%
13/06/2014,1.59,1.59,1.59,1.59,1 500,2 385,6.00%
27/05/2014,1.53,1.53,1.53,1.53,10,15,-1.29%
09/05/2014,1.55,1.55,1.55,1.55,784,1 215,0.00%
06/05/2014,1.55,1.55,1.55,1.55,4 061,6 295,0.00%
05/05/2014,1.55,1.55,1.55,1.55,801,1 242,-4.32%
30/04/2014,1.62,1.62,1.62,1.62,205,332,0.00%
29/04/2014,1.62,1.62,1.62,1.62,100,162,0.00%
28/04/2014,1.62,1.62,1.62,1.62,39,63,0.00%
18/04/2014,1.62,1.62,1.62,1.62,62,100,-1.82%
16/04/2014,1.65,1.65,1.65,1.65,2 000,3 300,-0.60%
14/04/2014,1.66,1.66,1.66,1.66,15,25,0.00%
11/04/2014,1.66,1.66,1.66,1.66,55,91,2.47%
07/04/2014,1.62,1.61,1.62,1.61,1 005,1 623,1.25%
04/04/2014,1.60,1.64,1.64,1.60,980,1 588,-5.33%
03/04/2014,1.69,1.69,1.69,1.69,100,169,0.00%
02/04/2014,1.69,1.69,1.69,1.69,5,8,-2.87%
01/04/2014,1.74,1.74,1.74,1.74,10,17,-2.79%
31/03/2014,1.79,1.79,1.79,1.79,5,9,1.13%
27/03/2014,1.77,1.77,1.77,1.77,5,9,8.59%
18/03/2014,1.63,1.63,1.63,1.63,5,8,-2.98%
14/03/2014,1.68,1.64,1.68,1.64,1 005,1 668,0.00%
13/03/2014,1.68,1.69,1.69,1.68,1 020,1 719,-3.45%
12/03/2014,1.74,1.74,1.74,1.74,96,167,-8.42%
05/03/2014,1.90,1.90,1.90,1.90,90,171,1.06%
25/02/2014,1.80,1.80,1.80,1.80,10,18,0.00%
24/02/2014,1.80,1.80,1.80,1.80,25,45,-2.17%
21/02/2014,1.84,1.84,1.84,1.84,52,96,-2.65%
19/02/2014,1.89,1.89,1.89,1.89,55,104,-2.58%
17/02/2014,1.94,1.94,1.94,1.94,76,147,2.65%
13/02/2014,1.89,1.89,1.89,1.89,25,47,3.28%
12/02/2014,1.83,1.83,1.83,1.83,30,55,2.81%
11/02/2014,1.78,1.78,1.78,1.78,11,20,0.56%
10/02/2014,1.77,1.77,1.77,1.77,9,16,2.91%
07/02/2014,1.72,1.72,1.72,1.72,20,34,5.52%
06/02/2014,1.63,1.63,1.63,1.63,110,179,2.52%
05/02/2014,1.59,1.59,1.59,1.59,5,8,3.25%
03/02/2014,1.54,1.54,1.54,1.54,19,29,2.67%
31/01/2014,1.50,1.50,1.50,1.50,436,654,0.67%
30/01/2014,1.49,1.49,1.49,1.49,47,70,0.00%
29/01/2014,1.49,1.49,1.49,1.49,377,562,0.00%
27/01/2014,1.49,1.49,1.49,1.49,50,75,0.00%
24/01/2014,1.49,1.49,1.49,1.49,50,75,0.00%
06/01/2014,1.49,1.50,1.50,1.49,5 603,8 376,-0.67%
03/01/2014,1.50,1.50,1.50,1.50,50,75,-5.06%
31/12/2013,1.58,1.58,1.58,1.58,4,6,-4.24%
27/12/2013,1.65,1.65,1.65,1.65,72,119,0.00%
23/12/2013,1.65,1.65,1.65,1.65,124,205,-2.94%
28/10/2013,1.68,1.68,1.68,1.68,73,123,0.00%
25/10/2013,1.68,1.69,1.69,1.68,100,169,0.00%
23/10/2013,1.68,1.68,1.68,1.68,66,111,-4.00%
17/10/2013,1.75,1.75,1.75,1.75,25,44,0.00%
14/10/2013,1.75,1.75,1.75,1.75,25,44,0.00%
27/09/2013,1.75,1.75,1.75,1.75,65,114,0.00%
13/09/2013,1.75,1.75,1.75,1.75,35,61,0.00%
27/08/2013,1.75,1.75,1.75,1.75,175,306,0.00%
29/07/2013,1.75,1.75,1.75,1.75,103,180,0.00%
22/07/2013,1.75,1.75,1.75,1.75,92,161,1.74%
18/07/2013,1.72,1.72,1.72,1.72,200,344,-2.82%
05/07/2013,1.77,1.77,1.77,1.77,52,92,0.00%
03/07/2013,1.77,1.77,1.77,1.77,80,142,2.91%
02/07/2013,1.72,1.72,1.72,1.72,168,289,0.00%
01/07/2013,1.72,1.72,1.72,1.72,317,545,-2.27%
28/06/2013,1.76,1.76,1.76,1.76,2,4,-4.35%
27/06/2013,1.84,1.84,1.84,1.84,3,6,0.00%
21/06/2013,1.84,1.84,1.84,1.84,22,40,2.79%
17/06/2013,1.79,1.79,1.79,1.79,25,45,-0.56%
14/06/2013,1.80,1.80,1.80,1.80,25,45,-2.70%
29/05/2013,1.85,1.85,1.85,1.85,10,19,0.00%
21/05/2013,1.85,1.85,1.85,1.85,227,420,0.00%
20/05/2013,1.85,1.85,1.85,1.85,863,1 597,0.54%
17/05/2013,1.84,1.84,1.84,1.84,500,920,-6.60%
13/05/2013,1.97,1.97,1.97,1.97,500,985,-2.96%
02/05/2013,2.03,2.03,2.03,2.03,22,45,-2.87%
26/04/2013,2.09,2.09,2.09,2.09,563,1 177,-9.13%
25/04/2013,2.30,2.30,2.30,2.30,70,161,2.22%
24/04/2013,2.25,2.25,2.25,2.25,500,1 125,-2.60%
08/04/2013,2.31,2.31,2.31,2.31,414,956,0.00%
04/04/2013,2.31,2.31,2.31,2.31,1 000,2 310,-2.94%
03/04/2013,2.38,2.38,2.38,2.38,1,2,0.00%
02/04/2013,2.38,2.38,2.38,2.38,25,60,-0.83%
29/03/2013,2.40,2.37,2.40,2.37,1 082,2 581,0.42%
28/03/2013,2.39,2.39,2.39,2.39,25,60,-0.42%
26/03/2013,2.40,2.40,2.40,2.40,90,216,0.00%
22/03/2013,2.40,2.40,2.40,2.40,156,374,0.00%
21/03/2013,2.40,2.40,2.40,2.40,300,720,0.00%
19/03/2013,2.40,2.40,2.40,2.40,465,1 116,-0.83%
18/03/2013,2.42,2.42,2.42,2.42,1 260,3 049,0.00%
14/03/2013,2.42,2.42,2.42,2.42,500,1 210,-1.22%
13/03/2013,2.45,2.44,2.45,2.44,143,350,1.24%
12/03/2013,2.42,2.42,2.42,2.42,60,145,0.41%
11/03/2013,2.41,2.41,2.41,2.41,240,578,0.00%
08/03/2013,2.41,2.41,2.41,2.41,336,810,0.42%
07/03/2013,2.40,2.40,2.40,2.40,175,420,0.00%
20/02/2013,2.44,2.44,2.44,2.44,125,305,7.02%
19/02/2013,2.28,2.28,2.28,2.28,735,1 676,0.00%
18/02/2013,2.28,2.28,2.28,2.28,965,2 200,-2.98%
14/02/2013,2.35,2.35,2.35,2.35,500,1 175,-1.26%
13/02/2013,2.38,2.38,2.38,2.38,100,238,-2.06%
07/02/2013,2.43,2.43,2.43,2.43,489,1 188,-2.80%
04/02/2013,2.50,2.50,2.50,2.50,5,13,2.04%
29/01/2013,2.45,2.35,2.45,2.35,150,360,3.81%
25/01/2013,2.36,2.36,2.36,2.36,80,189,-3.67%
23/01/2013,2.45,2.45,2.45,2.45,107,262,-2.39%
15/01/2013,2.51,2.51,2.51,2.51,5,13,2.87%
10/01/2013,2.44,2.44,2.44,2.44,250,610,2.95%
04/01/2013,2.37,2.37,2.37,2.37,115,273,0.00%
03/01/2013,2.37,2.37,2.37,2.37,50,119,-4.44%
02/01/2013,2.48,2.48,2.48,2.48,1,2,-4.25%
26/12/2012,2.59,2.59,2.59,2.59,30,78,1.17%
25/12/2012,2.56,2.56,2.56,2.56,1,3,4.49%
24/12/2012,2.45,2.45,2.45,2.45,26,64,0.00%
20/12/2012,2.45,2.45,2.45,2.45,2 730,6 689,-0.41%
19/12/2012,2.46,2.46,2.46,2.46,11,27,-3.53%
28/11/2012,2.60,2.60,2.60,2.60,100,260,4.00%
27/11/2012,2.50,2.50,2.50,2.50,266,665,0.00%
26/11/2012,2.50,2.50,2.50,2.50,500,1 250,1.63%
23/11/2012,2.46,2.46,2.46,2.46,50,123,2.07%
22/11/2012,2.41,2.41,2.41,2.41,274,660,-2.82%
21/11/2012,2.48,2.41,2.48,2.41,448,1 095,2.90%
20/11/2012,2.41,2.41,2.41,2.41,510,1 229,0.00%
19/11/2012,2.41,2.41,2.41,2.41,972,2 343,-3.60%
14/11/2012,2.50,2.50,2.50,2.50,351,878,3.73%
13/11/2012,2.41,2.41,2.41,2.41,66,159,0.00%
12/11/2012,2.41,2.41,2.41,2.41,100,241,1.26%
07/11/2012,2.38,2.38,2.38,2.38,107,255,-2.86%
06/11/2012,2.45,2.45,2.45,2.45,111,272,2.51%
05/11/2012,2.39,2.35,2.39,2.35,978,2 318,2.58%
02/11/2012,2.33,2.40,2.40,2.33,460,1 088,-2.92%
01/11/2012,2.40,2.40,2.40,2.40,80,192,0.42%
31/10/2012,2.39,2.33,2.39,2.33,562,1 326,2.58%
30/10/2012,2.33,2.33,2.33,2.33,40,93,1.75%
29/10/2012,2.29,2.29,2.29,2.29,24,55,4.09%
24/10/2012,2.20,2.15,2.20,2.15,130,283,2.33%
23/10/2012,2.15,2.15,2.15,2.15,110,237,-1.83%
22/10/2012,2.19,2.19,2.19,2.19,200,438,-3.95%
17/10/2012,2.28,2.28,2.28,2.28,50,114,2.70%
16/10/2012,2.22,2.22,2.22,2.22,50,111,2.78%
11/10/2012,2.16,2.16,2.16,2.16,59,127,1.41%
09/10/2012,2.13,2.13,2.13,2.13,25,53,-2.74%
08/10/2012,2.19,2.19,2.19,2.19,74,162,-6.01%
05/10/2012,2.33,2.33,2.33,2.33,90,210,0.00%
02/10/2012,2.33,2.33,2.33,2.33,354,825,-2.92%
25/09/2012,2.40,2.40,2.40,2.40,5,12,4.35%
24/09/2012,2.30,2.30,2.30,2.30,199,458,0.00%
21/09/2012,2.30,2.30,2.30,2.30,2,5,-1.29%
13/09/2012,2.33,2.33,2.33,2.33,515,1 200,-2.92%
07/09/2012,2.40,2.40,2.40,2.40,50,120,0.00%
04/09/2012,2.40,2.40,2.40,2.40,100,240,0.84%
28/08/2012,2.32,2.32,2.32,2.32,59,137,0.00%
27/08/2012,2.32,2.26,2.32,2.26,111,254,0.00%
24/08/2012,2.32,2.32,2.32,2.32,261,606,-2.93%
21/08/2012,2.39,2.39,2.39,2.39,602,1 439,-0.42%
16/08/2012,2.40,2.40,2.40,2.40,353,847,-0.41%
15/08/2012,2.41,2.41,2.41,2.41,66,159,-1.63%
10/08/2012,2.45,2.45,2.45,2.45,50,123,-2.00%
09/08/2012,2.50,2.50,2.50,2.50,460,1 150,0.00%
08/08/2012,2.50,2.50,2.50,2.50,110,275,-2.72%
07/08/2012,2.57,2.57,2.57,2.57,2,5,2.80%
02/08/2012,2.50,2.50,2.50,2.50,666,1 665,0.00%
01/08/2012,2.50,2.50,2.50,2.50,197,493,1.63%
31/07/2012,2.46,2.46,2.46,2.46,60,148,0.00%
30/07/2012,2.46,2.46,2.46,2.46,60,148,2.93%
27/07/2012,2.39,2.39,2.39,2.39,1 200,2 868,0.00%
26/07/2012,2.39,2.39,2.39,2.39,8 607,20 571,0.42%
24/07/2012,2.38,2.38,2.38,2.38,2 068,4 922,0.00%
20/07/2012,2.38,2.37,2.38,2.37,4 893,11 621,0.42%
19/07/2012,2.37,2.32,2.37,2.32,755,1 770,2.16%
17/07/2012,2.32,2.32,2.32,2.32,50,116,0.00%
16/07/2012,2.32,2.32,2.32,2.32,54,125,0.43%
13/07/2012,2.31,2.31,2.31,2.31,50,116,-2.53%
12/07/2012,2.37,2.37,2.37,2.37,1,2,2.60%
10/07/2012,2.31,2.31,2.31,2.31,239,552,-0.43%
09/07/2012,2.32,2.32,2.32,2.32,100,232,-2.93%
04/07/2012,2.39,2.39,2.39,2.39,20,48,2.14%
02/07/2012,2.34,2.34,2.34,2.34,75,176,0.00%
29/06/2012,2.34,2.34,2.34,2.34,350,819,-2.09%
27/06/2012,2.39,2.39,2.39,2.39,5,12,3.91%
25/06/2012,2.30,2.30,2.30,2.30,1 002,2 305,-3.36%
22/06/2012,2.38,2.34,2.38,2.34,420,991,-0.42%
21/06/2012,2.39,2.35,2.39,2.35,53,126,2.14%
18/06/2012,2.34,2.34,2.34,2.34,300,702,0.00%
15/06/2012,2.34,2.28,2.34,2.28,51,118,2.63%
14/06/2012,2.28,2.28,2.28,2.28,4,9,-2.98%
13/06/2012,2.35,2.35,2.35,2.35,130,306,-1.67%
12/06/2012,2.39,2.39,2.39,2.39,11,26,-2.45%
07/06/2012,2.45,2.45,2.45,2.45,25,61,0.00%
31/05/2012,2.45,2.50,2.50,2.45,524,1 297,0.00%
30/05/2012,2.45,2.45,2.45,2.45,52,127,0.00%
29/05/2012,2.45,2.45,2.45,2.45,72,176,-1.61%
28/05/2012,2.49,2.49,2.49,2.49,10,25,-2.35%
24/05/2012,2.55,2.55,2.55,2.55,50,127,-1.92%
23/05/2012,2.60,2.60,2.60,2.60,150,390,0.00%
22/05/2012,2.60,2.60,2.60,2.60,278,723,0.00%
21/05/2012,2.60,2.60,2.60,2.60,1 608,4 181,0.00%
18/05/2012,2.60,2.61,2.61,2.58,728,1 889,-0.38%
17/05/2012,2.61,2.54,2.61,2.54,880,2 266,4.40%
16/05/2012,2.50,2.42,2.50,2.42,1 609,3 958,4.17%
15/05/2012,2.40,2.40,2.40,2.40,127,305,3.45%
11/05/2012,2.32,2.32,2.32,2.32,200,464,-3.33%
10/05/2012,2.40,2.39,2.40,2.39,464,1 111,4.35%
09/05/2012,2.30,2.30,2.30,2.30,1 294,2 976,-0.86%
08/05/2012,2.32,2.30,2.32,2.30,8 693,20 081,2.65%
07/05/2012,2.26,2.26,2.26,2.26,109,246,-2.59%
04/05/2012,2.32,2.32,2.32,2.32,177,411,-2.52%
03/05/2012,2.38,2.45,2.48,2.38,258,627,-4.80%
30/04/2012,2.50,2.45,2.50,2.45,200,495,-3.10%
25/04/2012,2.58,2.58,2.58,2.58,37,95,2.38%
24/04/2012,2.52,2.52,2.52,2.52,1 149,2 895,3.28%
19/04/2012,2.44,2.44,2.44,2.44,3 165,7 723,-4.31%
18/04/2012,2.55,2.62,2.62,2.55,2 033,5 255,-5.20%
17/04/2012,2.69,2.63,2.69,2.63,7 497,19 942,11.62%
12/04/2012,2.41,2.41,2.41,2.41,2 019,4 866,1.26%
11/04/2012,2.38,2.38,2.38,2.38,649,1 545,2.59%
10/04/2012,2.32,2.32,2.32,2.32,1 025,2 378,0.00%
06/04/2012,2.32,2.32,2.32,2.32,390,905,6.91%
05/04/2012,2.17,2.17,2.17,2.17,280,608,0.00%
04/04/2012,2.17,2.11,2.17,2.11,405,867,2.84%
03/04/2012,2.11,2.11,2.11,2.11,792,1 671,0.00%
02/04/2012,2.11,2.11,2.11,2.11,30,63,3.94%
29/03/2012,2.03,2.03,2.03,2.03,435,883,-4.25%
28/03/2012,2.12,2.12,2.12,2.12,1 043,2 211,0.00%
26/03/2012,2.12,2.12,2.12,2.12,2,4,-1.40%
23/03/2012,2.15,2.15,2.15,2.15,5,11,2.87%
22/03/2012,2.09,2.03,2.09,2.03,518,1 067,2.96%
21/03/2012,2.03,2.03,2.03,2.03,300,609,-3.33%
19/03/2012,2.10,2.10,2.10,2.10,100,210,0.00%
15/03/2012,2.10,2.10,2.10,2.10,50,105,2.44%
13/03/2012,2.05,2.05,2.05,2.05,484,992,-2.84%
06/03/2012,2.11,2.11,2.11,2.11,440,928,0.48%
01/03/2012,2.10,2.11,2.11,2.10,851,1 791,-0.47%
29/02/2012,2.11,2.10,2.11,2.10,710,1 495,-2.76%
24/02/2012,2.17,2.17,2.17,2.17,79,171,0.00%
23/02/2012,2.17,2.17,2.17,2.17,50,109,-4.41%
22/02/2012,2.27,2.27,2.27,2.27,504,1 144,0.00%
16/02/2012,2.27,2.15,2.27,2.15,35,77,1.34%
07/02/2012,2.24,2.24,2.24,2.24,183,410,-0.44%
19/01/2012,2.25,2.25,2.25,2.25,60,135,-5.86%
13/01/2012,2.39,2.39,2.39,2.39,200,478,0.42%
12/01/2012,2.38,2.38,2.38,2.38,5,12,2.15%
11/01/2012,2.33,2.33,2.33,2.33,35,82,0.00%
10/01/2012,2.33,2.33,2.33,2.33,45,105,-2.92%
06/01/2012,2.40,2.40,2.40,2.40,1 500,3 600,0.00%
03/01/2012,2.40,2.40,2.40,2.40,20,48,-0.41%
30/12/2011,2.41,2.41,2.41,2.41,5,12,2.55%
29/12/2011,2.35,2.35,2.35,2.35,20,47,0.00%
28/12/2011,2.35,2.35,2.35,2.35,55,129,0.00%
27/12/2011,2.35,2.35,2.35,2.35,770,1 810,-2.49%
22/12/2011,2.41,2.35,2.41,2.35,41,98,2.55%
21/12/2011,2.35,2.35,2.35,2.35,24,56,-2.89%
14/12/2011,2.42,2.35,2.42,2.35,205,489,2.98%
13/12/2011,2.35,2.35,2.35,2.35,550,1 293,-2.49%
07/12/2011,2.41,2.41,2.41,2.41,1 215,2 928,2.55%
06/12/2011,2.35,2.35,2.35,2.35,42,99,0.00%
05/12/2011,2.35,2.35,2.35,2.35,99,233,1.73%
30/11/2011,2.30,2.30,2.30,2.30,395,908,0.00%
29/11/2011,2.30,2.30,2.30,2.30,100,230,-0.43%
28/11/2011,2.31,2.31,2.31,2.31,91,210,0.00%
25/11/2011,2.31,2.31,2.31,2.31,14,32,1.76%
24/11/2011,2.27,2.27,2.27,2.27,260,590,-1.30%
22/11/2011,2.30,2.30,2.30,2.30,164,377,0.00%
21/11/2011,2.30,2.30,2.30,2.30,265,610,0.00%
18/11/2011,2.30,2.30,2.30,2.30,875,2 012,0.00%
17/11/2011,2.30,2.31,2.31,2.30,1 306,3 010,-0.43%
16/11/2011,2.31,2.31,2.31,2.31,520,1 201,-3.75%
10/11/2011,2.40,2.40,2.40,2.40,99,238,0.00%
09/11/2011,2.40,2.37,2.40,2.37,961,2 292,1.27%
08/11/2011,2.37,2.37,2.37,2.37,50,119,3.04%
04/11/2011,2.30,2.31,2.31,2.30,125,288,-0.43%
02/11/2011,2.31,2.31,2.31,2.31,100,231,0.43%
01/11/2011,2.30,2.41,2.41,2.30,210,495,2.22%
28/10/2011,2.25,2.25,2.25,2.25,75,169,0.00%
26/10/2011,2.25,2.25,2.25,2.25,50,113,2.74%
25/10/2011,2.19,2.19,2.19,2.19,111,243,-5.19%
21/10/2011,2.31,2.31,2.31,2.31,130,300,-0.43%
20/10/2011,2.32,2.38,2.38,2.32,64,150,-2.52%
19/10/2011,2.38,2.39,2.39,2.38,1 030,2 457,2.15%
18/10/2011,2.33,2.33,2.33,2.33,35,82,-2.92%
14/10/2011,2.40,2.40,2.40,2.40,210,504,3.90%
13/10/2011,2.31,2.31,2.31,2.31,50,116,-2.94%
12/10/2011,2.38,2.38,2.38,2.38,70,167,0.00%
11/10/2011,2.38,2.38,2.38,2.38,15,36,8.68%
07/10/2011,2.19,2.19,2.19,2.19,4 151,9 091,-12.05%
30/09/2011,2.49,2.49,2.49,2.49,500,1 245,-0.40%
29/09/2011,2.50,2.50,2.50,2.50,5,13,4.17%
28/09/2011,2.40,2.40,2.40,2.40,100,240,0.00%
27/09/2011,2.40,2.35,2.40,2.35,1 524,3 620,0.00%
26/09/2011,2.40,2.43,2.43,2.40,308,744,-3.23%
23/09/2011,2.48,2.48,2.48,2.48,302,749,-0.80%
22/09/2011,2.50,2.55,2.55,2.50,282,712,-1.96%
20/09/2011,2.55,2.55,2.55,2.55,30,77,0.00%
16/09/2011,2.55,2.55,2.55,2.55,30,77,2.00%
15/09/2011,2.50,2.50,2.50,2.50,50,125,4.17%
14/09/2011,2.40,2.44,2.45,2.40,1 100,2 668,-1.23%
13/09/2011,2.43,2.43,2.43,2.43,753,1 830,-2.41%
12/09/2011,2.49,2.42,2.49,2.42,146,358,0.40%
09/09/2011,2.48,2.49,2.49,2.48,715,1 777,-4.62%
07/09/2011,2.60,2.60,2.60,2.60,5,13,12.55%
05/09/2011,2.31,2.31,2.31,2.31,4 500,10 395,-11.15%
29/08/2011,2.50,2.50,2.50,2.50,297,743,-1.19%
26/08/2011,2.53,2.60,2.60,2.53,350,898,-2.69%
25/08/2011,2.60,2.60,2.60,2.60,95,247,-2.99%
24/08/2011,2.68,2.68,2.68,2.68,5,13,2.68%
23/08/2011,2.61,2.61,2.61,2.61,89,232,-2.97%
22/08/2011,2.69,2.69,2.69,2.69,125,336,0.00%
19/08/2011,2.69,2.69,2.69,2.69,2 060,5 541,2.67%
18/08/2011,2.62,2.62,2.62,2.62,22,58,-2.96%
17/08/2011,2.70,2.64,2.70,2.64,110,294,2.27%
16/08/2011,2.64,2.64,2.64,2.64,128,338,-0.75%
15/08/2011,2.66,2.63,2.66,2.63,471,1 246,-1.85%
12/08/2011,2.71,2.71,2.71,2.71,449,1 217,4.23%
11/08/2011,2.60,2.60,2.60,2.60,2 202,5 725,5.69%
10/08/2011,2.46,2.46,2.46,2.46,70,172,-2.77%
09/08/2011,2.53,2.53,2.53,2.53,10,25,4.12%
08/08/2011,2.43,2.43,2.43,2.43,500,1 215,-2.80%
05/08/2011,2.50,2.43,2.50,2.43,1 202,2 963,5.93%
04/08/2011,2.36,2.37,2.37,2.36,641,1 516,4.89%
03/08/2011,2.25,2.25,2.25,2.25,850,1 913,1.35%
02/08/2011,2.22,2.16,2.22,2.16,1 300,2 847,8.82%
28/07/2011,2.04,2.04,2.04,2.04,500,1 020,-2.86%
27/07/2011,2.10,2.10,2.10,2.10,65,137,0.96%
26/07/2011,2.08,2.08,2.08,2.08,1 310,2 725,-6.73%
22/07/2011,2.23,2.23,2.23,2.23,8 525,19 011,5.69%
21/07/2011,2.11,2.11,2.11,2.11,20,42,7.11%
19/07/2011,1.97,1.97,1.97,1.97,11 795,23 236,-8.37%
15/07/2011,2.15,2.15,2.15,2.15,85,183,-4.44%
14/07/2011,2.25,2.25,2.25,2.25,760,1 710,-4.26%
13/07/2011,2.35,2.35,2.35,2.35,100,235,-11.32%
08/07/2011,2.65,2.65,2.65,2.65,2 300,6 095,-18.71%
01/07/2011,3.26,3.26,3.26,3.26,2,7,-30.34%
