16/02/2023,87.00,87.00,88.00,87.00,6,525,-1.14%
14/02/2023,88.00,88.00,88.00,88.00,103,9 064,0.00%
10/02/2023,88.00,88.00,88.00,88.00,100,8 800,0.00%
08/02/2023,88.00,88.00,88.00,88.00,100,8 800,0.00%
07/02/2023,88.00,88.00,88.00,87.90,100,8 795,0.11%
02/02/2023,87.90,87.90,87.90,87.90,5,440,0.00%
27/01/2023,87.90,87.90,88.00,87.90,8,704,-0.11%
23/01/2023,88.00,88.00,88.00,87.00,305,26 688,1.15%
20/01/2023,87.00,87.00,88.00,87.00,5,438,-1.14%
19/01/2023,88.00,88.00,88.00,88.00,17,1 496,0.00%
17/01/2023,88.00,88.00,88.00,86.00,14,1 218,2.33%
12/01/2023,86.00,86.00,86.01,86.00,10,860,-2.26%
10/01/2023,87.99,87.99,88.00,87.99,25,2 200,-0.01%
09/01/2023,88.00,88.00,88.00,87.99,5,440,0.00%
04/01/2023,88.00,88.00,88.00,88.00,90,7 920,0.00%
29/12/2022,88.00,88.00,88.00,85.00,67,5 796,3.53%
28/12/2022,85.00,85.00,88.00,85.00,145,12 543,-3.41%
27/12/2022,88.00,88.00,88.00,87.99,70,6 160,0.00%
26/12/2022,88.00,88.00,88.00,85.00,2,173,3.53%
23/12/2022,85.00,85.00,87.99,85.00,109,9 428,-3.40%
15/12/2022,87.99,87.99,87.99,87.99,5,440,0.00%
14/12/2022,87.99,87.99,87.99,87.99,65,5 719,0.00%
12/12/2022,87.99,87.99,90.00,87.99,50,4 450,-2.23%
08/12/2022,90.00,90.00,90.00,90.00,70,6 300,0.00%
06/12/2022,90.00,90.00,90.97,90.00,101,9 139,-1.07%
30/11/2022,90.97,90.97,90.97,90.97,448,40 755,0.00%
29/11/2022,90.97,90.97,90.97,90.97,94,8 551,0.00%
25/11/2022,90.97,90.97,90.97,90.97,5,455,0.00%
23/11/2022,90.97,90.97,90.97,90.96,1,91,0.01%
22/11/2022,90.96,90.96,90.96,90.96,1 500,136 440,0.00%
16/11/2022,90.97,90.97,90.97,88.00,100,8 949,3.37%
11/11/2022,88.00,88.00,88.00,87.55,100,8 778,0.51%
10/11/2022,87.55,87.55,88.00,87.55,4,351,-0.51%
09/11/2022,88.00,88.00,88.00,87.99,243,21 383,0.01%
08/11/2022,87.99,87.99,89.55,87.99,4,355,-1.74%
01/11/2022,89.55,89.55,89.55,89.54,22,1 970,0.01%
28/10/2022,89.54,89.54,89.55,89.54,3,269,-0.01%
27/10/2022,89.55,89.55,89.55,89.01,25,2 232,0.61%
26/10/2022,89.01,89.01,90.99,89.01,2,180,-2.18%
25/10/2022,90.99,90.99,91.00,90.99,2,182,-0.01%
24/10/2022,91.00,91.00,91.00,91.00,15,1 365,0.00%
21/10/2022,91.00,91.00,91.00,88.60,1,90,2.71%
20/10/2022,88.60,88.60,91.00,87.00,59,5 251,-2.64%
12/10/2022,91.00,91.00,92.00,91.00,5,458,-1.09%
11/10/2022,92.00,92.00,92.00,92.00,5,460,0.00%
10/10/2022,92.00,92.00,92.00,92.00,10,920,0.00%
07/10/2022,92.00,92.00,92.00,92.00,26,2 392,0.00%
06/10/2022,92.00,92.00,92.00,88.51,5,451,3.94%
05/10/2022,88.51,88.51,91.00,88.51,10,898,-2.74%
04/10/2022,91.00,91.00,91.00,91.00,22,2 002,0.00%
03/10/2022,91.00,91.00,91.00,91.00,15,1 365,0.00%
30/09/2022,91.00,91.00,91.00,91.00,4,364,0.00%
29/09/2022,91.00,91.00,91.00,91.00,44,4 004,0.00%
28/09/2022,91.00,91.00,91.00,91.00,40,3 640,0.00%
27/09/2022,91.00,91.00,91.00,91.00,80,7 280,0.00%
26/09/2022,91.00,91.00,91.00,91.00,95,8 645,0.00%
23/09/2022,91.00,91.00,91.00,91.00,70,6 370,0.00%
22/09/2022,91.00,91.00,91.00,91.00,104,9 464,0.00%
16/09/2022,91.00,91.00,94.00,91.00,145,13 413,-3.19%
12/09/2022,94.00,94.00,94.50,94.00,9,848,-0.53%
08/09/2022,94.50,94.50,94.50,94.50,121,11 435,0.00%
06/09/2022,94.50,94.50,94.50,94.00,7,660,0.53%
05/09/2022,94.00,94.00,94.00,93.50,39,3 656,0.53%
02/09/2022,93.50,93.50,94.00,93.50,18,1 688,-0.53%
01/09/2022,94.00,94.00,94.00,94.00,18,1 692,0.00%
31/08/2022,94.00,94.00,94.00,94.00,30,2 820,0.00%
30/08/2022,94.00,94.00,94.00,94.00,116,10 904,0.00%
29/08/2022,94.00,94.00,94.00,93.50,552,51 750,0.53%
26/08/2022,93.50,93.50,93.50,93.00,5,466,0.54%
24/08/2022,93.00,93.00,93.00,93.00,4,372,0.00%
22/08/2022,93.00,93.00,93.00,90.06,16,1 464,3.26%
17/08/2022,92.96,92.96,92.96,92.96,11,1 023,0.00%
15/08/2022,92.96,92.96,92.97,92.96,15,1 394,-0.01%
12/08/2022,92.97,92.97,93.49,92.97,2,186,-0.56%
09/08/2022,93.49,93.49,93.49,90.01,5,459,3.87%
08/08/2022,90.01,90.01,94.00,90.00,15,1 380,0.01%
05/08/2022,90.00,90.00,90.00,89.00,243,21 749,1.12%
04/08/2022,89.00,89.00,89.10,89.00,3,267,-0.11%
03/08/2022,89.10,89.10,89.10,88.00,38,3 365,0.00%
02/08/2022,89.10,89.10,89.10,89.10,135,12 029,0.00%
29/07/2022,89.10,89.10,89.50,89.10,4,357,-0.45%
28/07/2022,89.50,89.50,89.99,89.50,24,2 154,-0.54%
27/07/2022,89.99,89.99,90.50,89.99,15,1 354,0.00%
26/07/2022,89.99,89.99,89.99,89.70,11,988,0.32%
22/07/2022,89.70,89.70,90.50,89.70,4,360,-0.88%
19/07/2022,90.50,90.50,94.45,90.50,77,7 121,-4.18%
18/07/2022,94.45,94.45,94.45,90.50,20,1 850,-1.61%
15/07/2022,96.00,96.00,96.00,96.00,88,8 448,0.00%
13/07/2022,96.00,96.00,96.01,96.00,1,96,-0.01%
12/07/2022,96.01,96.01,96.01,96.00,15,1 440,0.01%
07/07/2022,96.00,96.00,96.00,96.00,51,4 896,0.00%
06/07/2022,96.00,96.00,96.00,96.00,50,4 800,0.00%
01/07/2022,96.00,96.00,96.80,96.00,2,193,-0.83%
29/06/2022,96.80,96.80,97.00,96.80,11,1 066,-0.21%
27/06/2022,97.00,97.00,97.00,97.00,2,194,0.00%
15/06/2022,97.00,97.00,97.00,97.00,50,4 850,4.30%
08/06/2022,93.00,93.00,96.99,93.00,47,4 465,-4.12%
06/06/2022,97.00,97.00,97.00,97.00,5,485,0.00%
03/06/2022,97.00,97.00,97.00,97.00,10,970,0.00%
17/05/2022,98.75,98.75,98.75,98.75,10,988,4.50%
25/04/2022,94.50,94.50,94.50,94.49,10,945,0.01%
22/04/2022,94.49,94.49,94.49,94.49,60,5 669,0.00%
21/04/2022,94.49,94.49,94.50,94.49,25,2 362,-0.01%
20/04/2022,94.50,94.50,94.95,94.50,51,4 831,-0.47%
19/04/2022,94.95,94.95,94.95,94.95,248,23 548,0.00%
18/04/2022,94.95,94.95,94.95,94.95,10,950,0.00%
15/04/2022,94.95,94.95,94.95,94.95,3,285,0.00%
14/04/2022,94.95,94.95,94.95,94.94,2,190,0.01%
12/04/2022,94.94,94.94,94.95,94.94,11,1 044,-0.01%
08/04/2022,94.95,94.95,97.00,94.95,762,73 133,-2.11%
07/04/2022,97.00,97.00,97.00,97.00,41,3 977,0.00%
06/04/2022,97.00,97.00,98.00,97.00,10,975,-1.02%
05/04/2022,98.00,98.00,98.00,98.00,12,1 176,0.00%
04/04/2022,98.00,98.00,98.00,98.00,463,45 374,0.00%
28/03/2022,98.00,98.00,98.30,98.00,100,9 815,-0.31%
25/03/2022,98.30,98.30,98.30,98.30,100,9 830,0.00%
24/03/2022,98.30,98.30,98.30,98.30,45,4 424,0.00%
23/03/2022,98.30,98.30,98.30,98.00,58,5 693,0.31%
21/03/2022,98.00,98.00,99.40,98.00,200,19 740,-1.41%
17/03/2022,99.40,99.40,99.40,98.00,15,1 481,1.43%
16/03/2022,98.00,98.00,98.00,97.40,6,586,0.62%
04/03/2022,97.40,97.40,97.40,97.40,76,7 402,0.00%
02/03/2022,97.40,97.40,98.00,96.65,41,3 990,-0.61%
25/02/2022,98.00,98.00,98.00,92.70,8,763,1.03%
24/02/2022,97.00,97.00,99.74,97.00,160,15 739,-2.75%
23/02/2022,99.74,99.74,100.00,99.74,25,2 497,-0.26%
21/02/2022,100.00,100.00,100.00,100.00,55,5 500,0.00%
17/02/2022,100.00,100.00,100.00,99.75,187,18 677,0.25%
15/02/2022,99.75,99.75,100.00,99.75,7,699,-0.25%
14/02/2022,100.00,100.00,103.50,100.00,168,17 094,-3.38%
08/02/2022,103.50,103.50,103.50,103.50,136,14 076,0.00%
04/02/2022,103.50,103.50,103.50,103.50,483,49 991,0.00%
02/02/2022,103.50,103.50,103.50,103.50,179,18 527,0.00%
01/02/2022,103.50,103.50,103.72,99.26,823,83 526,4.27%
28/01/2022,99.26,99.26,99.26,98.01,20,1 973,1.28%
27/01/2022,98.01,98.01,102.00,98.01,2,200,-3.91%
25/01/2022,102.00,102.00,102.01,102.00,44,4 488,-0.01%
21/01/2022,102.01,102.01,102.01,102.01,47,4 794,0.00%
20/01/2022,102.01,102.01,104.00,102.01,198,20 395,-1.91%
19/01/2022,104.00,104.00,104.00,102.02,5,515,1.94%
17/01/2022,102.02,102.02,105.00,102.02,15,1 553,-2.84%
14/01/2022,105.00,105.00,105.00,105.00,3,315,0.00%
13/01/2022,105.00,105.00,105.00,102.01,5,518,2.93%
12/01/2022,102.01,102.01,102.01,102.01,93,9 487,0.00%
11/01/2022,102.01,102.01,102.01,102.01,60,6 121,0.00%
07/01/2022,102.01,102.01,102.01,102.01,363,37 030,0.00%
06/01/2022,102.01,102.01,102.01,102.01,171,17 444,0.00%
05/01/2022,102.01,102.01,102.01,101.50,265,26 965,0.50%
03/01/2022,101.50,101.50,102.72,101.50,29,2 961,-1.19%
31/12/2021,102.72,102.72,104.03,102.72,62,6 409,-1.26%
29/12/2021,104.03,104.03,104.03,104.00,18,1 872,0.03%
28/12/2021,104.00,104.00,104.00,104.00,77,8 008,0.00%
27/12/2021,104.00,104.00,104.00,104.00,23,2 392,0.00%
24/12/2021,104.00,104.00,104.01,104.00,80,8 320,-0.01%
23/12/2021,104.01,104.01,105.00,104.01,16,1 672,-0.94%
21/12/2021,105.00,105.00,105.00,105.00,25,2 625,0.00%
20/12/2021,105.00,105.00,105.31,105.00,95,9 990,-0.29%
15/12/2021,105.31,105.31,105.31,105.01,22,2 314,0.29%
14/12/2021,105.01,105.01,108.60,105.01,21,2 243,-3.31%
13/12/2021,108.60,108.60,108.60,105.00,1,107,3.43%
10/12/2021,105.00,105.00,105.50,105.00,112,11 788,-0.47%
09/12/2021,105.50,105.50,105.50,105.50,56,5 908,0.00%
08/12/2021,105.50,105.50,105.50,105.50,40,4 220,0.00%
06/12/2021,105.50,105.50,108.69,105.50,6,643,-2.93%
03/12/2021,108.69,108.69,108.70,108.69,50,5 435,-0.01%
02/12/2021,108.70,108.70,108.80,108.70,46,5 003,2.26%
29/11/2021,106.30,106.30,108.80,106.30,30 211,3 249 193,-0.20%
26/11/2021,106.51,106.51,110.00,106.51,135,14 614,0.20%
24/11/2021,106.30,106.30,106.52,106.30,31 476,3 349 361,-0.21%
17/11/2021,109.50,109.50,109.50,109.00,207,22 615,0.46%
16/11/2021,109.00,109.00,111.08,109.00,115,12 655,-1.87%
12/11/2021,111.08,111.08,111.08,106.30,2,217,4.50%
11/11/2021,106.30,106.30,108.39,106.30,51 156,5 491 341,-1.93%
10/11/2021,108.39,108.39,113.49,108.39,100,11 094,-4.49%
08/11/2021,113.49,113.49,113.49,109.00,6,667,4.12%
04/11/2021,109.00,109.00,109.00,107.00,43,4 644,1.87%
02/11/2021,107.00,107.00,107.00,106.30,12,1 280,0.66%
01/11/2021,106.30,106.30,106.30,106.30,7,744,0.00%
29/10/2021,106.30,106.30,110.49,106.30,375,40 648,0.00%
27/10/2021,106.30,106.30,111.00,106.30,82,8 909,-0.14%
26/10/2021,106.45,106.45,106.45,106.30,3,319,0.14%
25/10/2021,106.30,106.30,106.31,106.30,139,14 776,-0.01%
22/10/2021,106.31,106.31,108.99,106.31,36,3 875,-2.46%
21/10/2021,108.99,108.99,108.99,108.99,2,218,0.00%
20/10/2021,108.99,108.99,108.99,106.31,61,6 567,2.52%
19/10/2021,106.31,106.31,107.00,106.31,60,6 399,-0.64%
14/10/2021,107.00,107.00,107.01,107.00,10,1 070,-0.01%
11/10/2021,107.01,107.01,110.87,107.01,43,4 684,-3.48%
08/10/2021,110.87,110.87,110.87,110.87,144,15 965,0.00%
05/10/2021,110.87,110.87,110.87,106.10,1,108,4.50%
04/10/2021,106.10,106.10,106.10,106.00,63,6 681,1.06%
01/10/2021,104.99,104.99,104.99,104.99,2,210,0.00%
30/09/2021,104.99,104.99,104.99,104.99,8,840,-1.05%
24/09/2021,106.10,106.10,106.10,106.10,10,1 061,2.02%
23/09/2021,104.00,104.00,104.00,104.00,15,1 560,-1.98%
22/09/2021,106.10,106.10,106.10,106.10,5,531,0.00%
20/09/2021,106.10,106.10,106.10,106.10,154,16 339,0.00%
17/09/2021,106.10,106.10,106.10,106.10,104,11 034,-3.98%
14/09/2021,110.50,110.50,110.50,110.50,1,111,-1.32%
08/09/2021,111.98,111.98,111.98,111.98,4,448,1.80%
07/09/2021,110.00,110.00,110.00,110.00,8,880,0.00%
03/09/2021,110.00,110.00,110.00,110.00,1,110,2.17%
02/09/2021,107.66,107.66,107.66,107.66,4,431,-4.39%
31/08/2021,112.60,112.60,112.60,111.09,2,224,1.36%
25/08/2021,111.09,111.09,111.09,111.09,8,889,2.86%
24/08/2021,108.00,111.24,111.24,108.00,70,7 673,0.00%
23/08/2021,108.00,108.00,108.00,108.00,51,5 508,0.00%
19/08/2021,110.00,110.00,110.00,110.00,4,440,1.39%
18/08/2021,108.49,108.50,108.50,108.49,152,16 491,-4.41%
16/08/2021,113.49,113.49,113.49,113.49,10,1 135,0.44%
09/08/2021,112.99,112.99,112.99,112.99,10,1 130,2.16%
05/08/2021,110.60,110.60,110.60,110.60,84,9 290,-2.98%
03/08/2021,114.00,114.00,114.00,114.00,10,1 140,-0.82%
30/07/2021,114.94,115.00,115.00,114.94,128,14 716,-1.76%
28/07/2021,117.00,117.00,117.00,117.00,30,3 510,-1.18%
26/07/2021,118.40,118.40,118.40,118.40,5,592,-0.50%
22/07/2021,119.00,119.00,119.00,119.00,2,238,2.85%
19/07/2021,115.70,115.70,115.70,115.70,51,5 901,-0.09%
16/07/2021,115.80,113.10,115.80,113.10,59,6 753,2.39%
15/07/2021,113.10,113.10,113.10,113.10,18,2 036,-1.22%
14/07/2021,114.50,114.50,114.50,114.50,1,115,-2.14%
13/07/2021,117.00,117.00,117.00,117.00,1,117,0.00%
12/07/2021,117.00,117.00,117.00,117.00,60,7 020,0.00%
09/07/2021,117.00,117.00,117.00,117.00,172,20 124,0.17%
08/07/2021,116.80,116.80,116.80,116.80,5,584,0.00%
07/07/2021,116.80,116.80,116.80,116.80,3,350,-0.17%
02/07/2021,117.00,117.00,117.00,117.00,5,585,2.63%
30/06/2021,114.00,113.50,114.00,113.50,311,35 376,0.44%
29/06/2021,113.50,113.50,113.50,113.50,199,22 587,-0.87%
28/06/2021,114.50,114.50,114.50,114.50,94,10 763,0.00%
25/06/2021,114.50,115.09,115.09,114.50,186,21 352,-0.51%
23/06/2021,115.09,115.09,115.09,115.09,2,230,0.00%
22/06/2021,115.09,115.09,115.09,115.09,1,115,0.00%
21/06/2021,115.09,115.20,115.20,115.09,41,4 721,-0.01%
18/06/2021,115.10,115.20,115.20,115.10,179,20 612,0.00%
17/06/2021,115.10,115.10,115.10,115.10,10,1 151,0.00%
16/06/2021,115.10,115.10,115.10,115.10,58,6 676,-0.09%
15/06/2021,115.20,115.20,115.20,115.20,8,922,0.17%
14/06/2021,115.00,115.95,115.95,115.00,85,9 815,-0.82%
11/06/2021,115.95,115.95,115.95,115.95,30,3 479,-0.04%
10/06/2021,116.00,116.00,116.00,116.00,230,26 680,0.00%
09/06/2021,116.00,115.00,116.00,115.00,82,9 471,-0.09%
08/06/2021,116.10,116.10,116.10,116.10,1,116,-0.35%
07/06/2021,116.51,117.79,117.79,116.51,26,3 046,-1.10%
04/06/2021,117.80,117.78,117.80,117.78,60,7 067,0.86%
03/06/2021,116.80,117.50,117.50,116.80,110,12 887,0.24%
02/06/2021,116.52,119.97,119.97,116.52,73,8 632,-2.88%
01/06/2021,119.97,116.51,119.97,116.51,26,3 074,2.97%
31/05/2021,116.51,116.50,116.51,116.50,51,5 942,-2.88%
28/05/2021,119.96,119.96,119.96,119.96,8,960,-0.01%
27/05/2021,119.97,119.98,119.98,119.97,6,720,1.28%
26/05/2021,118.45,115.00,118.45,115.00,114,13 307,3.00%
25/05/2021,115.00,115.00,115.00,115.00,22,2 530,0.88%
24/05/2021,114.00,114.00,114.00,114.00,16,1 824,-1.55%
20/05/2021,111.00,115.82,115.82,111.00,212,24 043,-4.16%
19/05/2021,115.82,115.81,119.00,115.81,71,8 336,-2.67%
18/05/2021,119.00,119.00,119.00,119.00,2,238,-0.14%
17/05/2021,119.17,119.17,119.17,119.17,5,596,3.00%
11/05/2021,115.70,115.70,115.70,115.70,81,9 372,-1.95%
10/05/2021,118.00,118.00,118.00,118.00,205,24 190,-0.34%
07/05/2021,118.40,118.40,118.40,118.40,50,5 920,0.00%
06/05/2021,118.40,115.00,118.40,115.00,321,37 461,2.96%
05/05/2021,115.00,112.59,115.00,112.59,306,34 821,5.19%
04/05/2021,109.33,109.33,109.33,109.33,90,9 840,3.00%
03/05/2021,106.15,106.14,106.15,106.14,63,6 687,3.01%
30/04/2021,103.05,103.00,103.05,103.00,28,2 885,3.04%
29/04/2021,100.01,100.01,100.01,100.01,46,4 600,-2.90%
28/04/2021,103.00,103.00,103.00,103.00,12,1 236,-0.01%
27/04/2021,103.01,103.01,103.01,103.01,100,10 301,-2.82%
23/04/2021,106.00,106.00,106.00,106.00,15,1 590,0.00%
21/04/2021,106.00,106.00,106.00,106.00,8,848,0.00%
20/04/2021,106.00,106.00,106.00,106.00,2,212,2.91%
16/04/2021,103.00,103.00,103.00,103.00,5,515,3.00%
14/04/2021,100.00,100.00,100.00,100.00,4,400,0.00%
13/04/2021,100.00,100.00,100.00,100.00,2,200,0.00%
08/04/2021,100.00,100.00,100.00,100.00,12,1 200,-3.67%
07/04/2021,103.81,103.81,103.81,103.81,2,208,0.00%
02/04/2021,103.81,103.81,103.81,103.81,61,6 332,0.00%
01/04/2021,103.81,103.81,103.81,103.81,3,311,0.00%
31/03/2021,103.81,103.81,103.81,103.81,10,1 038,3.00%
26/03/2021,100.79,100.79,100.79,100.79,800,80 632,-2.99%
22/03/2021,103.90,103.90,103.90,103.90,5,520,0.00%
19/03/2021,103.90,103.90,103.90,103.90,23,2 390,0.00%
17/03/2021,103.90,103.90,103.90,103.90,3,312,2.93%
11/03/2021,100.94,100.94,100.94,100.94,2,202,3.00%
09/03/2021,98.00,98.00,98.00,98.00,1,98,1.37%
08/03/2021,96.68,96.68,96.68,96.68,54,5 221,-4.49%
05/03/2021,101.23,101.23,101.23,101.23,26,2 632,-4.50%
04/03/2021,106.00,106.00,106.00,106.00,2,212,0.00%
02/03/2021,106.00,106.09,106.09,106.00,181,19 194,2.91%
01/03/2021,103.00,103.00,103.00,103.00,147,15 141,0.00%
26/02/2021,103.00,103.00,103.00,103.00,18,1 854,2.79%
25/02/2021,100.20,100.20,100.20,100.20,11,1 102,0.20%
24/02/2021,100.00,100.00,100.00,100.00,100,10 000,0.00%
18/02/2021,100.00,99.99,100.00,99.99,6,600,-0.07%
12/02/2021,100.07,97.16,100.07,97.16,6,592,6.07%
11/02/2021,94.34,94.34,94.34,94.34,2,189,-0.69%
10/02/2021,95.00,97.24,97.24,95.00,21,2 019,-2.31%
09/02/2021,97.25,97.25,97.25,97.24,130,12 642,-2.96%
08/02/2021,100.22,100.22,100.22,100.22,686,68 751,-0.77%
05/02/2021,101.00,103.31,103.31,101.00,129,13 178,-5.16%
04/02/2021,106.50,106.50,106.50,106.50,72,7 668,-3.18%
03/02/2021,110.00,110.00,110.00,110.00,375,41 250,-2.65%
02/02/2021,113.00,110.86,113.00,110.86,464,51 936,2.08%
01/02/2021,110.70,107.63,110.70,107.63,162,17 685,10.70%
28/01/2021,100.00,99.00,100.00,99.00,180,17 910,3.63%
27/01/2021,96.50,95.00,96.50,95.00,137,13 118,1.58%
26/01/2021,95.00,94.95,95.00,94.95,189,17 950,1.60%
25/01/2021,93.50,91.50,94.00,91.50,97,8 997,4.93%
21/01/2021,89.11,86.52,89.11,86.52,51,4 479,6.08%
20/01/2021,84.00,82.51,84.00,82.51,101,8 409,3.70%
19/01/2021,81.00,81.00,81.00,81.00,8,648,1.24%
18/01/2021,80.01,80.00,80.01,80.00,107,8 561,0.88%
15/01/2021,79.31,79.31,79.31,79.31,51,4 045,0.00%
13/01/2021,79.31,79.31,79.31,79.31,54,4 283,3.00%
12/01/2021,77.00,77.00,77.00,77.00,25,1 925,-1.09%
11/01/2021,77.85,77.85,77.85,77.85,40,3 114,1.10%
07/01/2021,77.00,77.00,77.00,77.00,72,5 544,-1.09%
06/01/2021,77.85,77.85,77.85,77.85,411,31 996,0.05%
05/01/2021,77.81,77.81,77.81,77.81,90,7 003,-0.01%
04/01/2021,77.82,77.85,77.85,77.82,76,5 915,-0.04%
31/12/2020,77.85,77.82,77.85,77.82,47,3 658,0.00%
30/12/2020,77.85,77.82,77.85,77.82,69,5 371,-2.69%
25/12/2020,80.00,77.91,80.00,77.91,17,1 342,2.80%
24/12/2020,77.82,77.82,77.82,77.82,82,6 381,-0.10%
23/12/2020,77.90,77.90,77.90,77.90,20,1 558,-0.13%
22/12/2020,78.00,78.00,78.00,78.00,34,2 652,0.00%
21/12/2020,78.00,77.82,78.00,77.82,51,3 973,-0.04%
17/12/2020,78.03,80.34,80.34,78.00,101,7 996,0.04%
16/12/2020,78.00,78.00,78.00,78.00,162,12 636,0.00%
15/12/2020,78.00,78.00,78.00,78.00,8,624,0.00%
14/12/2020,78.00,78.00,78.00,78.00,120,9 360,-2.50%
11/12/2020,80.00,80.00,80.00,80.00,20,1 600,-4.76%
07/12/2020,84.00,84.00,84.00,84.00,10,840,1.95%
04/12/2020,82.39,82.39,82.39,82.39,2,165,0.00%
03/12/2020,82.39,82.39,82.39,82.39,1,82,-0.01%
01/12/2020,82.40,80.10,82.40,80.10,24,1 950,-0.12%
30/11/2020,82.50,82.50,82.50,82.50,1,83,4.42%
27/11/2020,79.01,79.01,79.01,79.01,49,3 871,0.01%
26/11/2020,79.00,78.00,79.00,78.00,147,11 540,1.69%
25/11/2020,77.69,77.69,77.69,77.69,88,6 837,0.00%
24/11/2020,77.69,77.74,77.74,77.69,38,2 953,2.02%
23/11/2020,76.15,76.15,76.15,76.15,1,76,-0.33%
19/11/2020,76.50,76.00,76.50,76.00,131,9 989,0.66%
18/11/2020,76.00,76.50,76.50,76.00,61,4 651,-0.65%
17/11/2020,76.50,76.79,76.79,76.50,107,8 201,-0.38%
16/11/2020,76.79,76.99,77.00,76.79,256,19 685,-0.39%
13/11/2020,77.09,77.11,77.11,77.09,315,24 287,-0.53%
12/11/2020,77.50,78.00,78.00,77.50,61,4 743,0.65%
11/11/2020,77.00,76.50,77.00,76.50,621,47 662,1.18%
10/11/2020,76.10,76.10,76.10,76.10,45,3 424,0.13%
09/11/2020,76.00,76.00,76.00,76.00,15,1 140,-0.65%
06/11/2020,76.50,76.00,76.50,76.00,94,7 168,0.66%
05/11/2020,76.00,74.00,76.00,74.00,20,1 500,5.56%
03/11/2020,72.00,72.00,72.00,72.00,10,720,0.00%
28/10/2020,72.00,72.00,72.00,72.00,13,936,-0.35%
27/10/2020,72.25,72.10,72.25,72.10,60,4 331,0.00%
22/10/2020,72.25,73.00,73.00,72.25,34,2 469,-1.03%
21/10/2020,73.00,73.00,73.00,73.00,4,292,0.00%
20/10/2020,73.00,73.00,73.00,73.00,25,1 825,0.00%
16/10/2020,73.00,73.00,73.00,73.00,21,1 533,0.00%
14/10/2020,73.00,73.00,73.00,73.00,22,1 606,0.00%
13/10/2020,73.00,73.00,73.00,73.00,12,876,0.00%
12/10/2020,73.00,73.00,73.00,73.00,24,1 752,0.00%
09/10/2020,73.00,73.00,73.00,73.00,2,146,0.00%
08/10/2020,73.00,73.00,73.00,73.00,41,2 993,0.00%
07/10/2020,73.00,73.00,73.00,73.00,45,3 285,0.00%
06/10/2020,73.00,73.00,73.00,73.00,59,4 307,0.69%
30/09/2020,72.50,73.00,73.00,72.50,228,16 587,-0.68%
29/09/2020,73.00,73.00,73.00,73.00,1,73,0.00%
28/09/2020,73.00,73.00,73.00,73.00,38,2 774,0.00%
25/09/2020,73.00,73.00,73.00,73.00,141,10 293,0.69%
24/09/2020,72.50,72.50,72.50,72.50,199,14 428,-0.67%
22/09/2020,72.99,72.99,72.99,72.99,3,219,0.69%
17/09/2020,72.49,72.49,72.49,72.49,9,652,-3.00%
16/09/2020,74.73,74.73,74.73,74.73,1,75,2.92%
09/09/2020,72.61,72.49,72.61,72.49,5,363,9.19%
04/09/2020,66.50,66.50,66.50,66.50,98,6 517,-2.25%
03/09/2020,68.03,68.01,68.03,68.01,126,8 571,-2.81%
02/09/2020,70.00,70.00,70.00,70.00,18,1 260,0.00%
01/09/2020,70.00,70.00,70.00,70.00,50,3 500,0.00%
31/08/2020,70.00,70.00,70.00,70.00,50,3 500,0.00%
27/08/2020,70.00,70.00,70.00,70.00,75,5 250,1.45%
26/08/2020,69.00,69.00,69.00,69.00,5,345,-0.03%
25/08/2020,69.02,69.02,69.02,69.02,3,207,-2.79%
18/08/2020,71.00,71.00,71.00,71.00,32,2 272,0.00%
17/08/2020,71.00,71.00,71.00,71.00,72,5 112,-2.74%
14/08/2020,73.00,73.00,73.00,73.00,41,2 993,-0.01%
06/08/2020,73.01,73.01,73.01,73.01,41,2 993,-1.24%
04/08/2020,73.93,73.93,73.93,73.93,7,518,3.00%
28/07/2020,71.78,71.78,71.78,71.78,8,574,-2.99%
24/07/2020,73.99,73.99,73.99,73.99,11,814,-1.99%
22/07/2020,75.49,75.49,75.49,75.49,3,226,-0.64%
17/07/2020,75.98,75.00,75.98,75.00,2,151,2.45%
16/07/2020,74.16,74.16,74.16,74.16,1,74,3.00%
15/07/2020,72.00,72.00,72.00,72.00,204,14 688,2.86%
13/07/2020,70.00,70.00,70.00,70.00,66,4 620,0.00%
10/07/2020,70.00,70.00,70.00,70.00,253,17 710,0.00%
09/07/2020,70.00,70.00,70.00,70.00,203,14 210,-2.91%
08/07/2020,72.10,70.00,72.10,70.00,83,5 897,3.00%
07/07/2020,70.00,71.60,71.60,70.00,221,15 647,-3.43%
06/07/2020,72.49,72.50,72.50,72.49,20,1 450,1.37%
03/07/2020,71.51,71.51,71.51,71.51,12,858,-0.67%
02/07/2020,71.99,71.51,71.99,71.51,9,646,-1.10%
01/07/2020,72.79,73.00,73.00,72.79,43,3 134,-0.56%
30/06/2020,73.20,73.50,73.50,73.20,37,2 714,-0.41%
29/06/2020,73.50,73.20,73.50,73.20,58,4 254,-2.25%
24/06/2020,75.19,75.19,75.19,75.19,1,75,3.00%
23/06/2020,73.00,73.00,73.00,73.00,1,73,0.33%
22/06/2020,72.76,72.76,72.76,72.76,3,218,-2.99%
19/06/2020,75.00,75.00,75.00,75.00,200,15 000,-0.37%
18/06/2020,75.28,75.28,75.28,75.28,281,21 154,-2.99%
17/06/2020,77.60,77.60,77.60,77.60,202,15 675,-3.00%
16/06/2020,80.00,80.00,80.00,80.00,50,4 000,-2.83%
12/06/2020,82.33,82.35,82.35,82.33,52,4 282,-0.81%
11/06/2020,83.00,83.00,83.00,83.00,50,4 150,-2.23%
08/06/2020,84.89,84.89,84.89,84.89,2,170,0.00%
05/06/2020,84.89,84.90,84.90,84.89,548,46 522,2.90%
04/06/2020,82.50,82.50,82.50,82.50,10,825,2.96%
03/06/2020,80.13,80.13,80.13,80.13,2,160,0.00%
01/06/2020,80.13,80.13,80.13,80.13,10,801,2.99%
27/05/2020,77.80,77.80,77.80,77.80,10,778,2.37%
26/05/2020,76.00,76.00,76.00,76.00,213,16 188,2.00%
21/05/2020,74.00,74.00,74.00,74.00,10,740,2.39%
20/05/2020,72.27,72.50,72.50,72.27,96,6 949,-2.99%
19/05/2020,74.50,74.50,74.50,74.50,133,9 909,-2.99%
15/05/2020,76.80,78.00,78.00,76.80,51,3 947,-1.93%
14/05/2020,78.31,78.31,78.31,78.31,48,3 759,-3.02%
13/05/2020,80.75,80.75,80.75,80.75,106,8 560,-2.97%
12/05/2020,83.22,83.22,83.22,83.22,24,1 997,-3.00%
11/05/2020,85.79,85.79,85.79,85.79,12,1 029,-1.73%
08/05/2020,87.30,87.30,87.30,87.30,8,698,-2.87%
07/05/2020,89.88,89.88,89.88,89.88,10,899,2.99%
06/05/2020,87.27,87.27,87.27,87.27,5,436,-2.99%
30/04/2020,89.96,90.00,90.00,89.96,20,1 800,2.23%
29/04/2020,88.00,88.00,88.00,88.00,10,880,1.35%
28/04/2020,86.83,86.83,86.83,86.83,25,2 171,-2.98%
27/04/2020,89.50,89.50,89.50,89.50,17,1 522,-2.72%
24/04/2020,92.00,92.00,92.00,92.00,10,920,2.22%
23/04/2020,90.00,90.00,90.00,90.00,109,9 810,-1.64%
22/04/2020,91.50,91.50,91.50,91.50,10,915,0.33%
21/04/2020,91.20,91.20,91.20,91.20,71,6 475,2.47%
20/04/2020,89.00,88.50,89.00,88.50,161,14 289,-2.44%
17/04/2020,91.23,91.23,91.23,91.23,323,29 467,2.99%
16/04/2020,88.58,88.58,88.58,88.58,464,41 101,3.00%
15/04/2020,86.00,86.00,86.00,86.00,60,5 160,2.99%
14/04/2020,83.50,83.50,83.50,83.50,135,11 273,2.96%
13/04/2020,81.10,81.00,81.10,81.00,17,1 378,3.00%
08/04/2020,78.74,78.74,78.74,78.74,15,1 181,3.00%
07/04/2020,76.45,76.45,76.45,76.45,166,12 691,2.95%
06/04/2020,74.26,74.26,74.26,74.26,22,1 634,3.00%
03/04/2020,72.10,72.11,72.11,72.10,189,13 628,2.99%
02/04/2020,70.01,70.00,70.01,70.00,180,12 601,2.96%
26/03/2020,68.00,68.00,68.00,68.00,48,3 264,3.19%
23/03/2020,65.90,65.90,65.90,65.90,3,198,-2.99%
19/03/2020,67.93,67.93,67.93,67.93,18,1 223,2.99%
18/03/2020,65.96,65.96,65.96,65.96,4,264,-3.00%
17/03/2020,68.00,70.00,70.00,68.00,147,10 143,-2.86%
16/03/2020,70.00,70.00,70.00,70.00,70,4 900,-1.41%
12/03/2020,71.00,71.00,71.00,71.00,30,2 130,0.03%
11/03/2020,70.98,70.98,70.98,70.98,30,2 129,-0.03%
10/03/2020,71.00,71.00,72.00,71.00,127,9 081,-0.01%
09/03/2020,71.01,71.01,71.01,71.01,41,2 911,-2.74%
05/03/2020,73.01,73.01,73.01,73.01,53,3 870,0.03%
04/03/2020,72.99,72.99,72.99,72.99,26,1 898,2.80%
03/03/2020,71.00,72.00,72.00,71.00,6 259,447 519,-1.25%
02/03/2020,71.90,73.00,73.00,71.90,78,5 651,-0.14%
28/02/2020,72.00,72.00,72.00,72.00,75,5 400,0.00%
27/02/2020,72.00,72.00,72.00,72.00,9,648,1.41%
20/02/2020,71.00,71.00,71.00,71.00,274,19 454,0.00%
19/02/2020,71.00,71.00,71.00,71.00,70,4 970,0.14%
17/02/2020,70.90,70.90,70.90,70.90,63,4 467,-0.14%
14/02/2020,71.00,71.00,71.00,71.00,77,5 467,-2.07%
12/02/2020,72.50,72.50,72.50,72.50,77,5 583,0.00%
11/02/2020,72.50,72.50,72.50,72.50,53,3 843,0.55%
07/02/2020,72.10,72.10,72.10,72.10,10,721,-0.54%
06/02/2020,72.49,72.20,72.49,72.20,32,2 315,-0.01%
04/02/2020,72.50,72.50,72.50,72.50,165,11 963,0.00%
03/02/2020,72.50,73.50,73.50,72.50,250,18 250,-1.36%
31/01/2020,73.50,73.50,73.50,73.50,30,2 205,0.00%
30/01/2020,73.50,73.50,73.50,73.50,102,7 497,0.00%
29/01/2020,73.50,73.50,73.50,73.50,40,2 940,-0.14%
28/01/2020,73.60,73.50,73.60,73.50,144,10 591,0.14%
27/01/2020,73.50,73.00,73.50,73.00,71,5 201,0.68%
23/01/2020,73.00,73.00,73.00,73.00,56,4 088,0.00%
22/01/2020,73.00,73.00,73.00,73.00,50,3 650,-2.54%
21/01/2020,74.90,74.90,74.90,74.90,120,8 988,2.60%
20/01/2020,73.00,73.00,73.00,73.00,303,22 119,0.01%
17/01/2020,72.99,72.99,72.99,72.99,1,73,4.27%
13/01/2020,70.00,70.00,70.00,70.00,33,2 310,0.00%
10/01/2020,70.00,70.00,70.00,70.00,23,1 610,0.00%
08/01/2020,70.00,70.00,70.00,70.00,396,27 720,-0.01%
06/01/2020,70.01,70.01,70.01,70.01,11,770,0.00%
03/01/2020,70.01,70.01,70.01,70.01,38,2 660,0.01%
31/12/2019,70.00,70.00,70.00,70.00,28,1 960,0.00%
30/12/2019,70.00,70.00,70.00,70.00,73,5 110,0.00%
27/12/2019,70.00,70.00,70.00,70.00,13,910,0.00%
26/12/2019,70.00,70.00,70.00,70.00,28,1 960,0.00%
25/12/2019,70.00,70.00,70.00,70.00,80,5 600,0.00%
24/12/2019,70.00,71.00,71.00,70.00,137,9 659,-1.41%
23/12/2019,71.00,71.00,71.00,71.00,64,4 544,0.00%
20/12/2019,71.00,71.00,71.00,71.00,10,710,0.00%
19/12/2019,71.00,71.00,71.00,71.00,27,1 917,0.00%
18/12/2019,71.00,71.00,71.00,71.00,219,15 549,0.00%
17/12/2019,71.00,71.00,71.00,71.00,20,1 420,-1.39%
13/12/2019,72.00,72.00,72.00,72.00,94,6 768,0.00%
12/12/2019,72.00,72.00,72.00,72.00,251,18 072,0.00%
11/12/2019,72.00,72.00,72.00,72.00,149,10 728,0.00%
10/12/2019,72.00,72.00,72.00,72.00,48,3 456,0.00%
06/12/2019,72.00,72.00,72.00,72.00,54,3 888,0.00%
03/12/2019,72.00,72.00,72.00,72.00,32,2 304,0.00%
02/12/2019,72.00,72.00,72.00,72.00,4,288,-0.11%
29/11/2019,72.08,72.08,72.08,72.08,5,360,0.00%
28/11/2019,72.08,71.00,72.08,71.00,126,9 014,1.52%
26/11/2019,71.00,71.00,71.00,71.00,10,710,0.00%
25/11/2019,71.00,71.00,71.00,71.00,4,284,0.00%
21/11/2019,71.00,72.08,72.08,71.00,69,4 936,-1.50%
20/11/2019,72.08,71.00,72.08,71.00,121,8 656,0.81%
19/11/2019,71.50,72.07,72.07,71.50,15,1 077,-0.80%
18/11/2019,72.08,72.08,72.08,72.08,1,72,0.01%
15/11/2019,72.07,72.07,72.07,72.07,16,1 153,-0.01%
14/11/2019,72.08,72.08,72.08,72.08,4,288,0.00%
12/11/2019,72.08,72.08,72.08,72.08,2,144,2.24%
11/11/2019,70.50,70.50,70.50,70.50,4,282,-2.19%
08/11/2019,72.08,72.08,72.08,72.08,34,2 451,0.00%
07/11/2019,72.08,72.08,72.08,72.08,50,3 604,0.00%
06/11/2019,72.08,72.08,72.08,72.08,65,4 685,0.00%
05/11/2019,72.08,72.08,72.08,72.08,50,3 604,-2.99%
01/11/2019,74.30,74.30,74.30,74.30,67,4 978,0.41%
31/10/2019,74.00,74.00,74.00,74.00,2,148,0.00%
30/10/2019,74.00,74.00,74.00,74.00,11,814,0.00%
29/10/2019,74.00,74.00,74.00,74.00,31,2 294,0.00%
28/10/2019,74.00,74.00,74.00,74.00,6,444,-1.33%
25/10/2019,75.00,75.00,75.00,75.00,15,1 125,0.00%
24/10/2019,75.00,75.00,75.00,75.00,35,2 625,0.00%
23/10/2019,75.00,75.00,75.00,75.00,140,10 500,0.00%
18/10/2019,75.00,75.00,75.00,75.00,3,225,0.00%
17/10/2019,75.00,75.00,75.00,75.00,5,375,0.00%
16/10/2019,75.00,75.00,75.00,75.00,37,2 775,0.00%
14/10/2019,75.00,75.00,75.00,75.00,2,150,0.00%
11/10/2019,75.00,74.99,75.00,74.99,86,6 450,0.00%
09/10/2019,75.00,75.00,75.00,75.00,58,4 350,-4.46%
08/10/2019,78.50,78.50,78.50,78.50,5,393,2.61%
07/10/2019,76.50,76.50,76.50,76.50,20,1 530,2.00%
02/10/2019,75.00,75.00,75.00,75.00,10,750,0.00%
30/09/2019,75.00,75.00,75.00,75.00,64,4 800,1.35%
18/09/2019,74.00,74.00,74.00,74.00,46,3 404,0.00%
16/09/2019,74.00,74.00,74.00,74.00,1,74,-9.76%
13/09/2019,82.00,82.00,82.00,82.00,50,4 100,0.00%
10/09/2019,82.00,82.00,82.00,82.00,6,492,1.23%
09/09/2019,81.00,81.00,81.00,81.00,39,3 159,0.00%
06/09/2019,81.00,81.00,81.00,81.00,8,648,0.00%
05/09/2019,81.00,81.00,81.00,81.00,43,3 483,0.00%
04/09/2019,81.00,81.01,81.01,81.00,108,8 749,1.25%
28/08/2019,80.00,80.00,80.00,80.00,130,10 400,0.00%
27/08/2019,80.00,80.00,80.00,80.00,87,6 960,-0.02%
26/08/2019,80.02,80.02,80.02,80.02,5,400,0.00%
22/08/2019,81.00,81.00,81.00,81.00,489,39 609,-0.61%
21/08/2019,81.50,81.50,81.50,81.50,2,163,-0.61%
16/08/2019,82.00,82.00,82.00,82.00,10,820,0.00%
15/08/2019,82.00,82.00,82.00,82.00,18,1 476,0.00%
14/08/2019,82.00,82.00,82.00,82.00,37,3 034,0.00%
09/08/2019,82.00,82.00,82.00,82.00,28,2 296,0.61%
08/08/2019,81.50,81.50,81.50,81.50,130,10 595,-0.61%
07/08/2019,82.00,82.00,82.00,82.00,39,3 198,-0.61%
05/08/2019,82.50,82.50,82.50,82.50,98,8 085,0.00%
30/07/2019,82.50,82.50,82.50,82.50,14,1 155,0.00%
29/07/2019,82.50,82.50,82.50,82.50,11,908,0.12%
26/07/2019,82.40,82.40,82.40,82.40,21,1 730,0.00%
23/07/2019,82.40,82.40,82.40,82.40,108,8 899,0.00%
22/07/2019,82.40,82.50,82.50,82.40,130,10 719,-1.79%
19/07/2019,83.90,83.90,83.90,83.90,71,5 957,-1.14%
18/07/2019,84.87,84.87,84.87,84.87,24,2 037,-0.01%
17/07/2019,84.88,84.87,84.88,84.87,21,1 782,0.01%
16/07/2019,84.87,84.87,84.87,84.87,29,2 461,-0.01%
15/07/2019,84.88,84.88,84.88,84.88,53,4 499,-0.01%
12/07/2019,84.89,84.89,84.89,84.89,26,2 207,-0.01%
09/07/2019,84.90,84.90,84.90,84.90,20,1 698,0.00%
08/07/2019,84.90,84.90,84.90,84.90,25,2 123,-0.04%
04/07/2019,84.93,84.93,84.93,84.93,15,1 274,-0.06%
03/07/2019,84.98,84.99,84.99,84.98,23,1 955,-0.01%
02/07/2019,84.99,84.99,84.99,84.99,160,13 598,-0.01%
01/07/2019,85.00,85.00,85.00,85.00,39,3 315,2.78%
28/06/2019,82.70,82.70,82.70,82.70,5,414,-2.71%
27/06/2019,85.00,85.00,85.00,85.00,10,850,0.00%
26/06/2019,85.00,85.00,85.00,85.00,4,340,2.91%
25/06/2019,82.60,82.60,82.60,82.60,1,83,0.12%
21/06/2019,82.50,82.50,82.50,82.50,16,1 320,0.00%
20/06/2019,82.50,82.50,82.50,82.50,83,6 848,-5.17%
13/06/2019,87.00,87.00,87.00,87.00,123,10 701,-2.25%
12/06/2019,89.00,89.00,89.00,89.00,7,623,0.00%
11/06/2019,89.00,89.00,89.00,89.00,20,1 780,-1.10%
10/06/2019,89.99,89.99,89.99,89.99,37,3 330,0.21%
03/06/2019,89.80,89.80,89.80,89.80,137,12 303,0.00%
31/05/2019,89.80,89.80,89.80,89.80,108,9 698,2.96%
30/05/2019,87.22,87.22,87.22,87.22,7,611,-2.87%
29/05/2019,89.80,89.80,89.80,89.80,4,359,0.00%
28/05/2019,89.80,89.80,89.80,89.80,15,1 347,2.88%
23/05/2019,85.00,85.00,85.00,85.00,187,15 895,-2.63%
22/05/2019,87.30,87.30,87.30,87.30,14,1 222,0.00%
21/05/2019,87.30,87.30,87.30,87.30,31,2 706,0.34%
17/05/2019,87.00,87.00,87.00,87.00,3,261,0.00%
15/05/2019,87.00,87.00,87.00,87.00,20,1 740,-0.34%
14/05/2019,87.30,87.30,87.30,87.30,59,5 151,0.00%
13/05/2019,87.30,87.30,87.30,87.30,45,3 929,0.00%
10/05/2019,87.30,87.30,87.30,87.30,15,1 310,0.00%
09/05/2019,87.30,87.30,87.30,87.30,394,34 396,0.00%
08/05/2019,87.30,87.30,87.30,87.30,5,437,0.00%
06/05/2019,87.30,87.30,87.30,87.30,10,873,-3.00%
03/05/2019,90.00,90.00,90.00,90.00,5,450,-2.54%
30/04/2019,92.35,92.35,92.35,92.35,13,1 201,-0.04%
29/04/2019,92.39,92.39,92.39,92.39,3,277,-0.11%
24/04/2019,92.49,92.49,92.49,92.49,1,92,2.54%
23/04/2019,90.20,90.20,90.20,90.20,1,90,2.37%
22/04/2019,88.11,88.10,88.11,88.10,10,881,-2.09%
19/04/2019,89.99,89.99,89.99,89.99,37,3 330,0.00%
18/04/2019,89.99,88.22,89.99,88.22,8,713,5.05%
17/04/2019,85.66,85.66,85.66,85.66,16,1 371,-2.99%
16/04/2019,88.30,88.30,88.30,88.30,26,2 296,-2.96%
15/04/2019,90.99,90.99,90.99,90.99,3,273,1.11%
11/04/2019,89.99,90.00,90.00,89.99,9,810,1.11%
08/04/2019,89.00,89.00,89.00,89.00,2,178,6.03%
03/04/2019,83.94,83.94,83.94,83.94,69,5 792,0.00%
02/04/2019,83.94,83.94,83.94,83.94,41,3 442,2.99%
01/04/2019,81.50,81.50,81.50,81.50,3,245,-2.99%
28/03/2019,84.01,83.99,84.01,83.99,35,2 940,0.01%
27/03/2019,84.00,84.00,84.00,84.00,9,756,0.01%
26/03/2019,83.99,84.00,84.00,83.99,69,5 796,-0.01%
25/03/2019,84.00,84.00,84.00,84.00,47,3 948,0.12%
22/03/2019,83.90,83.90,83.90,83.90,16,1 342,0.00%
21/03/2019,83.90,83.90,83.90,83.90,14,1 175,0.00%
19/03/2019,83.90,84.00,84.00,83.90,16,1 343,0.00%
18/03/2019,83.90,83.90,83.90,83.90,6,503,-0.12%
15/03/2019,84.00,84.00,84.00,84.00,6,504,1.69%
13/03/2019,82.60,82.60,82.60,82.60,106,8 756,-1.67%
12/03/2019,84.00,84.00,84.00,84.00,87,7 308,0.00%
11/03/2019,84.00,84.00,84.00,84.00,20,1 680,-0.02%
08/03/2019,84.02,84.02,84.02,84.02,5,420,-2.64%
06/03/2019,86.30,86.30,86.30,86.30,28,2 416,0.00%
05/03/2019,86.30,86.35,86.35,86.30,23,1 985,-0.06%
28/02/2019,86.35,86.35,86.35,86.35,25,2 159,-4.49%
27/02/2019,90.41,89.11,90.41,89.11,21,1 885,7.63%
26/02/2019,84.00,84.00,84.00,84.00,5,420,-2.91%
21/02/2019,84.00,84.00,84.00,84.00,61,5 124,0.00%
20/02/2019,84.00,84.00,84.00,84.00,16,1 344,2.44%
19/02/2019,82.00,82.00,82.00,82.00,31,2 542,-2.38%
18/02/2019,84.00,84.00,84.00,84.00,31,2 604,0.00%
15/02/2019,84.00,84.12,84.12,84.00,8,672,-0.14%
14/02/2019,84.12,84.00,84.12,84.00,50,4 203,-9.54%
11/02/2019,92.99,92.99,92.99,92.99,4,372,-0.01%
08/02/2019,93.00,90.50,93.00,90.50,2,184,5.56%
07/02/2019,88.10,88.10,88.10,88.10,53,4 669,0.00%
05/02/2019,88.10,90.00,90.00,88.10,719,64 027,0.00%
04/02/2019,88.10,87.01,88.10,87.01,22,1 926,2.44%
01/02/2019,86.00,84.20,86.00,84.20,10,851,2.14%
31/01/2019,84.20,84.00,84.20,84.00,56,4 710,0.24%
30/01/2019,84.00,85.36,85.36,84.00,39,3 303,-1.59%
29/01/2019,85.36,88.00,88.00,85.36,91,7 888,-3.00%
28/01/2019,88.00,90.64,90.64,88.00,20,1 786,0.00%
25/01/2019,88.00,88.26,90.89,88.00,9,805,2.70%
24/01/2019,85.69,85.69,85.69,85.69,22,1 885,4.50%
23/01/2019,82.00,82.00,82.00,82.00,84,6 888,1.21%
22/01/2019,81.02,82.00,82.00,81.02,36,2 934,-1.18%
21/01/2019,81.99,81.00,81.99,81.00,301,24 530,2.22%
18/01/2019,80.21,80.10,80.21,80.10,87,6 973,-5.52%
16/01/2019,84.90,84.90,84.90,84.90,1,85,3.00%
15/01/2019,82.43,82.43,82.43,82.43,20,1 649,-4.48%
10/01/2019,86.30,86.50,86.50,86.30,76,6 566,-0.23%
09/01/2019,86.50,86.50,86.50,86.50,84,7 266,4.22%
08/01/2019,83.00,83.49,83.49,83.00,2,166,2.29%
07/01/2019,81.14,81.10,81.14,81.10,7,568,-7.29%
02/01/2019,87.52,87.52,87.52,87.52,1,88,2.98%
31/12/2018,84.99,84.99,84.99,84.99,1,85,1.07%
28/12/2018,84.09,84.09,84.09,84.09,38,3 195,0.00%
27/12/2018,84.09,84.09,84.09,84.09,58,4 877,-3.44%
25/12/2018,87.09,87.09,87.09,87.09,10,871,-3.23%
19/12/2018,90.00,90.00,90.00,90.00,1,90,2.27%
18/12/2018,88.00,88.00,88.00,88.00,10,880,-1.12%
17/12/2018,89.00,89.86,89.87,89.00,21,1 878,-0.97%
14/12/2018,89.87,89.87,89.87,89.87,2,180,2.16%
13/12/2018,87.97,87.97,87.97,87.97,1,88,4.12%
12/12/2018,84.49,84.49,84.49,84.49,1,84,0.34%
11/12/2018,84.20,84.20,84.20,84.20,11,926,2.71%
10/12/2018,81.98,81.98,81.98,81.98,2,164,2.48%
06/12/2018,80.00,80.00,80.00,80.00,2,160,-4.86%
04/12/2018,84.09,84.09,84.09,84.09,1,84,2.70%
03/12/2018,81.88,81.88,81.88,81.88,1,82,2.99%
30/11/2018,79.50,79.50,79.50,79.49,33,2 623,0.38%
29/11/2018,79.20,79.20,79.20,79.20,10,792,-0.31%
28/11/2018,79.45,79.50,79.50,79.45,129,10 252,-0.05%
27/11/2018,79.49,79.49,79.49,79.49,100,7 949,0.35%
26/11/2018,79.21,79.20,79.21,79.20,106,8 396,-0.36%
22/11/2018,80.00,80.29,80.29,80.00,87,6 973,-0.61%
21/11/2018,80.49,80.49,80.49,80.49,5,402,0.00%
16/11/2018,80.49,80.49,80.49,80.49,66,5 312,0.00%
15/11/2018,80.49,80.51,80.51,80.49,102,8 211,-0.63%
14/11/2018,81.00,81.00,81.00,81.00,32,2 592,-0.02%
13/11/2018,81.02,81.02,81.02,81.02,45,3 646,0.00%
12/11/2018,81.02,81.02,81.02,81.02,11,891,0.00%
09/11/2018,81.02,81.02,81.02,81.02,30,2 431,0.00%
07/11/2018,81.02,81.02,81.02,81.02,5,405,0.00%
06/11/2018,81.02,81.02,81.02,81.02,39,3 160,0.00%
05/11/2018,81.02,83.52,83.52,81.02,217,17 853,-2.99%
02/11/2018,83.52,83.52,83.52,83.52,18,1 503,-3.00%
01/11/2018,86.10,86.10,86.10,86.10,20,1 722,-0.59%
31/10/2018,86.61,86.61,86.61,86.61,26,2 252,-0.23%
29/10/2018,86.81,86.81,86.81,86.81,75,6 511,-2.99%
26/10/2018,89.49,89.80,89.80,89.49,18,1 614,-0.46%
22/10/2018,89.90,87.56,89.90,87.56,5,444,2.67%
19/10/2018,87.56,87.56,87.56,87.56,3,263,0.07%
18/10/2018,87.50,85.01,87.50,85.01,16,1 380,2.94%
17/10/2018,85.00,85.00,85.00,85.00,26,2 210,-1.16%
12/10/2018,86.00,86.00,86.00,86.00,239,20 554,0.00%
11/10/2018,86.00,85.10,86.00,85.10,133,11 378,0.00%
10/10/2018,86.00,86.00,86.00,86.00,704,60 544,0.00%
09/10/2018,86.00,87.00,87.00,86.00,407,35 206,-1.71%
08/10/2018,87.50,87.50,87.50,87.50,40,3 500,0.00%
05/10/2018,87.50,87.50,87.50,87.50,32,2 800,0.00%
03/10/2018,87.50,87.50,87.50,87.50,100,8 750,1.98%
02/10/2018,85.80,85.80,85.80,85.80,100,8 580,-0.23%
01/10/2018,86.00,85.85,86.00,85.85,29,2 492,-1.15%
28/09/2018,87.00,88.00,88.00,87.00,200,17 500,-1.14%
27/09/2018,88.00,88.00,88.00,88.00,54,4 752,0.00%
26/09/2018,88.00,87.50,88.00,87.50,117,10 267,2.53%
25/09/2018,85.83,85.82,85.83,85.82,25,2 146,-0.02%
20/09/2018,85.85,85.85,85.85,85.85,1,86,-0.17%
19/09/2018,86.00,86.01,86.01,86.00,30,2 580,0.00%
18/09/2018,86.00,86.00,86.00,86.00,17,1 462,0.00%
17/09/2018,86.00,88.00,88.00,86.00,97,8 439,-2.27%
13/09/2018,88.00,88.00,88.00,88.00,10,880,0.00%
12/09/2018,88.00,88.00,88.00,88.00,115,10 120,0.00%
07/09/2018,88.00,88.00,88.00,88.00,285,25 080,0.00%
06/09/2018,88.00,87.99,88.00,87.99,24,2 112,0.00%
05/09/2018,88.00,88.00,88.00,88.00,19,1 672,0.00%
03/09/2018,88.00,88.00,88.00,88.00,24,2 112,2.33%
31/08/2018,86.00,85.00,86.00,85.00,28,2 394,1.18%
29/08/2018,85.00,85.00,85.00,85.00,48,4 080,1.19%
20/08/2018,84.00,84.00,84.00,84.00,5,420,-1.18%
16/08/2018,85.00,85.00,85.00,85.00,210,17 850,0.00%
14/08/2018,85.00,85.00,85.00,85.00,26,2 210,0.00%
10/08/2018,85.00,85.00,85.00,85.00,37,3 145,0.00%
06/08/2018,85.00,85.00,85.00,85.00,53,4 505,-2.30%
30/07/2018,87.00,87.00,87.00,87.00,13,1 131,0.00%
27/07/2018,87.00,87.00,87.00,87.00,5,435,0.00%
26/07/2018,87.00,87.00,87.00,87.00,5,435,0.00%
24/07/2018,87.00,87.00,87.00,87.00,100,8 700,1.05%
20/07/2018,86.10,87.00,87.00,86.10,35,3 029,-1.03%
19/07/2018,87.00,87.00,87.00,87.00,71,6 177,1.16%
13/07/2018,86.00,87.00,87.00,86.00,76,6 574,-1.15%
12/07/2018,87.00,87.00,87.00,87.00,92,8 004,-0.56%
28/06/2018,87.49,87.49,87.49,87.49,98,8 574,0.00%
27/06/2018,87.49,87.49,87.49,87.49,2,175,2.93%
26/06/2018,85.00,85.00,85.00,85.00,50,4 250,0.06%
20/06/2018,84.95,84.95,84.95,84.95,71,6 031,0.01%
19/06/2018,84.94,84.95,84.95,84.94,32,2 718,-0.01%
18/06/2018,84.95,84.95,84.95,84.95,120,10 194,-7.33%
14/06/2018,91.67,91.67,91.67,91.67,1,92,-2.99%
13/06/2018,94.50,94.50,94.50,94.50,120,11 340,-2.78%
07/06/2018,97.20,97.20,97.20,97.20,155,15 066,0.00%
06/06/2018,97.20,97.20,97.20,97.20,38,3 694,0.00%
05/06/2018,97.20,97.20,97.20,97.20,122,11 858,0.00%
01/06/2018,97.20,97.20,97.20,97.20,70,6 804,0.08%
31/05/2018,97.12,97.12,97.12,97.12,124,12 043,0.12%
30/05/2018,97.00,97.00,97.00,97.00,1,97,2.15%
24/05/2018,92.21,92.21,92.21,92.21,64,5 901,-2.94%
23/05/2018,95.00,96.50,96.50,95.00,75,7 181,0.00%
18/05/2018,95.00,95.00,95.00,95.00,52,4 940,-1.55%
17/05/2018,96.50,96.50,96.50,96.50,65,6 273,0.00%
16/05/2018,96.50,96.50,96.50,96.50,153,14 765,0.00%
14/05/2018,96.50,96.50,96.50,96.50,1,97,0.00%
11/05/2018,96.50,96.50,96.50,96.50,48,4 632,0.00%
10/05/2018,96.50,96.50,96.50,96.50,61,5 887,2.66%
04/05/2018,94.00,94.00,94.00,94.00,9,846,-0.03%
03/05/2018,94.03,94.03,94.03,94.03,14,1 316,0.00%
02/05/2018,94.03,94.03,94.03,94.03,119,11 190,0.00%
27/04/2018,94.03,96.84,96.84,94.03,89,8 494,0.01%
25/04/2018,94.02,94.00,94.02,94.00,53,4 983,1.10%
24/04/2018,93.00,93.00,93.00,93.00,53,4 929,4.49%
23/04/2018,89.00,89.00,89.00,89.00,6,534,2.59%
20/04/2018,86.75,86.75,86.75,86.75,7,607,5.78%
19/04/2018,82.01,82.01,82.01,82.01,6,492,2.38%
05/04/2018,80.10,80.10,80.10,80.10,5,401,0.12%
04/04/2018,80.00,80.00,80.00,80.00,25,2 000,-2.44%
03/04/2018,82.00,82.00,82.00,82.00,479,39 278,2.50%
02/04/2018,80.00,80.00,80.00,80.00,2,160,0.00%
26/03/2018,80.00,80.00,80.00,80.00,11,880,1.14%
22/03/2018,79.10,79.00,79.10,79.00,45,3 557,-1.13%
21/03/2018,80.00,80.00,80.00,80.00,45,3 600,0.00%
16/03/2018,80.00,80.00,80.00,80.00,1,80,-2.43%
14/03/2018,81.99,81.99,81.99,81.99,2,164,2.49%
12/03/2018,80.00,80.00,80.00,80.00,250,20 000,-0.01%
09/03/2018,80.01,80.01,80.01,80.01,241,19 282,-1.83%
07/03/2018,81.50,81.50,81.50,81.50,1,82,1.88%
06/03/2018,80.00,80.00,80.00,80.00,46,3 680,0.00%
05/03/2018,80.00,80.00,80.00,80.00,143,11 440,-1.23%
02/03/2018,81.00,81.00,81.00,81.00,4,324,0.00%
15/02/2018,82.00,82.00,82.00,82.00,102,8 364,-2.96%
12/02/2018,84.50,84.50,84.50,84.50,584,49 348,2.90%
09/02/2018,82.12,82.12,82.12,82.12,115,9 444,0.02%
08/02/2018,82.10,82.00,82.10,82.00,95,7 795,2.78%
07/02/2018,79.88,80.00,80.00,79.88,87,6 955,-1.38%
06/02/2018,81.00,81.46,81.46,81.00,64,5 199,-0.56%
05/02/2018,81.46,81.46,81.46,81.46,51,4 154,-1.86%
02/02/2018,83.00,83.00,83.00,83.00,20,1 660,-1.16%
01/02/2018,83.97,83.97,83.97,83.97,7,588,0.00%
31/01/2018,83.97,83.97,83.97,83.97,4,336,-0.04%
29/01/2018,84.00,84.00,84.00,84.00,13,1 092,0.00%
26/01/2018,84.00,84.00,84.00,84.00,67,5 628,0.00%
25/01/2018,84.00,84.00,84.00,84.00,40,3 360,-3.45%
24/01/2018,87.00,87.00,87.00,87.00,25,2 175,-1.14%
22/01/2018,88.00,88.00,88.00,88.00,3,264,2.44%
19/01/2018,85.90,85.90,85.90,85.90,49,4 209,-1.26%
18/01/2018,87.00,88.00,88.00,87.00,25,2 188,-1.14%
17/01/2018,88.00,88.00,88.00,88.00,133,11 704,0.00%
16/01/2018,88.00,87.01,88.00,87.01,33,2 888,1.14%
15/01/2018,87.01,87.10,87.10,87.01,27,2 350,1.69%
10/01/2018,85.56,85.56,85.56,85.56,4,342,-2.99%
09/01/2018,88.20,88.20,88.20,88.20,3,265,0.00%
05/01/2018,88.20,88.20,88.20,88.20,10,882,0.23%
04/01/2018,88.00,87.00,88.00,87.00,44,3 850,-1.12%
03/01/2018,89.00,89.00,89.00,89.00,31,2 759,0.00%
28/12/2017,89.00,89.00,89.00,89.00,2,178,0.00%
27/12/2017,89.00,89.00,89.00,89.00,4,356,0.00%
26/12/2017,89.00,89.00,89.00,89.00,30,2 670,0.00%
25/12/2017,89.00,89.00,89.00,89.00,25,2 225,-1.10%
22/12/2017,89.99,89.99,89.99,89.99,14,1 260,-0.01%
21/12/2017,90.00,88.87,90.00,88.87,86,7 691,-1.06%
18/12/2017,90.96,90.96,90.96,90.96,55,5 003,-0.02%
15/12/2017,90.98,90.98,90.98,90.98,2,182,0.01%
13/12/2017,90.97,90.97,90.97,90.97,11,1 001,-0.01%
11/12/2017,90.98,90.98,90.98,90.98,1,91,-0.02%
07/12/2017,91.00,91.00,91.00,91.00,6,546,0.00%
06/12/2017,91.00,91.00,91.00,91.00,5,455,0.01%
05/12/2017,90.99,93.50,93.50,90.99,120,11 069,-2.67%
04/12/2017,93.49,93.49,93.49,93.49,5,467,0.53%
29/11/2017,93.00,93.00,93.00,93.00,10,930,-0.53%
20/11/2017,93.60,93.60,93.60,93.60,2,187,-0.10%
15/11/2017,93.69,93.69,93.69,93.69,4,375,-0.01%
09/11/2017,93.70,93.70,93.70,93.70,2,187,0.00%
03/11/2017,93.70,93.70,93.70,93.70,23,2 155,0.00%
24/10/2017,93.70,93.70,93.70,93.70,1,94,2.97%
20/10/2017,91.00,91.00,91.00,91.00,1,91,-2.91%
18/10/2017,93.73,93.73,93.73,93.73,56,5 249,0.00%
17/10/2017,93.73,93.73,93.73,93.73,1,94,3.00%
10/10/2017,91.00,91.00,91.00,91.00,41,3 731,0.18%
06/10/2017,90.84,90.84,90.84,90.84,70,6 359,-8.80%
02/10/2017,99.60,99.60,99.60,99.60,7,697,-2.35%
22/09/2017,102.00,102.00,102.00,102.00,35,3 570,0.00%
19/09/2017,102.00,102.00,102.00,102.00,16,1 632,0.01%
14/09/2017,101.99,101.99,101.99,101.99,1,102,-0.01%
31/08/2017,102.00,102.00,102.00,102.00,10,1 020,2.00%
30/08/2017,100.00,100.00,100.00,100.00,15,1 500,0.00%
29/08/2017,100.00,100.00,100.00,100.00,20,2 000,0.00%
28/08/2017,100.00,100.00,100.00,100.00,4,400,0.00%
23/08/2017,102.00,102.00,102.00,102.00,55,5 610,-0.97%
11/08/2017,103.00,103.00,103.00,103.00,1,103,3.00%
09/08/2017,100.00,100.00,100.00,100.00,32,3 200,0.00%
08/08/2017,100.00,100.00,100.00,100.00,7,700,1.01%
04/08/2017,99.00,100.00,100.00,99.00,132,13 134,0.51%
02/08/2017,98.50,98.50,98.50,98.50,11,1 084,-4.36%
01/08/2017,102.99,100.00,102.99,100.00,2,203,2.99%
27/07/2017,100.00,100.00,100.00,100.00,66,6 600,0.00%
26/07/2017,100.00,100.00,100.00,100.00,44,4 400,0.00%
24/07/2017,100.00,100.00,100.00,100.00,11,1 100,0.00%
21/07/2017,100.00,100.00,100.00,100.00,59,5 900,0.00%
18/07/2017,100.00,100.00,100.00,100.00,20,2 000,-0.01%
10/07/2017,100.01,100.01,100.01,100.01,10,1 000,-0.29%
06/07/2017,100.30,100.30,100.30,100.30,4,401,-3.56%
28/06/2017,104.00,104.00,104.00,104.00,21,2 184,0.00%
22/06/2017,104.00,104.00,104.00,104.00,91,9 464,0.00%
21/06/2017,104.00,104.00,104.00,104.00,5,520,0.00%
20/06/2017,104.00,104.00,104.00,104.00,9,936,0.00%
16/06/2017,104.00,104.00,104.00,104.00,36,3 744,0.00%
14/06/2017,104.00,104.00,104.00,104.00,10,1 040,-0.95%
13/06/2017,105.00,105.00,105.00,105.00,55,5 775,-0.94%
12/06/2017,106.00,106.00,106.00,106.00,12,1 272,0.00%
08/06/2017,106.00,106.00,106.00,106.00,19,2 014,-2.30%
06/06/2017,108.50,108.50,108.50,108.50,10,1 085,0.00%
05/06/2017,108.50,108.49,108.50,108.49,9,976,3.09%
30/05/2017,105.25,105.25,105.25,105.25,4,421,-3.00%
24/05/2017,108.50,108.50,108.50,108.50,12,1 302,0.46%
23/05/2017,108.00,108.00,108.00,108.00,1,108,-0.92%
22/05/2017,109.00,109.00,109.00,109.00,1,109,0.93%
19/05/2017,108.00,108.00,108.00,108.00,4,432,0.00%
18/05/2017,108.00,108.00,108.00,108.00,26,2 808,0.00%
16/05/2017,108.00,108.00,108.00,108.00,1,108,0.00%
11/05/2017,108.00,108.00,108.00,108.00,29,3 132,0.00%
09/05/2017,108.00,106.00,108.00,106.00,48,5 136,-2.69%
05/05/2017,110.99,110.99,110.99,110.99,2,222,2.77%
03/05/2017,108.00,108.00,108.00,108.00,13,1 404,-4.37%
28/04/2017,112.94,112.94,112.94,112.94,1,113,-0.01%
27/04/2017,112.95,112.95,112.95,112.95,22,2 485,-0.04%
26/04/2017,113.00,113.00,113.00,113.00,1,113,0.00%
25/04/2017,113.00,113.00,113.00,113.00,4,452,2.73%
24/04/2017,110.00,110.00,110.00,110.00,163,17 930,1.85%
20/04/2017,108.00,108.00,108.00,108.00,78,8 424,0.00%
18/04/2017,108.00,108.00,108.00,108.00,2,216,-0.09%
14/04/2017,108.10,108.10,108.10,108.10,124,13 404,-1.73%
10/04/2017,110.00,110.00,110.00,110.00,21,2 310,0.00%
31/03/2017,110.00,110.00,110.00,110.00,20,2 200,-1.58%
28/03/2017,111.77,111.77,111.77,111.77,1,112,-0.21%
27/03/2017,112.00,112.00,112.00,112.00,1,112,2.75%
24/03/2017,109.00,109.28,109.28,109.00,3,327,2.73%
23/03/2017,106.10,98.37,106.10,98.37,476,48 664,3.01%
22/03/2017,103.00,100.11,103.00,100.11,69,7 007,-0.15%
21/03/2017,103.15,103.15,103.15,103.15,57,5 880,0.01%
17/03/2017,103.14,103.14,103.14,103.14,100,10 314,-4.50%
16/03/2017,108.00,108.00,108.00,108.00,20,2 160,0.31%
15/03/2017,107.67,111.00,111.00,107.67,141,15 416,-9.97%
13/03/2017,119.60,119.60,119.60,119.60,7,837,-0.33%
08/03/2017,120.00,120.00,120.00,120.00,15,1 800,0.00%
07/03/2017,120.00,120.00,120.00,120.00,15,1 800,0.00%
06/03/2017,120.00,120.00,120.00,120.00,85,10 200,0.00%
02/03/2017,120.00,120.00,120.00,120.00,18,2 160,0.00%
28/02/2017,120.00,120.00,120.00,120.00,25,3 000,0.08%
27/02/2017,119.90,122.00,122.00,119.90,9,1 089,-0.08%
23/02/2017,121.00,121.00,121.00,121.00,3,363,0.00%
22/02/2017,121.00,121.00,123.00,121.00,25,3 050,0.00%
21/02/2017,121.00,121.00,121.00,121.00,5,605,-1.63%
17/02/2017,123.00,123.30,123.30,123.00,22,2 709,-0.40%
16/02/2017,123.50,123.50,123.50,123.50,10,1 235,0.00%
15/02/2017,123.50,123.30,123.50,123.00,76,9 367,0.00%
13/02/2017,123.50,123.50,123.50,123.50,2,247,-2.75%
09/02/2017,126.99,126.99,126.99,126.99,392,49 780,-0.01%
08/02/2017,127.00,127.00,127.00,127.00,2,254,-0.08%
07/02/2017,127.10,127.10,127.10,127.10,3,381,-0.70%
03/02/2017,128.00,128.00,128.00,128.00,16,2 048,0.00%
02/02/2017,128.00,128.00,128.00,128.00,67,8 576,0.00%
01/02/2017,128.00,128.00,128.00,128.00,18,2 304,0.47%
27/01/2017,127.40,127.40,127.40,127.40,3,382,-2.00%
26/01/2017,130.00,130.00,130.00,130.00,35,4 550,0.00%
25/01/2017,130.00,130.00,130.00,130.00,9,1 170,-0.31%
18/01/2017,130.41,130.42,130.42,130.41,8,1 043,-3.00%
17/01/2017,134.45,134.45,134.45,134.45,10,1 345,-2.99%
04/01/2017,138.60,138.60,138.60,138.60,15,2 079,1.24%
29/12/2016,136.90,136.90,136.90,136.90,10,1 369,-1.49%
27/12/2016,138.97,138.97,138.97,138.97,40,5 559,-0.01%
23/12/2016,138.98,138.98,138.98,138.98,1,139,1.45%
22/12/2016,137.00,139.80,139.80,137.00,35,4 844,-2.14%
20/12/2016,140.00,140.00,140.00,140.00,5,700,0.00%
19/12/2016,140.00,141.00,141.00,140.00,11,1 546,-1.41%
16/12/2016,142.00,142.00,142.00,142.00,6,852,-4.69%
30/11/2016,148.99,149.00,149.00,148.99,11,1 639,-0.01%
29/11/2016,149.01,149.01,149.01,149.01,6,894,0.00%
28/11/2016,149.01,149.01,149.01,149.01,16,2 384,0.00%
24/11/2016,149.01,149.01,149.01,149.01,2,298,0.00%
23/11/2016,149.01,149.01,149.01,149.01,6,894,0.00%
22/11/2016,149.01,149.01,149.01,149.01,5,745,0.01%
18/11/2016,149.00,149.00,149.00,149.00,17,2 533,-0.07%
17/11/2016,149.10,149.10,149.10,149.10,6,895,-2.82%
11/11/2016,153.43,150.00,153.43,150.00,8,1 214,-0.01%
10/11/2016,153.44,153.45,153.45,153.44,79,12 122,2.97%
09/11/2016,149.01,149.01,149.01,149.01,15,2 235,0.01%
08/11/2016,149.00,149.00,149.00,149.00,144,21 456,1.09%
07/11/2016,147.40,147.40,147.40,147.40,138,20 341,9.19%
04/11/2016,135.00,135.00,135.00,135.00,16,2 160,0.81%
03/11/2016,133.91,130.01,133.91,130.01,118,15 571,3.01%
02/11/2016,130.00,128.00,130.00,128.00,185,23 865,2.77%
01/11/2016,126.50,126.50,126.50,126.50,40,5 060,0.00%
28/10/2016,126.50,126.50,126.50,126.50,1,127,2.35%
27/10/2016,123.60,123.60,123.60,123.60,26,3 214,3.00%
26/10/2016,120.00,120.00,120.00,120.00,9,1 080,0.00%
25/10/2016,120.00,120.00,120.00,120.00,1,120,-2.20%
24/10/2016,122.70,122.70,122.70,122.70,1,123,2.34%
21/10/2016,119.90,119.90,119.90,119.90,1,120,-2.28%
17/10/2016,122.70,122.70,122.70,122.70,1,123,-1.52%
13/10/2016,124.60,124.60,124.60,124.60,6,748,0.00%
11/10/2016,124.60,124.60,124.60,124.60,2,249,-1.50%
07/10/2016,126.50,126.50,126.50,126.50,20,2 530,-0.01%
05/10/2016,126.51,126.51,126.51,126.51,50,6 326,0.00%
30/09/2016,126.51,126.51,126.51,126.51,8,1 012,0.00%
21/09/2016,126.51,126.50,126.51,126.50,45,5 693,-5.67%
02/09/2016,134.11,134.11,134.11,134.11,2,268,0.00%
25/08/2016,136.00,135.99,136.00,135.99,27,3 672,-1.36%
18/08/2016,137.88,137.88,137.88,137.88,1,138,-0.01%
16/08/2016,137.89,137.89,137.89,137.89,21,2 896,0.65%
10/08/2016,137.00,137.00,137.00,137.00,1,137,0.00%
03/08/2016,137.00,137.00,137.00,137.00,35,4 795,-0.07%
22/07/2016,137.10,137.10,137.10,137.10,13,1 782,-0.65%
20/07/2016,138.00,138.00,138.00,138.00,10,1 380,0.00%
19/07/2016,138.00,138.00,138.00,138.00,20,2 760,-2.36%
04/07/2016,141.34,141.34,141.34,141.34,9,1 272,-4.50%
27/06/2016,148.00,148.00,148.00,148.00,7,1 036,0.00%
24/06/2016,148.00,148.00,148.00,148.00,1,148,0.00%
23/06/2016,148.00,148.00,148.00,148.00,230,34 040,-0.36%
21/06/2016,148.54,148.54,148.54,148.54,1,149,3.00%
20/06/2016,144.22,144.22,144.22,144.22,8,1 154,-3.53%
16/06/2016,149.50,147.00,149.50,147.00,45,6 671,0.00%
14/06/2016,149.50,149.50,149.50,149.50,1,150,1.70%
13/06/2016,147.00,147.00,147.00,147.00,99,14 553,0.00%
10/06/2016,147.00,147.00,147.00,147.00,30,4 410,0.68%
08/06/2016,146.00,146.00,146.00,146.00,8,1 168,0.00%
06/06/2016,146.00,149.00,149.00,146.00,35,5 163,-0.34%
03/06/2016,146.50,147.00,147.00,146.50,125,18 344,-0.34%
02/06/2016,147.00,147.00,147.00,147.00,31,4 557,0.00%
31/05/2016,147.00,147.00,147.00,147.00,6,882,0.00%
26/05/2016,147.00,147.00,147.00,147.00,1,147,0.00%
25/05/2016,147.00,149.00,149.00,147.00,25,3 700,-2.00%
24/05/2016,150.00,150.00,150.00,150.00,2,300,1.69%
23/05/2016,147.50,147.50,147.50,147.50,31,4 573,0.00%
20/05/2016,147.50,150.00,150.00,147.50,76,11 305,-3.59%
19/05/2016,153.00,153.00,153.00,153.00,15,2 295,-0.07%
18/05/2016,153.10,153.10,153.10,153.10,20,3 062,0.07%
16/05/2016,153.00,149.12,153.00,149.12,21,3 172,2.61%
13/05/2016,149.11,149.11,149.11,149.11,25,3 728,0.02%
12/05/2016,149.08,145.10,149.08,145.10,11,1 618,5.66%
11/05/2016,141.10,137.00,141.10,137.00,45,6 257,2.16%
10/05/2016,138.11,138.11,138.11,138.11,5,691,2.98%
06/05/2016,134.11,134.11,134.11,134.11,5,671,1.52%
04/05/2016,132.10,132.10,132.10,132.10,2,264,0.00%
03/05/2016,132.10,130.01,132.10,130.01,69,9 043,1.61%
02/05/2016,130.01,130.01,130.01,130.01,31,4 030,0.00%
29/04/2016,130.01,130.01,130.01,130.01,20,2 600,0.00%
28/04/2016,130.01,129.85,130.01,129.85,49,6 367,0.78%
27/04/2016,129.01,129.00,129.01,129.00,80,10 320,0.04%
26/04/2016,128.96,129.00,129.00,128.96,18,2 322,2.63%
25/04/2016,125.66,125.66,125.66,125.66,59,7 414,0.00%
22/04/2016,125.66,125.66,125.66,125.66,8,1 005,1.67%
21/04/2016,123.60,123.60,123.60,123.60,10,1 236,2.99%
20/04/2016,120.01,120.02,120.08,120.01,346,41 536,-2.42%
19/04/2016,122.99,124.00,124.00,122.99,5,617,-0.01%
18/04/2016,123.00,123.00,123.00,123.00,1,123,0.01%
13/04/2016,122.99,122.99,122.99,122.99,1,123,2.49%
12/04/2016,120.00,120.00,120.00,120.00,2,240,-1.64%
11/04/2016,122.00,120.00,122.00,120.00,8,968,1.67%
08/04/2016,120.00,120.00,120.00,120.00,4,480,0.00%
07/04/2016,120.00,121.99,121.99,120.00,8,968,-1.64%
06/04/2016,122.00,122.00,122.00,122.00,4,488,0.00%
05/04/2016,122.00,122.00,122.00,122.00,1,122,0.00%
01/04/2016,122.00,122.00,122.00,122.00,20,2 440,0.00%
30/03/2016,122.00,122.00,122.00,122.00,31,3 782,0.00%
29/03/2016,122.00,122.00,122.00,122.00,16,1 952,0.00%
24/03/2016,122.00,125.01,125.01,122.00,55,6 793,-5.23%
23/03/2016,128.73,128.73,128.73,128.73,50,6 436,0.00%
18/03/2016,128.73,128.73,128.73,128.73,1,129,-2.77%
17/03/2016,132.40,136.46,136.46,132.40,38,5 108,0.00%
16/03/2016,132.40,132.50,132.50,132.40,8,1 060,2.85%
14/03/2016,128.73,128.73,128.73,128.73,204,26 261,0.00%
10/03/2016,128.73,128.73,128.73,128.73,3,386,2.99%
09/03/2016,124.99,125.00,125.00,124.99,63,7 875,-0.79%
08/03/2016,125.99,126.00,126.00,125.99,11,1 386,0.00%
07/03/2016,125.99,126.50,126.50,125.99,136,17 169,-1.56%
04/03/2016,127.99,127.99,127.99,127.99,48,6 144,0.00%
03/03/2016,127.99,128.00,128.00,127.99,27,3 456,0.15%
02/03/2016,127.80,127.90,127.90,127.80,21,2 685,-0.16%
01/03/2016,128.00,128.01,128.01,128.00,67,8 576,-4.05%
25/02/2016,134.50,132.87,134.50,132.87,9,1 203,4.26%
24/02/2016,129.00,129.00,129.00,129.00,1,129,-0.76%
23/02/2016,129.99,130.00,130.00,129.99,136,17 679,-1.52%
22/02/2016,132.00,132.00,132.00,132.00,32,4 224,-2.22%
19/02/2016,135.00,135.00,135.00,135.00,5,675,-0.07%
18/02/2016,135.10,135.10,135.10,135.10,23,3 107,0.00%
17/02/2016,135.10,135.00,135.10,135.00,113,15 261,0.07%
16/02/2016,135.01,135.01,135.01,135.01,3,405,0.01%
12/02/2016,135.00,135.00,135.00,135.00,38,5 130,0.00%
11/02/2016,135.00,135.00,135.00,135.00,6,810,-2.88%
10/02/2016,139.00,139.00,139.00,139.00,279,38 781,-0.71%
09/02/2016,140.00,142.00,142.00,140.00,66,9 306,-4.11%
08/02/2016,146.00,143.00,146.00,143.00,51,7 370,0.00%
05/02/2016,146.00,146.00,146.00,146.00,45,6 570,0.00%
04/02/2016,146.00,146.00,146.00,146.00,28,4 088,0.00%
03/02/2016,146.00,146.00,146.00,146.00,8,1 168,0.00%
02/02/2016,146.00,146.00,146.00,146.00,23,3 358,-1.15%
01/02/2016,147.70,147.70,147.70,147.70,20,2 954,0.00%
29/01/2016,147.70,147.70,147.70,147.70,22,3 249,2.93%
28/01/2016,143.50,147.29,147.29,143.50,187,27 189,-2.57%
27/01/2016,147.29,147.29,147.29,147.29,33,4 861,0.00%
25/01/2016,147.29,143.00,147.29,143.00,42,6 096,3.00%
21/01/2016,143.00,142.99,143.00,142.99,57,8 151,0.06%
20/01/2016,142.91,142.91,142.91,142.91,21,3 001,-0.06%
19/01/2016,142.99,142.99,142.99,142.99,215,30 743,2.43%
18/01/2016,139.60,139.60,139.60,139.60,5,698,0.06%
15/01/2016,139.52,139.50,139.52,139.50,57,7 952,0.10%
11/01/2016,139.38,143.96,143.96,139.38,44,6 233,-8.90%
07/01/2016,153.00,153.00,153.00,153.00,22,3 366,0.00%
06/01/2016,153.00,153.00,153.00,153.00,32,4 896,-0.59%
04/01/2016,153.91,153.91,153.91,153.91,8,1 231,3.00%
31/12/2015,149.43,149.42,149.43,149.42,11,1 644,6.08%
30/12/2015,140.87,140.86,140.87,140.86,2,282,-2.99%
28/12/2015,145.21,145.21,145.21,145.21,1,145,-3.00%
25/12/2015,149.70,154.00,154.00,149.70,11,1 670,0.00%
23/12/2015,149.70,149.70,149.70,149.70,8,1 198,0.00%
22/12/2015,149.70,154.30,154.30,149.70,26,3 952,-2.98%
21/12/2015,154.30,149.80,154.30,149.80,2,304,6.03%
18/12/2015,145.52,150.02,150.02,145.52,2,296,-5.90%
17/12/2015,154.64,154.64,154.64,154.64,13,2 010,-2.52%
16/12/2015,158.64,158.64,158.64,158.64,5,793,-3.00%
15/12/2015,163.54,163.54,163.54,163.54,3,491,-0.09%
25/11/2015,163.87,163.87,163.87,163.87,1,164,3.00%
23/11/2015,159.10,159.10,159.10,159.10,2,318,2.94%
19/11/2015,154.56,154.56,154.56,154.56,13,2 009,0.00%
18/11/2015,154.56,154.56,154.56,154.56,15,2 318,0.00%
17/11/2015,154.56,154.56,154.56,154.56,27,4 173,-3.00%
16/11/2015,159.34,159.34,159.34,159.34,28,4 462,-7.36%
06/11/2015,172.00,172.00,172.00,172.00,1,172,-2.26%
02/11/2015,175.98,175.98,175.98,175.98,1,176,0.57%
29/10/2015,174.99,174.99,174.99,174.99,1,175,0.60%
27/10/2015,173.95,173.95,173.95,173.95,1,174,2.90%
26/10/2015,169.05,169.05,169.05,169.05,1,169,0.00%
23/10/2015,169.05,169.05,169.05,169.05,2 000,338 100,-4.49%
22/10/2015,177.00,177.00,177.00,177.00,1,177,1.14%
21/10/2015,175.00,175.00,175.00,175.00,1,175,-1.68%
16/10/2015,177.99,177.99,177.99,177.99,1,178,0.00%
13/10/2015,177.99,177.99,177.99,177.99,11,1 958,0.00%
12/10/2015,177.99,177.99,177.99,177.99,6,1 068,-0.01%
09/10/2015,178.00,178.00,178.00,178.00,2,356,2.80%
08/10/2015,173.16,171.80,173.16,171.80,3,517,3.78%
07/10/2015,166.85,172.00,172.00,166.85,7,1 186,-1.85%
05/10/2015,170.00,170.00,170.00,170.00,111,18 870,-4.77%
21/09/2015,178.51,173.32,178.51,173.32,2,352,-0.08%
18/09/2015,178.66,178.66,178.66,178.66,1,179,0.00%
17/09/2015,178.66,178.66,178.66,178.66,2,357,0.09%
16/09/2015,178.50,178.50,178.50,178.50,2,357,2.99%
15/09/2015,173.31,173.31,173.31,173.31,1,173,-2.99%
14/09/2015,178.66,178.66,178.66,178.66,12,2 144,0.00%
11/09/2015,178.66,178.66,178.66,178.66,2 928,523 116,0.00%
07/09/2015,178.66,178.90,178.90,178.66,26,4 648,-1.11%
04/09/2015,180.66,180.66,180.66,180.66,13,2 349,-3.00%
03/09/2015,186.24,192.00,192.00,186.24,51,9 645,-2.26%
02/09/2015,190.55,190.00,190.55,190.00,4,761,3.00%
25/08/2015,190.00,190.00,190.00,190.00,36,6 840,0.00%
21/08/2015,190.00,190.00,190.00,190.00,105,19 950,-1.55%
19/08/2015,193.00,195.00,195.00,193.00,24,4 656,-1.03%
17/08/2015,195.00,195.00,195.00,195.00,20,3 900,0.00%
14/08/2015,195.00,195.00,195.00,195.00,3,585,0.00%
07/08/2015,195.00,195.00,195.00,195.00,6,1 170,0.00%
06/08/2015,195.00,195.00,195.00,195.00,24,4 680,0.00%
05/08/2015,195.00,195.00,195.00,195.00,31,6 045,0.00%
04/08/2015,195.00,195.00,195.00,195.00,200,39 000,-2.49%
03/08/2015,199.98,199.98,199.98,199.98,1,200,-0.01%
31/07/2015,199.99,199.99,199.99,199.99,4,800,-0.00%
30/07/2015,200.00,201.01,201.01,200.00,285,57 144,-0.50%
29/07/2015,201.00,201.00,201.00,201.00,24,4 824,-2.90%
28/07/2015,207.00,207.00,207.00,207.00,5,1 035,0.00%
27/07/2015,207.00,207.00,207.00,207.00,3,621,0.00%
24/07/2015,207.00,207.00,207.00,207.00,16,3 312,-2.82%
21/07/2015,213.00,213.00,213.00,213.00,1,213,2.85%
16/07/2015,207.10,207.10,207.10,207.10,12,2 485,0.98%
14/07/2015,205.10,205.10,205.10,205.10,45,9 230,-2.33%
13/07/2015,210.00,210.00,210.00,210.00,10,2 100,0.00%
10/07/2015,210.00,210.00,210.00,210.00,13,2 730,0.00%
09/07/2015,210.00,210.00,210.00,210.00,9,1 890,0.00%
08/07/2015,210.00,210.00,210.00,210.00,72,15 120,0.00%
07/07/2015,210.00,210.00,210.00,210.00,8,1 680,0.00%
02/07/2015,210.00,210.00,210.00,210.00,5,1 050,-2.28%
25/06/2015,214.90,214.90,214.90,214.90,20,4 298,0.42%
24/06/2015,214.00,214.00,214.00,214.00,10,2 140,-0.41%
23/06/2015,214.89,214.89,214.89,214.89,15,3 223,-0.05%
22/06/2015,214.99,214.99,214.99,214.99,32,6 880,-0.00%
19/06/2015,215.00,215.00,215.00,215.00,127,27 305,0.00%
18/06/2015,215.00,215.00,215.00,215.00,155,33 325,0.00%
16/06/2015,215.00,215.00,215.00,215.00,25,5 375,-2.27%
12/06/2015,220.00,220.00,220.00,220.00,17,3 740,0.00%
11/06/2015,220.00,220.00,220.00,220.00,1,220,2.33%
10/06/2015,215.00,215.00,215.00,215.00,5,1 075,0.00%
09/06/2015,215.00,215.00,215.00,215.00,31,6 665,0.51%
05/06/2015,213.90,213.90,213.90,213.90,18,3 850,0.00%
04/06/2015,213.90,213.90,213.90,213.90,7,1 497,0.00%
03/06/2015,213.89,213.89,213.89,213.89,1,214,2.10%
02/06/2015,209.50,209.51,209.51,209.50,3,629,0.00%
01/06/2015,209.50,209.50,209.50,209.50,41,8 590,-1.09%
28/05/2015,212.50,212.50,212.50,212.50,8,1 700,0.00%
27/05/2015,212.50,213.89,213.89,212.50,3,640,-0.60%
26/05/2015,213.79,213.90,213.90,213.79,12,2 566,-0.05%
25/05/2015,213.90,213.90,213.90,213.90,1,214,2.10%
21/05/2015,209.50,209.50,209.50,209.50,87,18 227,0.12%
19/05/2015,209.25,209.25,209.25,209.25,185,38 711,-0.12%
15/05/2015,209.50,209.50,209.50,209.50,12,2 514,0.00%
12/05/2015,209.50,209.50,209.50,209.50,2,419,2.80%
08/05/2015,203.80,206.00,206.00,203.80,33,6 762,-2.02%
07/05/2015,208.00,209.50,209.50,208.00,111,23 171,-0.72%
06/05/2015,209.50,210.00,210.00,209.50,13,2 727,-0.71%
05/05/2015,210.99,211.00,211.00,210.99,14,2 954,0.47%
04/05/2015,210.00,210.00,210.00,210.00,15,3 150,-0.94%
28/04/2015,212.00,212.01,212.01,212.00,65,13 780,0.00%
27/04/2015,212.00,212.80,212.80,212.00,21,4 460,-0.93%
24/04/2015,214.00,214.00,214.00,214.00,40,8 560,0.00%
22/04/2015,214.00,214.00,214.00,214.00,1,214,0.00%
20/04/2015,214.00,214.00,214.00,214.00,13,2 782,0.00%
17/04/2015,214.00,214.00,214.00,214.00,20,4 280,0.00%
15/04/2015,214.00,214.00,214.00,214.00,1,214,-0.47%
13/04/2015,215.00,215.00,215.00,215.00,15,3 225,0.00%
08/04/2015,215.00,215.00,215.00,215.00,2,430,-0.92%
07/04/2015,217.00,217.00,217.00,217.00,1,217,0.42%
06/04/2015,216.10,216.10,216.10,216.10,2,432,-1.55%
03/04/2015,219.50,219.50,219.50,219.50,5,1 098,-1.13%
01/04/2015,222.00,222.00,222.00,222.00,44,9 768,0.00%
03/02/2015,225.60,225.60,225.60,225.60,15,3 384,-0.84%
02/02/2015,227.50,227.50,227.50,227.50,5,1 138,0.00%
29/01/2015,227.50,226.00,227.50,226.00,11,2 494,0.66%
27/01/2015,226.00,226.00,226.00,226.00,12,2 712,0.44%
26/01/2015,225.00,225.00,225.00,225.00,60,13 500,-2.17%
23/01/2015,229.99,229.99,229.99,229.99,2,460,0.00%
22/01/2015,229.99,229.99,229.99,229.99,1,230,2.21%
21/01/2015,225.01,230.00,230.00,225.01,5,1 138,-3.01%
20/01/2015,231.99,231.99,231.99,231.99,131,30 391,-0.43%
19/01/2015,233.00,233.00,233.00,233.00,70,16 310,0.00%
16/01/2015,233.00,233.00,233.00,233.00,50,11 650,4.43%
15/01/2015,223.12,223.12,223.12,223.12,31,6 917,0.05%
13/01/2015,223.01,223.01,223.01,223.01,5,1 115,0.39%
12/01/2015,222.15,222.16,222.16,222.15,262,58 205,-0.43%
09/01/2015,223.10,222.14,223.10,222.14,72,16 029,-2.58%
08/01/2015,229.01,229.01,229.01,229.01,58,13 283,-0.04%
07/01/2015,229.11,229.11,229.11,229.11,30,6 873,2.69%
06/01/2015,223.10,229.11,229.11,222.75,156,35 245,-2.58%
05/01/2015,229.00,228.00,229.00,228.00,100,22 850,-2.55%
02/01/2015,235.00,235.00,235.00,235.00,19,4 465,0.00%
31/12/2014,235.00,235.00,235.00,235.00,219,51 465,-0.51%
30/12/2014,236.20,236.20,236.20,236.20,19,4 488,-0.75%
29/12/2014,237.99,237.99,237.99,237.99,8,1 904,-0.00%
26/12/2014,238.00,238.95,238.95,238.00,301,71 781,-0.40%
23/12/2014,238.96,238.96,238.96,238.96,13,3 106,-0.00%
22/12/2014,238.97,238.99,238.99,238.97,81,19 357,-0.01%
19/12/2014,239.00,239.00,239.00,239.00,18,4 302,-0.20%
18/12/2014,239.48,239.48,239.48,239.48,8,1 916,-0.15%
05/12/2014,239.85,239.85,239.85,239.85,13,3 118,-0.01%
04/12/2014,239.88,239.88,239.88,239.88,15,3 598,-0.04%
18/11/2014,240.00,240.00,240.00,240.00,4,960,-0.41%
17/11/2014,240.99,240.99,240.99,240.99,50,12 050,0.41%
14/11/2014,240.00,240.00,240.00,240.00,13,3 120,-1.55%
12/11/2014,243.79,243.79,243.79,243.79,25,6 095,2.91%
11/11/2014,236.90,236.90,236.90,236.90,15,3 554,-2.87%
10/11/2014,243.91,243.91,243.91,243.91,2,488,2.96%
07/11/2014,236.90,236.90,236.90,236.90,27,6 396,-0.01%
05/11/2014,236.92,236.90,236.92,236.90,107,25 349,0.33%
04/11/2014,236.13,236.13,236.13,236.13,1,236,-1.61%
03/11/2014,240.00,240.00,240.00,240.00,67,16 080,0.00%
31/10/2014,239.99,239.99,239.99,239.99,10,2 400,0.00%
30/10/2014,239.99,240.00,240.00,239.99,44,10 560,1.68%
28/10/2014,236.03,236.03,236.03,236.03,25,5 901,-1.26%
27/10/2014,239.03,239.03,239.03,239.03,29,6 932,1.27%
21/10/2014,236.03,239.99,239.99,236.03,96,22 849,-1.65%
20/10/2014,240.00,240.00,240.00,240.00,169,40 560,0.00%
17/10/2014,240.00,240.00,240.00,240.00,19,4 560,0.00%
16/10/2014,240.00,240.00,240.00,240.00,8,1 920,0.00%
14/10/2014,240.00,240.00,240.00,240.00,1,240,1.69%
13/10/2014,236.00,236.72,236.72,236.00,13,3 073,-2.28%
09/10/2014,241.50,242.99,242.99,241.50,7,1 696,-0.61%
08/10/2014,242.99,242.99,242.99,242.99,2,486,-0.41%
06/10/2014,244.00,244.00,244.00,244.00,4,976,0.00%
03/10/2014,244.00,244.00,244.00,244.00,1,244,1.67%
02/10/2014,240.00,240.00,240.00,240.00,1,240,2.12%
01/10/2014,235.02,235.02,235.02,235.02,1,235,-2.89%
25/09/2014,242.01,242.01,242.01,242.01,6,1 452,-2.81%
24/09/2014,249.00,249.00,249.00,249.00,1,249,0.69%
23/09/2014,247.30,247.30,247.30,247.30,25,6 183,0.00%
22/09/2014,247.30,247.30,247.30,247.30,52,12 860,-2.94%
18/09/2014,254.79,254.79,254.79,254.79,84,21 402,0.00%
17/09/2014,254.79,254.79,254.79,254.79,5,1 274,0.11%
16/09/2014,254.51,254.00,254.51,254.00,32,8 136,0.20%
15/09/2014,254.00,253.89,254.00,253.89,27,6 857,-5.22%
12/09/2014,267.99,267.99,267.99,267.99,2,536,0.74%
11/09/2014,266.01,266.01,266.01,266.01,9,2 394,-0.74%
10/09/2014,268.00,268.00,268.00,268.00,3,804,0.84%
09/09/2014,265.78,265.78,265.78,265.78,3,797,-0.83%
08/09/2014,268.00,268.00,268.00,268.00,96,25 728,-2.19%
04/09/2014,274.00,274.00,274.00,274.00,34,9 316,2.24%
25/08/2014,268.00,268.00,268.00,268.00,3,804,0.00%
22/08/2014,268.00,268.00,268.00,268.00,85,22 780,0.00%
21/08/2014,268.00,268.00,268.00,268.00,41,10 988,0.00%
20/08/2014,268.00,268.00,268.00,268.00,26,6 968,0.00%
19/08/2014,268.00,268.00,268.00,268.00,8,2 144,0.00%
18/08/2014,268.00,268.00,268.00,268.00,27,7 236,0.00%
15/08/2014,268.00,268.00,268.00,268.00,3,804,0.00%
14/08/2014,268.00,271.00,271.00,268.00,32,8 624,-1.14%
12/08/2014,271.10,271.10,271.10,271.10,1,271,-2.13%
08/08/2014,276.99,276.99,276.99,276.99,13,3 601,-0.00%
07/08/2014,277.00,271.00,277.00,271.00,41,11 234,2.21%
04/08/2014,271.01,271.01,271.01,271.01,15,4 065,0.75%
31/07/2014,269.00,269.00,269.00,269.00,1,269,0.00%
24/07/2014,269.00,269.00,269.00,269.00,85,22 865,-0.16%
23/07/2014,269.43,269.43,269.43,269.43,6,1 617,0.00%
22/07/2014,269.43,269.43,269.43,269.43,63,16 974,0.00%
21/07/2014,269.43,269.43,269.43,269.43,12,3 233,0.04%
17/07/2014,269.31,269.31,269.31,269.31,134,36 088,-4.50%
16/07/2014,282.00,282.00,282.00,282.00,4,1 128,-0.28%
14/07/2014,282.79,282.79,282.79,282.79,9,2 545,-0.00%
10/07/2014,282.80,282.80,282.80,282.80,12,3 394,-2.15%
04/07/2014,289.00,289.00,289.00,289.00,270,78 030,-0.34%
26/06/2014,290.00,290.00,290.00,290.00,47,13 630,0.00%
25/06/2014,290.00,290.00,290.00,290.00,25,7 250,0.03%
24/06/2014,289.90,289.90,289.90,289.90,10,2 899,-0.03%
16/06/2014,290.00,290.00,290.00,290.00,2,580,0.00%
12/06/2014,290.00,290.00,290.00,290.00,1,290,0.00%
11/06/2014,290.00,289.99,290.00,289.99,23,6 670,0.00%
10/06/2014,289.99,289.99,289.99,289.99,37,10 730,1.82%
06/06/2014,284.82,284.82,284.82,284.82,1,285,1.00%
05/06/2014,282.00,282.00,282.00,282.00,8,2 256,0.72%
04/06/2014,279.99,280.00,280.00,279.99,87,24 360,-0.00%
03/06/2014,280.00,280.00,280.00,280.00,52,14 560,0.00%
02/06/2014,280.00,280.00,280.00,280.00,58,16 240,0.00%
29/05/2014,280.00,280.00,280.00,280.00,52,14 560,0.01%
26/05/2014,279.98,279.98,279.98,279.98,114,31 918,-0.01%
23/05/2014,280.00,280.00,280.00,280.00,1,280,0.00%
19/05/2014,280.00,280.00,280.00,280.00,94,26 320,-0.99%
16/05/2014,282.81,291.54,291.54,282.80,6,1 723,-3.00%
14/05/2014,291.55,291.55,291.55,291.55,2,583,-0.02%
13/05/2014,291.60,291.60,291.60,291.60,7,2 041,-0.03%
12/05/2014,291.69,291.69,291.69,291.69,1,292,1.04%
08/05/2014,288.70,288.70,288.70,288.70,56,16 167,-2.99%
02/05/2014,297.60,297.60,297.60,297.60,11,3 274,0.00%
30/04/2014,297.60,297.60,297.60,297.60,1,298,3.05%
29/04/2014,288.78,288.78,288.78,288.78,30,8 663,-0.00%
28/04/2014,288.79,288.77,288.79,288.77,21,6 064,-2.99%
25/04/2014,297.70,297.70,297.70,297.70,10,2 977,-0.03%
24/04/2014,297.80,297.80,297.80,297.80,3,893,-0.02%
23/04/2014,297.87,297.87,297.87,297.87,1,298,1.66%
22/04/2014,293.00,293.00,293.00,293.00,1,293,-2.01%
15/04/2014,299.00,299.00,299.00,299.00,1,299,1.36%
14/04/2014,295.00,295.00,295.00,295.00,2,590,-0.34%
11/04/2014,296.00,296.00,296.00,296.00,10,2 960,0.00%
10/04/2014,296.00,300.00,300.00,296.00,35,10 430,0.00%
08/04/2014,296.00,296.00,296.00,296.00,10,2 960,0.00%
07/04/2014,296.00,296.00,296.00,296.00,6,1 776,0.00%
04/04/2014,296.00,300.30,300.30,296.00,22,6 559,-1.43%
02/04/2014,300.30,300.30,300.30,300.30,12,3 604,0.00%
31/03/2014,300.30,300.30,300.30,300.30,1,300,2.46%
28/03/2014,293.10,293.10,293.10,293.10,12,3 517,-2.40%
26/03/2014,300.30,300.30,300.30,300.30,49,14 715,-0.00%
25/03/2014,300.31,300.31,300.31,300.31,44,13 214,0.04%
24/03/2014,300.20,300.10,300.20,300.10,115,34 517,0.07%
19/03/2014,300.00,300.00,300.00,300.00,1,300,2.67%
18/03/2014,292.20,292.20,292.20,292.20,1,292,-2.27%
13/03/2014,299.00,299.00,299.00,299.00,2,598,2.75%
12/03/2014,291.00,291.00,291.00,291.00,8,2 328,0.00%
11/03/2014,291.00,291.02,291.02,291.00,15,4 365,0.00%
10/03/2014,291.00,291.00,291.00,291.00,10,2 910,-1.36%
06/03/2014,295.00,288.00,295.00,288.00,58,16 907,0.00%
05/03/2014,295.00,295.00,295.00,295.00,19,5 605,-1.63%
24/02/2014,303.50,303.50,303.50,303.50,10,3 035,0.00%
20/02/2014,303.50,303.80,303.80,303.50,6,1 822,2.88%
19/02/2014,295.00,303.90,303.90,295.00,48,14 374,-2.96%
18/02/2014,304.00,304.00,304.00,304.00,22,6 688,0.00%
17/02/2014,304.00,304.00,304.00,304.00,11,3 344,0.00%
14/02/2014,304.00,304.00,304.00,304.00,22,6 688,0.00%
13/02/2014,304.00,304.00,304.00,304.00,11,3 344,0.66%
12/02/2014,302.00,304.00,304.00,302.00,10,3 030,-0.66%
11/02/2014,304.00,304.00,304.00,304.00,111,33 744,0.00%
10/02/2014,304.00,304.00,304.00,304.00,4,1 216,-0.22%
06/02/2014,304.68,304.68,304.68,304.68,13,3 961,2.70%
05/02/2014,296.68,296.68,296.68,296.68,42,12 461,0.26%
04/02/2014,295.90,295.99,295.99,295.90,15,4 439,2.73%
03/02/2014,288.05,288.05,288.05,288.05,12,3 457,0.00%
31/01/2014,288.05,288.00,288.05,288.00,158,45 508,0.02%
30/01/2014,288.00,288.03,288.03,288.00,107,30 818,2.85%
29/01/2014,280.03,280.03,280.03,280.03,40,11 201,0.00%
28/01/2014,280.03,280.00,280.03,280.00,206,57 683,0.76%
27/01/2014,277.91,277.91,277.91,277.91,25,6 948,0.69%
24/01/2014,276.01,276.01,276.01,276.01,31,8 556,0.00%
23/01/2014,276.00,277.95,277.95,276.00,78,21 604,0.00%
22/01/2014,276.00,276.00,276.00,276.00,10,2 760,0.00%
21/01/2014,276.00,276.80,276.80,276.00,23,6 357,-0.32%
20/01/2014,276.89,276.89,276.89,276.89,125,34 611,-0.04%
16/01/2014,276.99,277.00,277.00,276.99,10,2 770,2.97%
15/01/2014,269.01,269.01,269.01,269.01,20,5 380,-0.07%
10/01/2014,269.20,276.99,276.99,269.20,53,14 474,-3.15%
09/01/2014,277.96,277.96,277.96,277.96,85,23 627,-0.01%
08/01/2014,277.99,277.99,277.99,277.99,5,1 390,-0.71%
07/01/2014,279.99,279.99,279.99,279.99,1,280,1.81%
06/01/2014,275.00,275.00,275.00,275.00,2,550,1.86%
31/12/2013,269.98,269.98,269.98,269.98,7,1 890,0.00%
30/12/2013,269.98,269.98,269.98,269.98,5,1 350,-0.00%
27/12/2013,269.99,269.99,269.99,269.99,1,270,-0.00%
26/12/2013,270.00,270.00,270.00,270.00,19,5 130,2.66%
25/12/2013,263.00,263.01,263.01,263.00,130,34 191,0.00%
24/12/2013,263.00,270.05,270.05,263.00,3,800,0.31%
23/12/2013,262.20,262.20,262.20,262.20,2,524,0.00%
20/12/2013,262.20,262.19,262.20,262.19,251,65 811,0.00%
19/12/2013,262.20,262.21,262.21,262.20,19,4 982,0.00%
18/12/2013,262.20,262.20,262.20,262.20,1,262,-0.62%
17/12/2013,263.84,271.99,271.99,263.84,16,4 287,-3.00%
16/12/2013,272.00,272.44,272.44,264.27,513,137 666,-0.16%
13/12/2013,272.44,272.44,272.44,272.44,2,545,-0.53%
12/12/2013,273.90,274.30,274.30,273.90,4,1 096,2.80%
11/12/2013,266.45,274.49,274.49,266.45,17,4 598,-3.00%
10/12/2013,274.69,274.69,274.69,274.69,12,3 296,-0.07%
09/12/2013,274.88,274.88,274.88,274.88,2,550,1.73%
06/12/2013,270.20,270.20,270.20,270.20,14,3 783,-1.75%
05/12/2013,275.00,275.00,275.00,275.00,15,4 125,0.00%
04/12/2013,275.00,275.00,275.00,275.00,2,550,0.00%
03/12/2013,275.00,275.00,275.00,275.00,21,5 775,0.00%
02/12/2013,275.00,278.00,278.00,275.00,6,1 659,0.00%
28/11/2013,275.00,275.10,275.10,275.00,9,2 475,-1.39%
27/11/2013,278.88,278.88,278.88,278.88,2,558,-0.03%
26/11/2013,278.97,278.97,278.97,278.97,1,279,-0.00%
22/11/2013,278.98,278.98,278.98,278.98,3,837,-0.00%
21/11/2013,278.99,278.99,278.99,278.99,9,2 511,0.00%
20/11/2013,278.99,278.99,278.99,278.99,5,1 395,0.00%
18/11/2013,278.99,278.99,278.99,278.99,26,7 254,-0.00%
15/11/2013,279.00,287.00,287.00,278.39,53,14 983,-3.16%
14/11/2013,288.10,288.10,288.10,288.10,1,288,-2.99%
08/11/2013,296.99,296.99,296.99,296.99,6,1 782,0.00%
07/11/2013,296.99,296.99,296.99,296.99,3,891,-0.61%
23/10/2013,298.80,298.00,298.80,298.00,2,597,-0.07%
22/10/2013,299.00,299.00,299.00,299.00,15,4 485,0.67%
21/10/2013,297.00,296.99,299.00,296.99,41,12 218,0.83%
18/10/2013,294.56,294.55,294.56,294.55,6,1 767,3.00%
17/10/2013,285.99,285.99,285.99,285.99,1,286,2.91%
11/10/2013,277.90,277.80,277.90,270.10,35,9 590,2.93%
10/10/2013,270.00,270.00,270.00,270.00,125,33 750,0.00%
09/10/2013,270.00,273.00,273.00,270.00,139,37 739,0.00%
08/10/2013,270.00,268.00,270.00,268.00,70,18 830,1.89%
04/10/2013,265.00,257.50,265.00,257.50,146,38 143,2.91%
03/10/2013,257.50,257.50,257.50,257.50,53,13 648,0.00%
02/10/2013,257.50,257.00,257.50,255.00,272,69 700,3.00%
01/10/2013,250.00,250.00,250.00,250.00,132,33 000,0.00%
30/09/2013,250.00,255.00,255.00,250.00,66,16 665,-2.34%
27/09/2013,256.00,263.50,263.50,256.00,10,2 598,-2.98%
26/09/2013,263.85,270.00,270.00,263.85,104,27 760,-3.00%
25/09/2013,272.00,274.10,274.10,272.00,107,29 216,-1.09%
24/09/2013,275.00,275.00,275.00,275.00,11,3 025,-1.22%
23/09/2013,278.40,278.50,278.50,278.40,227,63 208,-2.65%
20/09/2013,285.99,280.10,285.99,278.50,86,24 273,2.72%
19/09/2013,278.41,283.00,283.00,278.41,16,4 491,-2.99%
18/09/2013,287.00,287.00,287.00,287.00,10,2 870,2.00%
17/09/2013,281.36,281.36,281.36,281.36,10,2 814,0.00%
16/09/2013,281.36,282.35,294.00,281.36,172,49 481,-3.00%
12/09/2013,290.06,293.50,293.50,290.06,16,4 668,-1.17%
11/09/2013,293.50,293.50,293.50,293.50,9,2 642,0.86%
10/09/2013,291.00,297.10,297.10,291.00,156,45 872,-3.00%
09/09/2013,300.00,300.00,300.00,300.00,6,1 800,0.00%
06/09/2013,300.00,306.00,306.00,300.00,71,21 513,-2.01%
03/09/2013,306.14,306.17,306.17,306.14,17,5 205,-8.34%
29/08/2013,335.00,336.00,336.00,335.00,58,19 459,-0.30%
28/08/2013,336.00,336.00,336.00,336.00,85,28 560,0.29%
27/08/2013,335.02,335.02,335.02,335.02,13,4 355,0.00%
26/08/2013,335.02,335.99,335.99,335.01,208,69 784,-0.29%
23/08/2013,335.99,336.00,336.00,335.99,60,20 160,-0.00%
22/08/2013,336.00,336.00,336.00,336.00,76,25 536,0.00%
21/08/2013,336.00,340.00,340.00,336.00,130,43 940,0.30%
19/08/2013,335.00,340.00,340.00,335.00,52,17 550,-1.47%
16/08/2013,340.00,340.00,340.00,340.00,20,6 800,0.00%
15/08/2013,340.00,340.00,340.00,340.00,84,28 560,0.00%
14/08/2013,340.00,340.00,350.20,340.00,84,28 988,0.00%
12/08/2013,340.00,340.00,340.00,340.00,24,8 160,-0.53%
06/08/2013,341.80,332.06,341.80,332.06,21,7 076,2.94%
05/08/2013,332.05,332.00,332.05,332.00,12,3 984,0.02%
02/08/2013,332.00,341.96,341.96,332.00,72,24 263,0.00%
01/08/2013,332.00,332.00,332.00,332.00,89,29 548,-2.24%
30/07/2013,339.60,339.60,339.60,339.60,1,340,-2.94%
29/07/2013,349.90,349.90,349.90,349.90,9,3 149,0.00%
23/07/2013,349.90,349.90,349.90,349.90,14,4 899,-0.03%
18/07/2013,350.00,350.00,350.00,350.00,1,350,0.00%
16/07/2013,349.99,349.99,349.99,349.99,34,11 900,0.00%
04/07/2013,349.99,349.98,349.99,349.98,19,6 650,0.00%
01/07/2013,349.99,349.99,349.99,349.99,2,700,0.00%
28/06/2013,349.99,344.98,349.99,344.98,7,2 432,1.45%
27/06/2013,344.99,344.99,344.99,344.99,3,1 035,0.87%
26/06/2013,342.03,342.03,342.03,342.03,1,342,0.00%
24/06/2013,342.03,342.03,342.03,342.03,9,3 078,-0.86%
21/06/2013,344.99,349.00,349.00,344.99,25,8 675,-0.00%
19/06/2013,345.00,345.00,345.00,345.00,4,1 380,1.47%
18/06/2013,340.00,350.00,350.00,330.10,16,5 441,0.00%
17/06/2013,340.00,339.52,340.00,339.50,29,9 853,-2.86%
14/06/2013,350.00,350.00,350.00,336.40,66,22 651,0.00%
13/06/2013,350.00,350.00,350.00,350.00,129,45 150,0.00%
11/06/2013,350.00,350.00,350.00,350.00,103,36 050,0.00%
10/06/2013,350.00,350.01,350.01,350.00,28,9 800,-0.85%
07/06/2013,353.00,352.50,353.00,352.00,44,15 510,-1.94%
03/06/2013,360.00,360.00,360.00,360.00,13,4 680,0.00%
30/05/2013,360.00,360.00,360.00,360.00,15,5 400,0.00%
28/05/2013,360.00,358.65,360.00,358.65,164,58 929,0.42%
27/05/2013,358.50,356.10,358.50,356.10,12,4 288,1.27%
24/05/2013,354.00,354.00,354.00,354.00,53,18 762,0.00%
23/05/2013,354.00,358.70,358.70,354.00,4,1 425,-1.31%
22/05/2013,358.70,351.90,359.00,351.90,61,21 682,1.93%
21/05/2013,351.90,351.00,351.90,351.00,34,11 949,1.11%
20/05/2013,348.03,347.65,348.03,347.60,13,4 522,0.13%
17/05/2013,347.58,347.60,347.60,347.58,5,1 738,-0.97%
16/05/2013,351.00,351.97,351.97,351.00,8,2 812,0.57%
15/05/2013,349.00,349.00,349.00,349.00,6,2 094,0.28%
14/05/2013,348.01,349.20,349.20,348.01,111,38 695,-0.34%
13/05/2013,349.20,352.00,352.00,349.20,560,196 336,-2.99%
10/05/2013,359.98,360.00,360.00,359.98,13,4 680,-0.01%
09/05/2013,360.00,362.00,362.00,354.00,20,7 160,-1.34%
08/05/2013,364.90,364.90,364.90,364.90,1,365,0.00%
07/05/2013,364.90,364.90,364.90,364.90,50,18 245,-0.02%
03/05/2013,364.98,364.98,364.98,364.98,1,365,0.00%
02/05/2013,364.98,358.45,364.98,358.45,50,18 086,1.82%
30/04/2013,358.44,348.00,358.44,348.00,256,90 424,5.91%
29/04/2013,338.44,338.44,338.44,338.44,1,338,-3.00%
26/04/2013,348.90,348.90,348.90,348.90,30,10 467,-0.03%
25/04/2013,349.00,349.00,349.00,349.00,5,1 745,2.49%
24/04/2013,340.51,340.51,340.51,340.51,4,1 362,-2.71%
23/04/2013,350.00,350.00,350.00,350.00,1,350,2.94%
22/04/2013,340.00,340.00,340.00,340.00,3,1 020,-2.17%
19/04/2013,347.53,347.53,347.53,347.53,22,7 646,-0.71%
18/04/2013,350.00,350.00,350.00,350.00,2,700,-0.57%
17/04/2013,352.00,352.00,352.00,352.00,7,2 464,0.57%
16/04/2013,350.00,352.00,352.00,350.00,475,166 725,-1.13%
15/04/2013,354.00,352.00,354.00,352.00,97,34 241,0.57%
12/04/2013,352.00,352.00,352.00,352.00,24,8 448,0.00%
11/04/2013,352.00,352.01,352.10,352.00,92,32 389,0.24%
05/04/2013,351.16,351.17,351.17,351.16,5,1 756,-0.00%
04/04/2013,351.17,351.18,351.18,351.17,53,18 612,0.03%
02/04/2013,351.05,351.03,351.06,351.03,16,5 617,0.29%
01/04/2013,350.02,350.02,350.02,350.02,60,21 001,0.01%
29/03/2013,350.00,350.00,350.00,350.00,6,2 100,0.00%
28/03/2013,350.00,350.01,350.01,350.00,16,5 600,0.00%
27/03/2013,350.00,350.00,350.00,350.00,125,43 750,0.00%
26/03/2013,350.00,350.00,350.00,350.00,7,2 450,0.00%
22/03/2013,350.00,352.00,352.00,350.00,20,7 020,-1.96%
21/03/2013,357.00,350.00,357.00,350.00,25,8 838,2.00%
19/03/2013,350.00,355.00,355.00,350.00,100,35 250,0.00%
18/03/2013,350.00,355.00,355.00,350.00,20,7 050,-1.41%
15/03/2013,355.00,350.00,355.00,350.00,28,9 870,0.00%
14/03/2013,355.00,365.98,365.98,355.00,37,13 338,-1.39%
13/03/2013,360.00,360.10,360.10,360.00,18,6 481,-0.03%
12/03/2013,360.10,360.02,360.10,360.00,91,32 765,-1.34%
08/03/2013,365.00,365.00,365.00,365.00,1,365,0.00%
07/03/2013,365.00,365.00,365.00,365.00,11,4 015,1.11%
06/03/2013,361.00,365.00,365.00,361.00,27,9 801,-1.10%
05/03/2013,365.00,365.00,365.00,365.00,54,19 710,0.00%
04/03/2013,365.00,365.00,365.00,365.00,13,4 745,0.00%
26/02/2013,365.99,365.99,365.99,365.99,102,37 331,-0.00%
25/02/2013,366.00,366.00,366.00,366.00,25,9 150,0.00%
21/02/2013,366.00,357.51,366.01,355.10,59,21 273,0.00%
20/02/2013,366.00,366.98,366.98,365.00,38,13 908,-0.27%
19/02/2013,367.00,365.70,367.00,365.70,66,24 179,0.00%
18/02/2013,367.00,377.00,377.00,367.00,290,107 880,-2.65%
15/02/2013,377.00,383.99,383.99,377.00,5,1 902,-1.82%
14/02/2013,384.00,380.00,384.00,376.00,8,3 040,1.86%
13/02/2013,377.00,377.00,377.00,377.00,8,3 016,0.00%
12/02/2013,377.00,375.02,377.00,375.01,55,20 680,0.00%
11/02/2013,377.00,375.02,377.00,375.02,7,2 632,0.53%
08/02/2013,375.02,375.00,375.02,375.00,181,67 877,-0.55%
07/02/2013,377.10,377.10,377.10,377.10,15,5 657,0.19%
06/02/2013,376.38,388.02,388.02,376.38,141,53 890,-3.49%
05/02/2013,390.00,390.00,390.00,390.00,125,48 750,0.00%
04/02/2013,390.00,394.00,394.00,390.00,13,5 096,-1.02%
01/02/2013,394.00,394.10,394.10,394.00,25,9 851,0.00%
31/01/2013,394.00,394.00,394.00,394.00,21,8 274,0.00%
30/01/2013,394.00,394.00,394.00,394.00,32,12 608,0.25%
29/01/2013,393.00,390.00,393.00,388.00,192,74 976,1.29%
28/01/2013,388.00,387.99,388.00,387.99,19,7 372,0.00%
23/01/2013,388.00,383.05,388.00,383.02,50,19 276,0.26%
22/01/2013,387.00,384.00,387.00,383.01,109,41 966,1.31%
18/01/2013,382.00,382.00,382.00,382.00,2,764,0.00%
17/01/2013,382.00,382.00,382.00,382.00,21,8 022,0.00%
16/01/2013,382.00,385.00,385.00,380.00,55,21 038,0.53%
15/01/2013,380.00,380.00,380.00,380.00,20,7 600,-2.31%
11/01/2013,389.00,377.99,389.00,377.99,48,18 408,2.91%
10/01/2013,378.00,374.10,378.00,374.10,90,33 845,1.07%
09/01/2013,374.00,372.00,374.00,372.00,60,22 380,0.78%
08/01/2013,371.10,371.00,371.11,371.00,7,2 597,0.03%
07/01/2013,371.00,371.00,371.00,371.00,1,371,0.27%
04/01/2013,370.00,370.00,370.00,370.00,55,20 350,0.00%
03/01/2013,370.00,370.00,370.00,370.00,16,5 920,0.00%
02/01/2013,370.00,370.00,370.00,370.00,1,370,2.78%
31/12/2012,360.00,360.00,360.00,360.00,498,179 280,-4.00%
27/12/2012,375.00,375.00,375.00,375.00,2,750,0.54%
26/12/2012,373.00,373.00,373.00,373.00,3,1 119,0.81%
25/12/2012,370.01,370.01,370.01,370.01,65,24 051,0.00%
24/12/2012,370.01,370.01,370.01,370.01,5,1 850,0.00%
21/12/2012,370.00,370.00,370.00,370.00,136,50 320,-2.37%
20/12/2012,379.00,379.00,379.00,379.00,2,758,2.43%
17/12/2012,370.00,370.00,370.00,370.00,42,15 540,-0.32%
14/12/2012,371.20,371.20,371.20,371.20,60,22 272,0.00%
13/12/2012,371.20,371.20,371.20,371.20,53,19 674,0.00%
12/12/2012,371.20,371.20,371.20,371.20,100,37 120,0.05%
11/12/2012,371.00,371.00,371.00,371.00,2,742,0.00%
07/12/2012,371.00,371.00,371.00,371.00,54,20 034,-2.37%
06/12/2012,379.99,370.06,379.99,370.06,12,4 500,2.15%
05/12/2012,372.00,372.00,372.00,372.00,73,27 156,0.53%
03/12/2012,370.05,370.05,370.05,370.05,35,12 952,0.00%
29/11/2012,375.10,375.10,375.10,375.01,122,45 757,0.03%
28/11/2012,375.00,375.00,375.00,375.00,5,1 875,-1.57%
27/11/2012,380.99,381.00,381.00,380.99,25,9 525,-0.00%
26/11/2012,381.00,381.80,381.80,381.00,4,1 526,-0.40%
22/11/2012,382.52,382.52,382.52,382.52,29,11 093,-0.13%
21/11/2012,383.00,383.00,383.00,383.00,13,4 979,0.13%
20/11/2012,382.52,382.52,382.52,382.52,4,1 530,-1.16%
19/11/2012,387.00,387.00,387.00,387.00,1,387,-0.26%
13/11/2012,388.00,388.01,388.01,388.00,36,13 968,0.00%
12/11/2012,388.00,388.00,388.00,388.00,2,776,-0.52%
07/11/2012,390.01,390.01,390.01,390.01,52,20 281,0.52%
06/11/2012,388.00,388.00,388.00,388.00,3,1 164,0.00%
05/11/2012,388.00,388.00,388.00,388.00,5,1 940,0.00%
31/10/2012,388.00,388.00,388.00,388.00,3,1 164,1.70%
30/10/2012,381.50,388.80,388.80,381.50,2,770,-1.80%
29/10/2012,388.49,388.49,388.49,388.49,52,20 201,-0.08%
25/10/2012,388.80,388.80,388.80,388.80,1,389,0.08%
24/10/2012,388.49,388.49,388.49,388.49,26,10 101,0.00%
23/10/2012,388.49,380.07,388.49,380.07,71,27 284,2.22%
22/10/2012,380.07,380.01,380.07,380.01,48,18 242,0.00%
18/10/2012,380.07,380.06,380.07,380.06,49,18 623,0.01%
17/10/2012,380.05,380.01,380.05,380.01,120,45 604,0.01%
16/10/2012,380.01,380.01,380.01,380.01,18,6 840,0.00%
12/10/2012,380.01,380.00,380.01,380.00,169,64 221,-2.31%
11/10/2012,389.00,389.00,389.00,389.00,3,1 167,1.75%
10/10/2012,382.30,382.20,382.30,382.20,33,12 614,-1.97%
09/10/2012,390.00,390.00,390.00,390.00,58,22 620,0.26%
08/10/2012,389.00,389.00,389.00,389.00,8,3 112,-0.77%
04/10/2012,392.00,392.00,392.00,392.00,51,19 992,-0.03%
03/10/2012,392.11,392.11,392.11,392.11,12,4 705,0.00%
02/10/2012,392.11,392.00,392.11,392.00,147,57 632,0.00%
01/10/2012,392.10,392.10,392.10,392.10,172,67 441,0.00%
28/09/2012,392.10,392.10,392.10,392.10,24,9 410,1.58%
26/09/2012,386.00,386.00,386.00,386.00,55,21 230,0.65%
25/09/2012,383.51,383.51,383.51,383.51,15,5 753,0.89%
21/09/2012,380.11,380.00,382.01,380.00,162,61 723,0.40%
20/09/2012,378.60,381.51,381.51,378.60,170,64 609,-3.74%
19/09/2012,393.30,393.30,393.30,393.30,110,43 263,0.00%
18/09/2012,393.30,398.21,398.21,393.30,162,64 112,-1.24%
17/09/2012,398.25,400.00,400.00,398.25,18,7 184,-2.02%
14/09/2012,406.45,406.80,406.80,406.45,217,88 238,0.00%
13/09/2012,406.45,406.45,406.45,406.45,1,406,1.61%
12/09/2012,400.00,408.00,408.00,400.00,30,12 120,-1.96%
10/09/2012,408.00,408.00,408.00,408.00,130,53 040,-0.46%
07/09/2012,409.89,409.89,409.89,409.89,29,11 887,2.48%
05/09/2012,399.99,399.99,399.99,399.99,1,400,2.52%
04/09/2012,390.16,390.15,390.16,390.15,20,7 803,0.00%
03/09/2012,390.15,390.00,390.15,390.00,79,30 816,-6.44%
30/08/2012,415.01,415.11,415.11,415.01,49,20 338,0.01%
29/08/2012,414.98,415.00,415.00,414.98,88,36 519,0.00%
28/08/2012,414.98,415.00,415.00,414.98,104,43 159,-0.00%
27/08/2012,415.00,415.00,415.00,415.00,9,3 735,0.46%
24/08/2012,413.12,413.12,413.12,413.12,11,4 544,0.03%
23/08/2012,413.00,413.00,413.00,413.00,19,7 847,-1.20%
22/08/2012,418.00,418.00,418.00,418.00,7,2 926,-0.24%
21/08/2012,419.00,419.00,419.00,419.00,3,1 257,-2.56%
16/08/2012,429.99,429.99,429.99,429.99,5,2 150,2.38%
15/08/2012,420.00,421.00,421.00,420.00,28,11 774,-2.69%
14/08/2012,431.60,431.60,431.60,431.60,1,432,3.00%
10/08/2012,419.03,424.99,424.99,419.03,6,2 532,-0.94%
08/08/2012,423.00,423.00,423.00,423.00,15,6 345,-0.24%
07/08/2012,424.00,424.00,424.00,424.00,25,10 600,-0.66%
03/08/2012,426.81,426.81,426.81,426.81,51,21 767,-0.30%
02/08/2012,428.10,439.99,439.99,428.10,63,27 345,-2.70%
01/08/2012,439.99,448.89,448.89,439.99,63,28 000,-2.22%
31/07/2012,450.00,450.00,450.00,450.00,10,4 500,-0.64%
30/07/2012,452.90,453.00,453.00,452.90,14,6 341,2.93%
27/07/2012,440.00,440.00,440.00,440.00,23,10 120,1.03%
26/07/2012,435.50,427.44,435.50,427.44,10,4 315,4.94%
24/07/2012,415.00,415.00,415.00,415.00,4,1 660,0.36%
23/07/2012,413.51,413.51,413.51,413.51,1,414,-2.59%
20/07/2012,424.50,424.50,424.50,424.50,25,10 613,0.00%
19/07/2012,424.50,419.92,424.50,419.92,4,1 689,1.10%
18/07/2012,419.90,419.90,419.90,419.90,3,1 260,0.00%
17/07/2012,419.90,419.90,419.90,419.90,36,15 116,0.00%
16/07/2012,419.90,419.90,419.90,419.90,26,10 917,0.00%
13/07/2012,419.90,419.90,419.90,419.90,2,840,-0.02%
12/07/2012,420.00,419.90,420.00,419.90,116,48 714,-0.00%
11/07/2012,420.01,420.01,420.01,420.01,2,840,2.44%
10/07/2012,410.00,410.00,410.00,410.00,14,5 740,0.00%
06/07/2012,410.00,410.00,410.00,410.00,50,20 500,0.00%
05/07/2012,409.98,409.98,409.98,409.98,25,10 250,-0.43%
03/07/2012,411.77,411.77,411.77,411.77,25,10 294,2.99%
29/06/2012,399.80,398.00,399.80,398.00,19,7 579,0.45%
28/06/2012,398.00,399.00,399.00,398.00,92,36 662,-0.25%
27/06/2012,398.99,398.99,398.99,398.99,13,5 187,-0.00%
26/06/2012,399.00,398.00,399.00,398.00,22,8 767,0.00%
25/06/2012,399.00,399.00,399.01,399.00,100,39 901,0.00%
22/06/2012,399.00,399.00,399.00,399.00,1,399,0.25%
21/06/2012,398.00,397.11,398.00,397.11,11,4 373,0.23%
20/06/2012,397.10,397.10,397.10,397.10,60,23 826,0.00%
19/06/2012,397.10,397.10,397.10,397.10,47,18 664,-0.70%
18/06/2012,399.90,399.90,399.90,399.90,32,12 797,0.00%
15/06/2012,399.90,399.90,399.90,399.90,1,400,0.73%
14/06/2012,396.99,396.99,396.99,396.99,15,5 955,0.46%
13/06/2012,395.16,395.15,395.16,395.15,7,2 766,0.04%
12/06/2012,395.00,395.00,395.00,395.00,26,10 270,-0.00%
11/06/2012,395.01,395.01,395.01,395.01,2,790,0.00%
08/06/2012,395.01,395.01,395.01,395.01,72,28 441,0.00%
06/06/2012,395.00,399.00,399.00,395.00,38,15 086,0.77%
31/05/2012,392.00,398.50,398.50,392.00,30,11 858,0.64%
30/05/2012,389.50,397.00,397.00,389.50,67,26 348,-0.38%
29/05/2012,391.00,384.99,391.00,384.99,71,27 548,1.30%
25/05/2012,386.00,386.00,386.00,386.00,5,1 930,0.26%
24/05/2012,385.00,385.00,385.00,385.00,5,1 925,-1.28%
23/05/2012,389.99,390.00,390.00,389.99,39,15 210,1.56%
22/05/2012,383.99,379.51,386.08,379.51,81,31 006,1.56%
21/05/2012,378.08,386.00,386.00,378.08,34,12 989,0.81%
18/05/2012,375.05,378.00,378.00,375.05,2 001,753 427,-0.84%
17/05/2012,378.23,378.22,378.23,378.22,91,34 418,0.06%
16/05/2012,378.02,378.02,378.02,378.02,24,9 072,-1.81%
15/05/2012,384.98,378.00,384.98,378.00,45,17 167,-0.01%
14/05/2012,385.00,388.95,388.95,385.00,78,30 184,1.85%
11/05/2012,378.00,378.00,378.00,377.00,841,317 478,0.00%
10/05/2012,378.00,378.00,378.00,378.00,477,180 306,0.00%
09/05/2012,378.00,389.65,389.65,378.00,14,5 374,-0.08%
08/05/2012,378.31,389.65,389.65,378.31,280,107 514,0.00%
07/05/2012,378.31,390.00,390.00,378.31,360,138 296,-3.00%
04/05/2012,390.00,390.00,390.00,390.00,254,99 060,0.00%
03/05/2012,390.00,390.00,390.00,390.00,503,196 170,0.00%
02/05/2012,390.00,390.00,390.00,390.00,743,289 770,-2.50%
30/04/2012,400.00,400.00,400.00,400.00,282,112 800,-2.91%
27/04/2012,412.00,412.50,412.50,412.00,4,1 649,-0.24%
26/04/2012,413.00,413.00,413.00,413.00,82,33 866,-4.44%
25/04/2012,432.20,436.91,436.91,432.20,13,5 649,1.41%
24/04/2012,426.21,439.39,439.39,426.21,164,70 979,-4.86%
23/04/2012,448.00,462.00,462.00,448.00,216,98 280,1.15%
20/04/2012,442.90,430.00,442.90,430.00,118,51 501,5.96%
19/04/2012,418.00,400.00,418.00,400.00,226,92 434,4.50%
18/04/2012,400.00,396.00,400.00,396.00,715,284 570,3.90%
17/04/2012,385.00,381.00,385.00,381.00,173,66 259,1.05%
16/04/2012,381.00,381.00,381.00,381.00,175,66 675,-2.23%
13/04/2012,389.69,379.98,389.80,379.98,84,32 331,-0.39%
12/04/2012,391.20,391.20,391.20,391.20,5,1 956,2.68%
11/04/2012,381.00,381.00,381.00,381.00,446,169 926,0.00%
10/04/2012,381.00,369.99,381.00,369.99,196,73 597,2.98%
06/04/2012,369.99,369.99,369.99,369.99,60,22 199,2.78%
05/04/2012,360.00,360.00,360.00,360.00,104,37 440,-2.33%
04/04/2012,368.60,379.99,379.99,368.60,578,216 343,-3.31%
03/04/2012,381.20,390.00,390.00,381.20,942,363 235,-3.00%
02/04/2012,392.97,392.97,392.97,392.97,229,89 990,0.00%
30/03/2012,392.97,400.00,400.00,392.97,965,382 608,0.00%
29/03/2012,392.97,392.96,392.97,392.96,1 728,679 044,-11.53%
26/03/2012,444.17,444.17,444.17,444.17,361,160 345,-8.79%
23/03/2012,487.00,487.00,487.00,487.00,9,4 383,-1.08%
22/03/2012,492.30,499.96,499.96,492.30,22,10 915,-2.03%
21/03/2012,502.49,502.54,502.54,502.49,470,236 182,-0.01%
19/03/2012,502.53,500.14,502.53,500.14,58,29 077,-0.01%
16/03/2012,502.56,502.56,502.56,502.56,438,220 121,-12.90%
13/03/2012,576.99,580.12,580.12,576.99,405,234 315,-4.27%
12/03/2012,602.75,602.75,602.75,602.75,52,31 343,4.50%
09/03/2012,576.80,560.00,576.80,560.00,221,125 616,5.83%
08/03/2012,545.00,543.00,545.00,543.00,78,42 432,1.21%
07/03/2012,538.50,523.00,538.68,523.00,64,33 974,3.96%
06/03/2012,518.01,510.05,518.01,510.05,25,12 851,2.98%
05/03/2012,503.00,501.00,503.00,501.00,44,22 088,0.40%
01/03/2012,500.00,494.29,500.00,494.29,7,3 480,4.19%
29/02/2012,479.90,479.90,479.90,479.90,1,480,2.06%
28/02/2012,470.20,470.00,470.20,470.00,17,7 992,0.06%
27/02/2012,469.90,469.90,469.90,469.90,39,18 326,0.00%
24/02/2012,469.88,469.79,469.88,469.79,70,32 888,0.02%
23/02/2012,469.78,469.78,469.78,469.78,14,6 577,0.42%
22/02/2012,467.80,467.80,467.80,467.80,45,21 051,0.00%
21/02/2012,467.79,467.79,467.79,467.79,5,2 339,0.93%
17/02/2012,463.50,463.50,463.50,463.50,2,927,0.54%
16/02/2012,461.00,461.00,461.00,461.00,2,922,2.44%
15/02/2012,450.00,450.00,450.00,450.00,34,15 300,-0.00%
13/02/2012,450.01,450.01,450.01,450.01,10,4 500,-2.17%
10/02/2012,460.00,460.00,460.00,460.00,35,16 100,0.00%
09/02/2012,459.99,459.99,459.99,459.99,5,2 300,0.00%
03/02/2012,459.99,459.99,459.99,459.99,7,3 220,0.00%
02/02/2012,459.99,460.00,460.00,459.99,10,4 600,-0.00%
31/01/2012,460.00,459.99,460.00,459.99,6,2 760,2.22%
27/01/2012,450.00,450.00,450.00,450.00,27,12 150,-2.17%
26/01/2012,459.99,460.00,460.00,459.99,16,7 360,0.00%
25/01/2012,459.99,450.02,459.99,450.02,45,20 475,2.22%
24/01/2012,450.00,440.20,450.00,440.20,21,9 347,2.27%
23/01/2012,440.00,439.99,440.00,439.99,26,11 440,0.00%
20/01/2012,440.00,440.00,440.00,440.00,12,5 280,0.00%
19/01/2012,440.00,440.00,440.00,440.00,47,20 680,1.48%
18/01/2012,433.59,433.59,433.59,433.59,1,434,2.99%
17/01/2012,421.00,421.00,421.00,421.00,1,421,-2.09%
16/01/2012,430.00,430.00,430.00,430.00,74,31 820,0.03%
13/01/2012,429.89,429.89,429.89,429.89,1,430,1.63%
12/01/2012,423.00,420.01,423.00,420.01,41,17 282,0.71%
10/01/2012,420.01,430.00,430.00,420.01,58,24 650,0.00%
09/01/2012,420.01,420.01,420.01,420.01,5,2 100,0.02%
06/01/2012,419.94,419.94,419.94,419.94,2,840,-0.00%
05/01/2012,419.95,414.00,419.95,414.00,48,20 015,1.44%
04/01/2012,414.00,414.00,414.00,414.00,1,414,0.00%
03/01/2012,414.00,414.00,414.00,414.00,8,3 312,0.00%
02/01/2012,414.00,414.00,414.00,414.00,11,4 554,0.00%
30/12/2011,414.00,414.00,414.00,414.00,19,7 866,-1.43%
29/12/2011,420.00,415.00,420.00,415.00,156,65 130,1.20%
28/12/2011,415.00,415.00,415.00,415.00,1,415,0.70%
27/12/2011,412.13,412.13,412.13,412.13,51,21 019,0.00%
22/12/2011,412.12,409.99,412.12,409.99,7,2 877,0.52%
21/12/2011,409.99,400.01,409.99,400.01,13,5 265,2.50%
20/12/2011,400.00,400.00,400.00,400.00,178,71 200,2.54%
19/12/2011,390.11,390.11,390.11,390.11,700,273 077,0.03%
16/12/2011,390.00,390.00,390.00,390.00,12,4 680,-2.50%
14/12/2011,400.00,395.50,400.00,395.50,36,14 319,2.56%
13/12/2011,390.00,390.00,390.00,390.00,8,3 120,3.07%
12/12/2011,378.40,378.40,378.40,378.40,3,1 135,-2.97%
09/12/2011,390.00,390.00,390.00,390.00,47,18 330,2.32%
08/12/2011,381.15,381.13,381.15,381.13,203,77 371,2.73%
06/12/2011,371.01,371.01,371.01,371.01,90,33 391,0.27%
