23/01/2023,3.14,3.14,3.20,3.14,335,1 062,-1.88%
20/01/2023,3.20,3.20,3.35,3.20,2 570,8 417,-4.48%
19/01/2023,3.35,3.35,3.35,3.25,1,3,-1.47%
30/12/2022,3.40,3.40,3.40,3.36,5,17,1.19%
28/12/2022,3.36,3.36,3.36,3.29,1,3,2.13%
23/12/2022,3.29,3.29,3.29,3.15,1,3,4.44%
22/12/2022,3.15,3.15,3.25,3.15,2 350,7 520,-3.08%
21/12/2022,3.25,3.25,3.36,3.25,3 000,9 915,-3.27%
13/12/2022,3.36,3.36,3.36,3.36,10,34,-4.27%
02/12/2022,3.51,3.51,3.51,3.47,251,876,1.15%
29/11/2022,3.47,3.47,3.47,3.34,1,3,8.44%
25/11/2022,3.20,3.20,3.20,3.20,16 264,52 045,0.00%
24/11/2022,3.20,3.20,3.34,3.20,1 655,5 412,0.00%
22/11/2022,3.20,3.20,3.20,3.20,6 479,20 733,0.00%
21/11/2022,3.20,3.20,3.29,3.20,1 001,3 248,-2.74%
17/11/2022,3.15,3.15,3.15,3.15,20 681,65 145,0.00%
15/11/2022,3.15,3.15,3.15,3.15,4 915,15 482,0.00%
11/11/2022,3.15,3.15,3.15,3.15,10 354,32 615,0.00%
10/11/2022,3.15,3.15,3.29,3.15,9 656,31 092,-4.26%
09/11/2022,3.29,3.29,3.29,3.15,500,1 610,4.44%
08/11/2022,3.15,3.15,3.15,3.07,1 758,5 467,-1.87%
04/11/2022,3.21,3.21,3.35,3.21,37,121,-10.58%
31/10/2022,3.59,3.59,3.59,3.44,160,562,3.46%
27/10/2022,3.47,3.47,3.50,3.47,1 016,3 541,-0.86%
26/10/2022,3.50,3.50,3.63,3.50,512,1 825,-3.58%
25/10/2022,3.63,3.63,3.66,3.63,251,915,-0.82%
20/10/2022,3.66,3.66,3.66,3.61,1,4,1.39%
18/10/2022,3.61,3.61,3.61,3.61,15,54,-4.24%
11/10/2022,3.77,3.77,3.79,3.77,2 200,8 316,-0.53%
05/10/2022,3.79,3.79,3.80,3.79,22 371,84 898,-0.26%
03/10/2022,3.80,3.80,3.97,3.80,5,19,-8.43%
12/09/2022,4.15,4.15,4.15,4.06,1,4,2.22%
07/09/2022,4.06,4.06,4.25,4.06,4 747,19 721,-8.56%
01/09/2022,4.44,4.44,4.44,4.38,15,66,5.71%
25/08/2022,4.20,4.20,4.20,4.19,955,4 006,0.24%
23/08/2022,4.19,4.19,4.19,4.10,5,21,2.20%
22/08/2022,4.10,4.10,4.20,4.10,344,1 428,-2.38%
16/08/2022,4.10,4.10,4.10,4.00,761,3 082,2.50%
15/08/2022,4.00,4.00,4.00,4.00,3 800,15 200,0.00%
12/08/2022,4.00,4.00,4.00,4.00,2 100,8 400,0.00%
10/08/2022,4.00,4.00,4.00,4.00,7 925,31 700,0.00%
09/08/2022,4.00,4.00,4.00,4.00,5 000,20 000,0.00%
04/08/2022,4.00,4.00,4.00,3.90,1 000,3 950,2.56%
02/08/2022,3.90,3.90,3.90,3.89,22,86,0.26%
01/08/2022,3.89,3.89,3.89,3.86,500,1 938,5.14%
27/07/2022,3.70,3.70,3.70,3.70,27 842,103 015,0.00%
22/07/2022,3.70,3.70,3.70,3.70,2 496,9 235,0.00%
21/07/2022,3.70,3.70,3.85,3.70,261,985,-8.19%
19/07/2022,4.03,4.03,4.03,3.86,5,20,4.40%
15/07/2022,3.86,3.86,4.02,3.86,565,2 226,-8.10%
07/07/2022,4.20,4.20,4.20,4.02,195,801,-0.24%
22/06/2022,4.21,4.21,4.40,4.21,10 010,43 093,-4.32%
21/06/2022,4.40,4.40,4.50,4.40,101,449,-2.22%
17/06/2022,4.50,4.50,4.50,4.49,110,494,4.65%
15/06/2022,4.30,4.30,4.50,4.30,180,792,-4.44%
14/06/2022,4.50,4.50,4.50,4.37,1,4,2.97%
13/06/2022,4.37,4.37,4.37,4.19,1,4,-0.23%
09/06/2022,4.38,4.38,4.58,4.38,11 837,53 030,-4.37%
08/06/2022,4.58,4.58,4.60,4.58,1 520,6 977,-0.43%
07/06/2022,4.60,4.60,4.60,4.60,57 051,262 435,0.00%
06/06/2022,4.60,4.60,4.60,4.58,9 000,41 310,0.44%
03/06/2022,4.58,4.58,4.58,4.39,910,4 081,4.33%
02/06/2022,4.39,4.39,4.39,4.26,2 800,12 110,3.05%
01/06/2022,4.26,4.26,4.26,4.08,499,2 081,-0.23%
30/05/2022,4.27,4.27,4.27,4.09,200,836,4.40%
27/05/2022,4.09,4.09,4.09,3.92,875,3 504,-4.66%
17/05/2022,4.30,4.30,4.30,4.19,150,637,-6.32%
09/05/2022,4.59,4.59,4.63,4.59,24 341,112 212,-0.86%
28/04/2022,4.63,4.63,4.63,4.62,1,5,0.22%
25/04/2022,4.62,4.62,4.62,4.55,22 010,100 916,1.54%
22/04/2022,4.55,4.55,4.55,4.44,1,4,2.48%
21/04/2022,4.44,4.44,4.44,4.25,5,22,4.47%
19/04/2022,4.25,4.25,4.44,4.25,300,1 304,-4.28%
18/04/2022,4.44,4.44,4.64,4.44,6 520,29 601,-4.31%
07/04/2022,4.64,4.64,4.65,4.64,17 800,82 681,-0.22%
06/04/2022,4.65,4.65,4.65,4.63,1,5,4.73%
04/04/2022,4.44,4.44,4.64,4.44,15,68,-4.31%
01/04/2022,4.64,4.64,4.65,4.64,2 001,9 295,-0.22%
28/03/2022,4.65,4.65,4.65,4.65,3 200,14 880,0.00%
24/03/2022,4.65,4.65,4.65,4.46,1,5,4.26%
23/03/2022,4.46,4.46,4.67,4.46,2 800,12 782,-4.50%
21/03/2022,4.67,4.67,4.68,4.67,2 650,12 389,-0.21%
11/03/2022,4.68,4.68,4.68,4.65,520,2 426,0.65%
09/03/2022,4.65,4.65,4.68,4.65,1 011,4 716,-0.64%
08/03/2022,4.68,4.68,4.68,4.65,2 099,9 792,0.65%
04/03/2022,4.65,4.65,4.65,4.50,500,2 288,3.33%
03/03/2022,4.50,4.50,4.69,4.50,222,1 020,-4.05%
02/03/2022,4.69,4.69,4.70,4.69,14 500,68 078,-0.21%
01/03/2022,4.70,4.70,4.75,4.70,1 300,6 142,-1.05%
28/02/2022,4.75,4.75,4.77,4.75,13 240,63 022,-0.42%
23/02/2022,4.77,4.77,4.77,4.58,5 351,25 016,4.15%
22/02/2022,4.58,4.58,4.79,4.58,728,3 411,-4.38%
21/02/2022,4.79,4.79,4.79,4.74,20 100,95 777,1.05%
17/02/2022,4.63,4.63,4.63,4.63,3 500,16 205,0.00%
16/02/2022,4.63,4.63,4.65,4.63,1 420,6 589,-0.43%
15/02/2022,4.65,4.65,4.65,4.46,1 400,6 377,4.26%
14/02/2022,4.46,4.46,4.67,4.46,500,2 282,-4.50%
11/02/2022,4.67,4.67,4.67,4.67,1,5,0.00%
10/02/2022,4.67,4.67,4.67,4.66,741,3 457,0.21%
09/02/2022,4.66,4.66,4.66,4.50,110,504,3.56%
08/02/2022,4.50,4.50,4.50,4.38,2 000,8 880,2.74%
07/02/2022,4.38,4.38,4.38,4.20,1,4,4.29%
04/02/2022,4.20,4.20,4.39,4.20,1 617,6 945,-4.33%
03/02/2022,4.39,4.39,4.39,4.25,2 500,10 800,3.29%
02/02/2022,4.25,4.25,4.45,4.25,361,1 570,-4.49%
31/01/2022,4.45,4.45,4.65,4.45,1,5,-4.30%
28/01/2022,4.65,4.65,4.65,4.48,1,5,3.79%
27/01/2022,4.48,4.48,4.69,4.48,150,688,-4.48%
26/01/2022,4.69,4.69,4.69,4.69,850,3 987,0.00%
25/01/2022,4.69,4.69,4.69,4.56,1,5,0.00%
18/01/2022,4.69,4.69,4.69,4.56,230,1 064,2.85%
17/01/2022,4.56,4.56,4.70,4.56,4 409,20 414,-2.98%
13/01/2022,4.70,4.70,4.70,4.56,201,931,-1.47%
10/01/2022,4.77,4.77,4.77,4.77,1 800,8 586,0.00%
05/01/2022,4.77,4.77,4.77,4.77,6 825,32 555,0.00%
04/01/2022,4.77,4.77,4.77,4.76,2 400,11 436,0.21%
31/12/2021,4.76,4.76,4.76,4.76,2 301,10 953,0.00%
30/12/2021,4.76,4.76,4.76,4.56,7 392,34 447,-0.21%
24/12/2021,4.77,4.77,4.77,4.77,1 051,5 013,0.00%
23/12/2021,4.77,4.77,4.77,4.77,1 300,6 201,0.00%
16/12/2021,4.77,4.77,4.77,4.57,1 001,4 675,-0.21%
14/12/2021,4.78,4.78,4.78,4.70,1 640,7 774,1.70%
13/12/2021,4.70,4.70,4.77,4.70,2 000,9 470,-1.47%
10/12/2021,4.77,4.77,4.77,4.57,60,280,-0.21%
07/12/2021,4.78,4.78,4.78,4.78,1 520,7 266,0.00%
06/12/2021,4.78,4.78,4.78,4.78,1 500,7 170,0.00%
03/12/2021,4.78,4.78,4.78,4.78,3 400,16 252,0.00%
02/12/2021,4.78,4.78,4.78,4.78,1 000,4 780,0.00%
01/12/2021,4.78,4.78,4.78,4.78,91,435,0.00%
30/11/2021,4.78,4.78,4.78,4.58,101,473,-0.21%
26/11/2021,4.79,4.79,4.79,4.78,1 000,4 785,0.21%
25/11/2021,4.78,4.78,4.79,4.78,1 000,4 785,-0.21%
24/11/2021,4.79,4.79,4.79,4.79,980,4 694,0.00%
23/11/2021,4.79,4.79,4.79,4.79,800,3 832,0.00%
22/11/2021,4.79,4.79,4.79,4.79,850,4 072,0.00%
18/11/2021,4.79,4.79,4.79,4.60,351,1 648,4.13%
17/11/2021,4.60,4.60,4.80,4.60,210,987,-4.17%
15/11/2021,4.80,4.80,4.80,4.60,1,5,4.35%
12/11/2021,4.60,4.60,4.80,4.60,2 000,9 400,-4.17%
10/11/2021,4.80,4.80,4.80,4.80,1 030,4 944,0.00%
05/11/2021,4.80,4.80,4.80,4.80,250,1 200,0.00%
04/11/2021,4.80,4.80,4.80,4.80,1 200,5 760,0.00%
02/11/2021,4.80,4.80,4.80,4.78,330,1 581,0.42%
01/11/2021,4.78,4.78,4.78,4.58,445,2 083,-0.21%
28/10/2021,4.79,4.79,4.82,4.79,2 300,11 052,-0.62%
27/10/2021,4.82,4.82,4.82,4.80,1,5,0.42%
26/10/2021,4.80,4.80,4.82,4.80,20,96,-0.41%
25/10/2021,4.82,4.82,4.82,4.78,1 500,7 200,0.84%
22/10/2021,4.78,4.78,4.78,4.78,2 050,9 799,0.00%
21/10/2021,4.78,4.78,4.78,4.75,2 250,10 721,0.63%
14/10/2021,4.75,4.75,4.75,4.70,4 475,21 144,1.06%
11/10/2021,4.70,4.70,4.71,4.70,500,2 353,-0.21%
08/10/2021,4.71,4.71,4.74,4.71,1 000,4 725,-0.63%
07/10/2021,4.74,4.74,4.74,4.70,1 900,8 968,0.85%
04/10/2021,4.70,4.70,4.73,4.70,1,5,-0.63%
01/10/2021,4.73,4.73,4.75,4.73,50,237,-0.42%
30/09/2021,4.75,4.75,4.75,4.75,360,1 710,0.00%
28/09/2021,4.75,4.75,4.75,4.75,400,1 900,0.00%
27/09/2021,4.75,4.75,4.75,4.75,5 870,27 883,0.00%
24/09/2021,4.75,4.75,4.75,4.75,330,1 568,-0.42%
23/09/2021,4.77,4.77,4.77,4.77,6 000,28 620,-0.42%
22/09/2021,4.79,4.79,4.79,4.79,250,1 198,-0.21%
20/09/2021,4.80,4.80,4.80,4.80,3 325,15 960,4.35%
17/09/2021,4.60,4.60,4.60,4.60,9,41,-3.97%
06/09/2021,4.79,4.79,4.79,4.79,1 505,7 209,0.00%
02/09/2021,4.79,4.79,4.79,4.79,5 300,25 387,-0.42%
31/08/2021,4.81,4.81,4.81,4.61,1,5,1.26%
17/08/2021,4.75,4.75,4.75,4.75,3,14,0.00%
12/08/2021,4.75,4.75,4.75,4.75,9,43,-1.04%
05/08/2021,4.80,4.80,4.80,4.80,4,19,0.00%
04/08/2021,4.80,4.80,4.80,4.80,5,24,0.00%
03/08/2021,4.80,4.80,4.80,4.80,9,43,-0.83%
29/07/2021,4.84,4.84,4.84,4.84,1,5,0.41%
28/07/2021,4.82,4.82,4.82,4.82,3 299,15 901,0.00%
27/07/2021,4.82,4.82,4.82,4.82,2 000,9 640,0.63%
26/07/2021,4.79,4.79,4.79,4.79,175,838,-0.21%
23/07/2021,4.80,4.80,4.80,4.80,3 634,17 443,0.00%
22/07/2021,4.80,4.80,4.80,4.80,1 200,5 760,0.00%
19/07/2021,4.80,4.80,4.80,4.80,1 000,4 800,1.69%
16/07/2021,4.72,4.72,4.72,4.72,200,944,-1.67%
15/07/2021,4.80,4.80,4.80,4.80,250,1 200,-0.41%
12/07/2021,4.82,4.82,4.82,4.82,500,2 410,-0.62%
07/07/2021,4.85,4.85,4.85,4.85,200,970,2.54%
06/07/2021,4.73,4.73,4.73,4.73,590,2 791,2.83%
05/07/2021,4.60,4.60,4.60,4.60,750,3 450,-2.13%
30/06/2021,4.70,4.63,4.70,4.62,2 330,10 858,0.00%
29/06/2021,4.70,4.70,4.70,4.70,30,141,-1.47%
28/06/2021,4.77,4.77,4.77,4.77,741,3 535,0.00%
25/06/2021,4.77,4.77,4.77,4.77,3 000,14 310,-0.21%
24/06/2021,4.78,4.79,4.79,4.64,5 027,23 702,0.00%
22/06/2021,4.78,4.64,4.78,4.64,15,71,0.00%
17/06/2021,4.78,4.65,4.78,4.65,1 156,5 451,-0.21%
11/06/2021,4.79,4.66,4.79,4.62,1 901,8 944,2.79%
08/06/2021,4.66,4.80,4.80,4.66,1 113,5 264,-2.92%
07/06/2021,4.80,4.80,4.80,4.69,2 392,11 350,0.00%
04/06/2021,4.80,4.80,4.80,4.80,145,696,1.69%
03/06/2021,4.72,4.72,4.85,4.72,290,1 388,-2.88%
01/06/2021,4.86,4.85,4.86,4.85,1 530,7 428,0.00%
31/05/2021,4.86,4.86,4.86,4.65,241,1 146,1.46%
28/05/2021,4.79,4.79,4.79,4.79,1,5,0.21%
26/05/2021,4.78,4.78,4.78,4.78,2 700,12 906,-0.42%
25/05/2021,4.80,4.80,4.80,4.80,2 300,11 040,-1.03%
19/05/2021,4.84,4.78,4.84,4.78,96,462,1.26%
18/05/2021,4.78,4.78,4.78,4.65,11 742,55 364,-0.21%
17/05/2021,4.79,4.79,4.79,4.79,3 755,17 986,-0.21%
11/05/2021,4.80,4.86,4.86,4.80,6 759,32 646,-2.83%
10/05/2021,4.94,4.98,4.98,4.83,2 154,10 565,-0.60%
07/05/2021,4.97,4.83,4.97,4.83,650,3 185,-0.20%
06/05/2021,4.98,4.98,4.98,4.98,1 500,7 470,-0.40%
04/05/2021,5.00,4.90,5.00,4.86,1 277,6 296,0.00%
03/05/2021,5.00,5.00,5.00,5.00,25,125,-2.91%
29/04/2021,5.15,5.15,5.15,5.02,400,2 034,0.00%
27/04/2021,5.15,5.19,5.19,5.15,203,1 050,-0.96%
26/04/2021,5.20,5.22,5.22,5.16,2 202,11 428,0.39%
23/04/2021,5.18,5.27,5.27,5.17,5 610,29 284,0.19%
22/04/2021,5.17,5.27,5.27,5.12,1 444,7 502,-1.34%
21/04/2021,5.24,4.95,5.24,4.95,34 825,177 433,5.86%
20/04/2021,4.95,4.95,4.95,4.95,3,15,1.23%
15/04/2021,4.89,4.76,4.89,4.76,7 911,38 171,-0.20%
14/04/2021,4.90,4.90,4.90,4.90,1,5,0.00%
13/04/2021,4.90,4.79,4.90,4.79,600,2 907,-0.61%
07/04/2021,4.93,4.94,4.94,4.76,2 204,10 689,0.61%
06/04/2021,4.90,4.81,4.90,4.81,51,248,-1.01%
05/04/2021,4.95,4.90,4.95,4.85,13 804,67 640,1.02%
02/04/2021,4.90,4.76,4.90,4.76,1 536,7 419,0.00%
01/04/2021,4.90,4.90,4.90,4.89,390,1 909,0.00%
31/03/2021,4.90,4.89,4.94,4.89,1 661,8 164,0.00%
30/03/2021,4.90,4.80,4.95,4.80,1 657,8 078,0.00%
29/03/2021,4.90,4.90,4.94,4.89,3 467,17 040,0.00%
26/03/2021,4.90,4.90,4.98,4.80,7 447,36 416,1.03%
25/03/2021,4.85,4.60,4.87,4.60,18 611,88 123,5.43%
24/03/2021,4.60,4.60,4.60,4.60,25,115,0.00%
22/03/2021,4.60,4.60,4.60,4.40,605,2 723,-0.65%
19/03/2021,4.63,4.64,4.64,4.63,245,1 136,0.65%
18/03/2021,4.60,4.60,4.60,4.60,20,92,4.07%
17/03/2021,4.42,4.42,4.42,4.42,280,1 238,-4.95%
16/03/2021,4.65,4.51,4.65,4.51,3 425,15 687,0.22%
15/03/2021,4.64,4.67,4.67,4.64,2 001,9 315,-1.07%
12/03/2021,4.69,4.40,4.70,4.40,6 061,27 578,4.45%
11/03/2021,4.49,4.50,4.69,4.49,3 674,16 864,-4.47%
09/03/2021,4.70,4.67,4.70,4.67,11 080,51 910,0.00%
08/03/2021,4.70,4.60,4.70,4.60,2 520,11 718,0.21%
05/03/2021,4.69,4.60,4.70,4.58,4 559,21 154,0.21%
03/03/2021,4.68,4.68,4.68,4.68,20,94,-0.43%
02/03/2021,4.70,4.55,4.80,4.55,10 029,46 886,-1.26%
01/03/2021,4.76,4.65,4.76,4.64,1 601,7 525,-0.21%
26/02/2021,4.77,4.57,4.77,4.57,3 330,15 551,-0.21%
25/02/2021,4.78,4.77,4.78,4.77,2 117,10 109,0.00%
24/02/2021,4.78,4.66,4.78,4.66,515,2 431,-0.42%
23/02/2021,4.80,4.80,4.80,4.80,1,5,0.42%
22/02/2021,4.78,4.78,4.78,4.78,27,129,2.80%
18/02/2021,4.79,4.72,4.81,4.61,27,127,1.48%
17/02/2021,4.72,4.60,4.73,4.60,2 319,10 818,-2.48%
16/02/2021,4.84,4.84,4.84,4.84,2 800,13 552,-0.82%
15/02/2021,4.88,4.92,4.92,4.63,2 509,11 980,0.21%
11/02/2021,4.87,4.85,4.87,4.80,2 477,11 976,-1.02%
10/02/2021,4.92,4.98,4.98,4.84,1 304,6 403,0.00%
09/02/2021,4.92,4.97,4.97,4.80,5 135,25 084,-0.40%
08/02/2021,4.94,5.00,5.00,4.94,641,3 186,0.00%
04/02/2021,4.94,4.95,4.95,4.93,255,1 260,0.82%
03/02/2021,4.90,4.99,4.99,4.90,1 316,6 508,-0.81%
02/02/2021,4.94,5.00,5.00,4.86,357,1 760,-1.00%
01/02/2021,4.99,4.91,4.99,4.86,2 328,11 465,-0.20%
29/01/2021,5.00,5.02,5.17,5.00,659,3 351,-0.40%
28/01/2021,5.02,5.17,5.17,5.02,611,3 113,0.00%
27/01/2021,5.02,5.20,5.20,5.02,6 380,32 602,-4.38%
25/01/2021,5.25,5.10,5.26,5.10,44,228,-1.69%
22/01/2021,5.34,5.34,5.34,5.34,1,5,2.69%
21/01/2021,5.20,5.17,5.30,5.15,20 944,109 432,0.58%
19/01/2021,5.17,4.94,5.20,4.94,4 783,24 250,1.77%
18/01/2021,5.08,5.08,5.08,5.08,2 000,10 160,-0.78%
15/01/2021,5.12,5.12,5.12,5.12,2,10,1.99%
13/01/2021,5.02,5.10,5.10,4.94,63,316,-1.38%
12/01/2021,5.09,5.05,5.17,4.91,18 237,91 914,3.67%
11/01/2021,4.91,4.57,4.91,4.57,6 920,32 801,6.05%
08/01/2021,4.63,4.63,4.63,4.63,14,65,2.89%
07/01/2021,4.50,4.60,4.60,4.47,12 942,58 692,-9.09%
04/01/2021,4.95,4.83,4.95,4.83,15,73,-0.40%
31/12/2020,4.97,4.84,4.97,4.79,3 494,17 051,1.84%
30/12/2020,4.88,4.74,4.88,4.70,1 610,7 712,4.95%
29/12/2020,4.65,4.65,4.79,4.59,1 458,6 838,-2.92%
28/12/2020,4.79,4.80,4.80,4.66,4 321,20 438,0.21%
25/12/2020,4.78,4.82,4.82,4.60,3 456,16 278,-0.42%
24/12/2020,4.80,4.83,4.83,4.80,7,34,0.00%
23/12/2020,4.80,4.65,4.80,4.63,9 038,42 614,0.63%
22/12/2020,4.77,4.66,4.79,4.66,5 382,25 430,-0.63%
21/12/2020,4.80,4.80,4.80,4.66,5 242,24 795,-0.83%
18/12/2020,4.84,4.92,4.92,4.84,8 620,42 066,-2.81%
17/12/2020,4.98,4.84,4.98,4.84,2 098,10 301,0.00%
16/12/2020,4.98,4.75,4.98,4.71,5 185,25 121,2.68%
15/12/2020,4.85,4.61,4.98,4.61,470,2 254,0.62%
14/12/2020,4.82,4.96,4.96,4.82,7,34,0.00%
11/12/2020,4.82,4.82,5.00,4.82,4 863,23 877,-4.37%
10/12/2020,5.04,5.04,5.04,5.04,501,2 525,-2.89%
09/12/2020,5.19,5.22,5.22,5.19,3 509,18 264,3.80%
08/12/2020,5.00,4.94,5.00,4.94,3 917,19 467,-1.77%
07/12/2020,5.09,5.15,5.15,5.00,3 915,19 869,1.80%
04/12/2020,5.00,4.94,5.20,4.94,15 378,77 966,-1.77%
03/12/2020,5.09,5.00,5.09,4.85,12 118,60 226,-0.20%
02/12/2020,5.10,5.12,5.12,4.97,4 823,24 332,2.00%
01/12/2020,5.00,5.00,5.14,5.00,5 033,25 517,-2.91%
30/11/2020,5.15,5.18,5.18,5.03,1 548,7 903,0.98%
27/11/2020,5.10,5.18,5.18,5.03,797,4 069,0.00%
26/11/2020,5.10,5.18,5.18,5.03,5 539,28 277,-0.78%
25/11/2020,5.14,5.18,5.18,5.14,601,3 101,0.39%
24/11/2020,5.12,5.12,5.12,4.97,2 850,14 378,0.39%
23/11/2020,5.10,5.20,5.20,5.05,43 754,224 239,-1.92%
19/11/2020,5.22,5.38,5.38,5.22,5 602,29 691,-0.19%
18/11/2020,5.23,5.47,5.47,5.23,6 456,34 540,-2.43%
17/11/2020,5.36,5.52,5.52,5.36,284,1 545,-0.74%
16/11/2020,5.40,5.53,5.53,5.37,1 317,7 178,-1.10%
13/11/2020,5.46,5.40,5.50,5.24,28 565,153 394,2.06%
12/11/2020,5.35,5.40,5.40,5.30,11 314,60 530,0.94%
11/11/2020,5.30,5.45,5.45,5.29,12 697,68 183,-1.85%
10/11/2020,5.40,5.46,5.48,5.35,8 412,45 551,-1.46%
09/11/2020,5.48,5.49,5.50,5.33,24 384,132 039,1.48%
06/11/2020,5.40,5.37,5.60,5.30,88 303,481 251,0.56%
05/11/2020,5.37,5.14,5.37,5.09,55 221,288 806,4.47%
04/11/2020,5.14,5.22,5.22,5.07,4 812,24 758,0.39%
03/11/2020,5.12,5.09,5.22,4.94,35 999,182 875,2.20%
02/11/2020,5.01,5.06,5.06,4.84,7 733,38 278,1.83%
30/10/2020,4.92,5.07,5.07,4.92,13 067,65 270,-2.38%
28/10/2020,5.04,5.10,5.10,4.99,52,262,-1.95%
27/10/2020,5.14,5.16,5.16,5.14,137,706,-0.19%
26/10/2020,5.15,5.19,5.19,5.04,2 504,12 808,1.58%
23/10/2020,5.07,5.16,5.20,5.05,3 807,19 511,-1.74%
22/10/2020,5.16,5.20,5.20,5.05,13 329,68 311,-1.71%
21/10/2020,5.25,5.26,5.26,5.21,1 156,6 052,0.57%
20/10/2020,5.22,5.32,5.47,5.21,44 322,236 679,0.38%
19/10/2020,5.20,5.20,5.20,5.20,2 920,15 184,-0.57%
16/10/2020,5.23,5.39,5.39,5.23,508,2 697,-0.38%
14/10/2020,5.25,5.20,5.29,5.20,1 617,8 481,-0.76%
13/10/2020,5.29,5.30,5.35,5.29,11,59,-0.19%
12/10/2020,5.30,5.23,5.34,5.23,4 919,25 997,-1.67%
09/10/2020,5.39,5.41,5.41,5.25,106,565,-0.19%
08/10/2020,5.40,5.45,5.45,5.30,8 304,44 634,0.00%
07/10/2020,5.40,5.41,5.50,5.39,17 079,92 995,0.00%
06/10/2020,5.40,5.21,5.43,5.08,46 415,243 911,4.45%
05/10/2020,5.17,5.09,5.20,5.09,6 271,32 264,1.37%
02/10/2020,5.10,5.19,5.20,4.89,16 954,85 533,-1.92%
01/10/2020,5.20,5.25,5.37,5.20,273,1 443,-3.17%
30/09/2020,5.37,5.19,5.38,5.15,7 686,40 467,1.32%
29/09/2020,5.30,5.20,5.30,5.19,420,2 203,-0.75%
28/09/2020,5.34,5.40,5.40,5.24,1 207,6 421,0.00%
25/09/2020,5.34,5.35,5.35,5.22,1 827,9 656,0.00%
24/09/2020,5.34,5.25,5.40,5.10,10 292,54 033,4.71%
23/09/2020,5.10,5.19,5.22,5.09,8 754,45 127,-2.30%
22/09/2020,5.22,5.17,5.22,5.17,153,795,-0.19%
21/09/2020,5.23,5.39,5.39,5.23,1 269,6 738,-0.95%
18/09/2020,5.28,5.28,5.28,5.20,126,660,0.76%
17/09/2020,5.24,5.40,5.40,5.24,678,3 607,-2.96%
16/09/2020,5.40,5.40,5.40,5.39,120,647,1.89%
15/09/2020,5.30,5.37,5.40,5.21,3 187,16 907,1.53%
14/09/2020,5.22,5.09,5.22,4.92,8 267,41 914,4.40%
11/09/2020,5.00,5.16,5.16,5.00,463,2 352,-1.77%
10/09/2020,5.09,5.15,5.15,5.00,820,4 162,-0.59%
09/09/2020,5.12,5.16,5.16,5.04,1 811,9 236,1.39%
08/09/2020,5.05,5.17,5.17,5.02,4 102,20 900,-2.13%
07/09/2020,5.16,5.13,5.20,4.98,11 141,56 708,0.78%
04/09/2020,5.12,5.13,5.13,4.98,1 294,6 541,1.19%
03/09/2020,5.06,5.20,5.20,5.05,4 171,21 376,-0.39%
02/09/2020,5.08,5.13,5.20,5.00,5 683,28 983,0.00%
01/09/2020,5.08,5.08,5.08,5.00,707,3 563,2.01%
31/08/2020,4.98,5.15,5.15,4.98,19 301,97 760,-3.68%
28/08/2020,5.17,5.41,5.41,5.17,7 611,40 262,-2.45%
27/08/2020,5.30,5.53,5.53,5.15,11 217,59 899,0.00%
26/08/2020,5.30,5.22,5.30,5.20,24 453,128 378,6.64%
25/08/2020,4.97,4.83,4.97,4.80,46 871,228 965,5.30%
24/08/2020,4.72,4.80,4.80,4.72,4 420,21 039,0.43%
19/08/2020,4.83,4.95,4.95,4.81,60,293,-2.23%
18/08/2020,4.94,4.96,4.96,4.84,5 518,27 038,2.07%
17/08/2020,4.84,4.96,4.96,4.84,1 765,8 649,-2.22%
14/08/2020,4.95,4.87,4.95,4.73,5 171,25 028,1.64%
12/08/2020,4.87,4.88,4.88,4.67,17 322,82 713,-0.41%
11/08/2020,4.89,4.95,4.95,4.81,9 724,47 453,0.00%
10/08/2020,4.89,4.98,5.00,4.89,10 842,53 614,-1.81%
07/08/2020,4.98,4.87,5.01,4.87,461,2 277,-0.80%
06/08/2020,5.02,4.92,5.04,4.85,6 987,34 551,-0.99%
05/08/2020,5.07,5.07,5.07,4.92,18 229,91 054,0.00%
04/08/2020,5.07,5.09,5.12,4.96,8 696,43 828,1.60%
03/08/2020,4.99,5.12,5.12,4.98,204,1 030,-0.80%
30/07/2020,5.03,5.09,5.17,5.03,5 153,26 280,-0.59%
29/07/2020,5.06,5.18,5.18,5.05,947,4 844,-2.50%
28/07/2020,5.19,5.10,5.19,5.10,6 833,35 156,1.76%
27/07/2020,5.10,5.09,5.20,5.09,15 365,79 053,0.20%
24/07/2020,5.09,4.99,5.12,4.99,15 761,79 672,2.00%
23/07/2020,4.99,4.98,5.10,4.86,9 030,44 969,3.10%
22/07/2020,4.84,4.82,5.03,4.82,51 963,255 918,1.89%
21/07/2020,4.75,4.85,4.85,4.71,3 001,14 345,0.00%
20/07/2020,4.75,4.89,4.89,4.75,3 016,14 537,-1.04%
17/07/2020,4.80,4.79,4.80,4.73,3 096,14 752,0.00%
16/07/2020,4.80,4.80,4.93,4.71,2 935,14 147,-1.03%
15/07/2020,4.85,4.95,4.95,4.85,1 484,7 272,-2.81%
14/07/2020,4.99,4.93,5.05,4.79,12 544,61 716,1.01%
13/07/2020,4.94,4.95,5.13,4.94,1 519,7 648,-2.95%
10/07/2020,5.09,5.15,5.15,5.00,16 410,83 281,-0.59%
09/07/2020,5.12,4.99,5.21,4.99,20 031,102 158,2.61%
08/07/2020,4.99,4.85,5.00,4.85,22 258,109 621,2.89%
07/07/2020,4.85,4.86,4.86,4.72,10 971,52 551,1.46%
06/07/2020,4.78,4.82,4.82,4.68,16 357,77 696,-2.25%
03/07/2020,4.89,4.95,4.95,4.81,12 414,60 580,1.66%
02/07/2020,4.81,4.60,4.82,4.47,13 456,62 503,2.34%
01/07/2020,4.70,4.60,4.79,4.56,5 483,25 633,3.07%
30/06/2020,4.56,4.40,4.56,4.28,19 869,87 821,6.05%
29/06/2020,4.30,4.13,4.30,4.07,6 144,25 713,1.18%
26/06/2020,4.25,4.15,4.26,4.00,23 921,98 794,5.72%
25/06/2020,4.02,3.83,4.02,3.68,21 205,81 639,6.07%
24/06/2020,3.79,3.74,3.79,3.59,26 981,99 560,5.87%
23/06/2020,3.58,3.47,3.58,3.37,14 092,48 970,5.92%
22/06/2020,3.38,3.45,3.46,3.36,3 897,13 289,-2.31%
19/06/2020,3.46,3.27,3.47,3.27,573,1 931,2.67%
18/06/2020,3.37,3.37,3.37,3.28,10 066,33 469,-0.30%
17/06/2020,3.38,3.59,3.59,3.38,2 049,7 141,-5.32%
15/06/2020,3.57,3.60,3.60,3.57,201,721,0.00%
12/06/2020,3.57,3.57,3.57,3.57,1,4,1.13%
11/06/2020,3.53,3.63,3.63,3.53,67,240,0.00%
10/06/2020,3.53,3.57,3.57,3.47,5 801,20 420,-1.12%
09/06/2020,3.57,3.48,3.57,3.28,22 300,76 378,-0.28%
05/06/2020,3.58,3.65,3.65,3.58,3,11,0.00%
04/06/2020,3.58,3.58,3.58,3.58,50,179,0.00%
03/06/2020,3.58,3.60,3.60,3.50,2 061,7 317,2.29%
02/06/2020,3.50,3.37,3.50,3.37,14 261,48 987,0.86%
01/06/2020,3.47,3.47,3.47,3.47,2 100,7 287,-2.80%
29/05/2020,3.57,3.57,3.65,3.57,2 313,8 350,-2.99%
28/05/2020,3.68,3.68,3.68,3.68,1,4,-2.90%
27/05/2020,3.79,3.82,3.82,3.69,1 082,4 063,-0.26%
26/05/2020,3.80,3.71,3.82,3.71,626,2 357,-0.52%
21/05/2020,3.75,3.77,3.77,3.75,31,117,0.54%
20/05/2020,3.73,3.78,3.78,3.57,1 864,6 850,1.36%
19/05/2020,3.68,3.90,3.90,3.68,3 494,13 242,-0.81%
15/05/2020,3.71,3.69,3.71,3.60,10 505,38 396,2.77%
14/05/2020,3.61,3.61,3.61,3.51,14 558,51 826,5.87%
12/05/2020,3.41,3.40,3.41,3.40,31,106,2.71%
11/05/2020,3.32,3.28,3.32,3.28,11 047,36 455,2.79%
08/05/2020,3.23,3.20,3.23,3.20,2 438,7 838,2.87%
07/05/2020,3.14,3.00,3.14,3.00,2 584,7 933,2.95%
06/05/2020,3.05,3.02,3.05,2.89,11 201,33 267,2.69%
05/05/2020,2.97,2.86,2.97,2.85,2 401,6 987,0.68%
30/04/2020,2.95,2.95,3.12,2.95,503,1 527,-2.96%
29/04/2020,3.04,2.92,3.10,2.92,1 232,3 708,1.00%
28/04/2020,3.01,3.01,3.15,3.01,2 101,6 471,-5.64%
27/04/2020,3.19,3.27,3.27,3.10,1 374,4 376,-2.74%
23/04/2020,3.28,3.28,3.38,3.28,4 053,13 496,-2.96%
21/04/2020,3.38,3.37,3.44,3.28,333,1 119,0.00%
20/04/2020,3.38,3.33,3.38,3.20,3 897,12 821,0.90%
17/04/2020,3.35,3.48,3.48,3.30,886,3 004,-1.18%
16/04/2020,3.39,3.43,3.43,3.30,503,1 693,1.50%
15/04/2020,3.34,3.34,3.34,3.24,47,155,0.00%
14/04/2020,3.34,3.34,3.48,3.34,7 750,26 428,-2.91%
13/04/2020,3.44,3.53,3.53,3.34,327,1 123,-1.43%
08/04/2020,3.49,3.60,3.60,3.44,3 020,10 630,-1.41%
07/04/2020,3.54,3.50,3.58,3.41,297,1 038,1.14%
06/04/2020,3.50,3.55,3.55,3.38,4 122,14 283,0.57%
03/04/2020,3.48,3.32,3.50,3.31,2 413,8 216,2.05%
02/04/2020,3.41,3.61,3.61,3.41,2 817,9 888,-2.85%
01/04/2020,3.51,3.51,3.51,3.31,17 023,58 048,2.93%
31/03/2020,3.41,3.40,3.41,3.40,2 360,8 036,2.71%
30/03/2020,3.32,3.14,3.32,3.14,11 898,38 431,2.79%
27/03/2020,3.23,3.32,3.32,3.23,8,26,-2.71%
26/03/2020,3.32,3.32,3.32,3.32,554,1 839,-2.92%
25/03/2020,3.42,3.52,3.52,3.42,2 646,9 182,-2.84%
24/03/2020,3.52,3.52,3.52,3.52,778,2 739,-2.76%
23/03/2020,3.62,3.78,3.78,3.62,1 451,5 369,-2.95%
19/03/2020,3.73,3.56,3.75,3.56,38 682,141 383,1.63%
18/03/2020,3.67,3.67,3.67,3.67,252,925,-8.25%
16/03/2020,4.00,4.00,4.00,4.00,1,4,-1.72%
13/03/2020,4.07,4.23,4.23,4.07,683,2 834,-4.46%
12/03/2020,4.26,4.39,4.39,4.26,8 169,35 331,-0.47%
11/03/2020,4.28,4.15,4.28,4.03,32 021,133 047,5.94%
10/03/2020,4.04,4.02,4.15,4.02,14 266,58 277,-3.81%
09/03/2020,4.20,4.44,4.44,4.20,4 201,18 148,-2.78%
06/03/2020,4.32,4.49,4.49,4.32,27 724,122 124,-2.92%
05/03/2020,4.45,4.70,4.70,4.37,8 067,36 584,-2.41%
04/03/2020,4.56,4.70,4.70,4.56,4 905,22 710,-2.98%
03/03/2020,4.70,4.78,4.78,4.70,15 366,72 835,-1.88%
02/03/2020,4.79,4.74,4.80,4.74,7 206,34 373,0.21%
28/02/2020,4.78,4.80,4.80,4.74,1 618,7 718,-0.21%
27/02/2020,4.79,4.74,4.80,4.62,869,4 093,1.05%
26/02/2020,4.74,4.88,4.94,4.70,3 528,17 005,0.00%
25/02/2020,4.74,4.83,4.83,4.69,2 511,11 952,-1.25%
24/02/2020,4.80,4.86,4.86,4.72,6 695,32 069,0.00%
20/02/2020,4.80,4.89,4.89,4.75,8 867,42 739,-1.03%
19/02/2020,4.85,4.85,4.85,4.71,28 752,137 435,-0.21%
18/02/2020,4.86,4.87,4.90,4.78,10 630,51 449,-0.41%
17/02/2020,4.88,4.97,4.97,4.84,3 074,15 078,0.83%
14/02/2020,4.84,4.89,5.03,4.75,41 335,202 128,-1.02%
13/02/2020,4.89,5.07,5.12,4.87,19 351,96 658,-3.55%
12/02/2020,5.07,5.09,5.19,4.80,44 165,220 604,-0.39%
11/02/2020,5.09,5.10,5.24,4.88,78 824,398 849,0.00%
10/02/2020,5.09,4.95,5.09,4.79,101 404,500 936,6.04%
07/02/2020,4.80,4.66,4.80,4.66,40 717,192 591,5.96%
06/02/2020,4.53,4.39,4.53,4.27,78 962,347 433,6.09%
05/02/2020,4.27,4.13,4.27,4.03,65 080,270 082,5.96%
04/02/2020,4.03,3.80,4.04,3.76,102 367,399 231,5.50%
03/02/2020,3.82,3.77,3.83,3.66,2 895,10 842,1.33%
31/01/2020,3.77,3.87,3.87,3.76,462,1 763,-2.58%
30/01/2020,3.87,3.85,3.89,3.72,115,438,1.04%
29/01/2020,3.83,3.84,3.84,3.83,75,288,-0.52%
28/01/2020,3.85,3.85,3.85,3.85,608,2 341,-1.28%
27/01/2020,3.90,3.89,3.90,3.88,1 021,3 972,-0.51%
23/01/2020,3.92,3.92,3.92,3.92,5,20,0.77%
22/01/2020,3.89,3.92,3.92,3.81,7 204,27 843,-0.26%
21/01/2020,3.90,3.78,3.90,3.78,6 254,24 015,0.26%
20/01/2020,3.89,3.89,3.89,3.89,200,778,0.00%
17/01/2020,3.89,3.96,3.96,3.76,4 281,16 525,0.52%
16/01/2020,3.87,3.98,3.98,3.87,14 529,57 026,-0.77%
15/01/2020,3.90,3.98,3.98,3.79,14 004,54 406,0.00%
13/01/2020,3.90,3.98,3.98,3.87,6 554,25 724,-0.76%
10/01/2020,3.93,3.93,3.93,3.93,1,4,0.77%
09/01/2020,3.90,3.88,3.93,3.80,2 761,10 671,3.45%
08/01/2020,3.77,3.80,3.95,3.77,24 897,96 102,-1.82%
07/01/2020,3.84,3.85,3.85,3.69,3 335,12 573,1.05%
06/01/2020,3.80,3.85,3.86,3.80,3 786,14 500,-1.55%
03/01/2020,3.86,3.89,3.89,3.76,3 808,14 566,-0.26%
02/01/2020,3.87,3.71,3.87,3.71,2 874,10 892,4.31%
31/12/2019,3.71,3.82,3.82,3.71,2 049,7 714,-1.59%
30/12/2019,3.77,3.73,3.82,3.62,7 818,29 083,1.07%
27/12/2019,3.73,3.83,3.88,3.73,1 310,4 985,-2.61%
26/12/2019,3.83,3.90,3.90,3.79,3 132,12 043,-0.52%
25/12/2019,3.85,3.80,3.89,3.74,7 098,27 079,1.32%
24/12/2019,3.80,3.88,3.88,3.77,11 166,42 710,-1.04%
23/12/2019,3.84,3.63,3.84,3.63,4 066,15 187,2.67%
20/12/2019,3.74,3.72,3.88,3.72,12 354,46 945,-1.06%
19/12/2019,3.78,3.67,3.78,3.59,31 833,117 305,5.88%
18/12/2019,3.57,3.59,3.69,3.50,17 311,62 233,-0.83%
17/12/2019,3.60,3.71,3.91,3.60,13 311,49 983,-6.98%
16/12/2019,3.87,3.93,3.98,3.82,11 308,44 101,-1.53%
13/12/2019,3.93,3.85,3.96,3.76,16 821,64 929,5.08%
12/12/2019,3.74,3.85,3.96,3.74,53 700,206 745,0.00%
11/12/2019,3.74,3.61,3.74,3.55,43 326,157 923,5.95%
10/12/2019,3.53,3.63,3.63,3.53,2 240,8 019,-2.49%
09/12/2019,3.62,3.62,3.62,3.51,35,125,0.28%
06/12/2019,3.61,3.59,3.62,3.49,11 332,40 285,2.27%
05/12/2019,3.53,3.61,3.61,3.42,10 701,37 614,0.28%
04/12/2019,3.52,3.73,3.73,3.52,37 923,137 471,-4.35%
03/12/2019,3.68,3.79,3.79,3.68,9 455,35 314,-1.87%
02/12/2019,3.75,3.80,3.80,3.69,173,648,0.27%
29/11/2019,3.74,3.85,3.85,3.74,10 126,38 428,-1.58%
28/11/2019,3.80,3.75,3.86,3.68,35 060,132 176,4.11%
27/11/2019,3.65,3.55,3.65,3.45,34 790,123 505,4.58%
26/11/2019,3.49,3.39,3.49,3.29,27 871,94 483,4.18%
25/11/2019,3.35,3.45,3.45,3.35,651,2 213,-1.47%
21/11/2019,3.47,3.57,3.57,3.47,574,2 020,-0.29%
20/11/2019,3.48,3.45,3.48,3.33,11 048,37 618,2.35%
19/11/2019,3.40,3.42,3.45,3.32,14 921,50 508,-0.58%
18/11/2019,3.42,3.50,3.50,3.40,2 708,9 343,-2.29%
15/11/2019,3.50,3.40,3.50,3.30,5 947,20 220,2.94%
14/11/2019,3.40,3.65,3.65,3.40,18 120,63 873,-4.23%
13/11/2019,3.55,3.47,3.55,3.38,30 941,107 211,8.23%
12/11/2019,3.28,3.19,3.28,3.10,9 099,29 026,3.80%
11/11/2019,3.16,3.15,3.19,3.15,6 358,20 155,3.27%
08/11/2019,3.06,2.98,3.06,2.98,12 415,37 493,8.13%
07/11/2019,2.83,2.71,2.83,2.71,28 879,79 995,3.28%
06/11/2019,2.74,2.74,2.74,2.74,11,30,-2.84%
05/11/2019,2.82,2.82,2.82,2.82,3,8,-2.76%
04/11/2019,2.90,2.90,2.90,2.90,11,32,-2.68%
01/11/2019,2.98,2.98,2.98,2.98,1 278,3 808,-4.18%
31/10/2019,3.11,3.20,3.20,3.11,8 001,25 243,0.00%
30/10/2019,3.11,3.20,3.29,3.11,2 939,9 405,-2.81%
29/10/2019,3.20,3.14,3.20,2.92,20 138,61 622,4.92%
28/10/2019,3.05,3.28,3.28,3.00,7 643,23 999,-2.87%
25/10/2019,3.14,2.96,3.14,2.96,44 641,136 155,10.56%
23/10/2019,2.84,2.68,2.84,2.67,26 993,74 366,5.97%
22/10/2019,2.68,2.49,2.68,2.46,62 173,159 785,4.28%
21/10/2019,2.57,2.57,2.57,2.57,1,3,1.98%
18/10/2019,2.52,2.50,2.52,2.43,2 471,6 116,-0.79%
17/10/2019,2.54,2.54,2.54,2.45,200,499,0.79%
16/10/2019,2.52,2.55,2.55,2.48,6 507,16 365,0.00%
14/10/2019,2.52,2.50,2.55,2.45,2 677,6 693,0.80%
11/10/2019,2.50,2.53,2.53,2.46,545,1 360,0.81%
10/10/2019,2.48,2.55,2.55,2.48,1 681,4 228,0.00%
09/10/2019,2.48,2.55,2.55,2.41,8 934,22 156,0.00%
08/10/2019,2.48,2.40,2.48,2.40,9 777,23 856,5.98%
07/10/2019,2.34,2.29,2.34,2.22,17 120,39 034,2.63%
04/10/2019,2.28,2.16,2.28,2.16,5 811,12 900,2.70%
03/10/2019,2.22,2.16,2.22,2.16,520,1 139,0.00%
02/10/2019,2.22,2.22,2.22,2.22,1 000,2 220,-2.63%
30/09/2019,2.28,2.24,2.28,2.24,501,1 132,-0.87%
26/09/2019,2.30,2.29,2.32,2.20,9 995,22 589,1.77%
25/09/2019,2.26,2.26,2.29,2.26,4 395,9 999,-2.59%
23/09/2019,2.32,2.27,2.33,2.27,323,743,2.20%
20/09/2019,2.27,2.21,2.27,2.21,5 800,12 992,2.71%
16/09/2019,2.21,2.21,2.21,2.21,1 500,3 315,-0.90%
13/09/2019,2.23,2.23,2.23,2.23,2 200,4 906,2.76%
12/09/2019,2.17,2.11,2.17,2.11,2 300,4 922,2.84%
11/09/2019,2.11,2.06,2.11,2.06,6 750,14 074,0.96%
10/09/2019,2.09,2.10,2.12,2.08,1 302,2 734,0.48%
09/09/2019,2.08,2.08,2.10,2.08,2 343,4 897,-2.80%
04/09/2019,2.14,2.09,2.14,2.09,2,4,-0.47%
03/09/2019,2.15,2.14,2.15,2.14,1 000,2 145,0.00%
02/09/2019,2.15,2.15,2.15,2.15,24,52,0.00%
30/08/2019,2.15,2.14,2.15,2.14,650,1 394,-0.92%
28/08/2019,2.17,2.16,2.17,2.16,1 100,2 382,0.00%
15/08/2019,2.17,2.17,2.17,2.05,1 168,2 464,-0.46%
02/08/2019,2.18,2.15,2.18,2.15,2 300,4 980,0.00%
01/08/2019,2.18,2.19,2.19,2.18,2 010,4 392,-0.91%
30/07/2019,2.20,2.19,2.20,2.19,1 010,2 217,0.00%
29/07/2019,2.20,2.18,2.20,2.18,1 266,2 773,0.46%
22/07/2019,2.19,2.20,2.24,2.18,12 450,27 515,0.46%
19/07/2019,2.18,2.07,2.19,2.07,1 983,4 224,2.35%
18/07/2019,2.13,2.19,2.22,2.13,3 402,7 399,-4.91%
17/07/2019,2.24,2.16,2.25,2.16,2 786,6 143,-3.03%
16/07/2019,2.31,2.31,2.31,2.31,500,1 155,-0.43%
15/07/2019,2.32,2.32,2.32,2.32,10,23,2.20%
12/07/2019,2.27,2.27,2.27,2.27,20,45,2.71%
11/07/2019,2.21,2.15,2.33,2.15,5 779,12 945,-1.78%
10/07/2019,2.25,2.20,2.26,2.14,3 001,6 602,0.00%
09/07/2019,2.25,2.31,2.31,2.25,1 395,3 181,-3.02%
08/07/2019,2.32,2.33,2.33,2.27,3 270,7 521,-1.28%
05/07/2019,2.35,2.34,2.40,2.27,4 875,11 383,3.07%
04/07/2019,2.28,2.39,2.39,2.28,2 829,6 606,-2.98%
03/07/2019,2.35,2.35,2.35,2.28,3 733,8 642,-2.89%
02/07/2019,2.42,2.42,2.42,2.35,304,725,2.54%
01/07/2019,2.36,2.45,2.49,2.36,1 388,3 366,-2.88%
28/06/2019,2.43,2.38,2.45,2.31,11 871,28 253,2.10%
27/06/2019,2.38,2.35,2.38,2.34,4 282,10 106,5.78%
26/06/2019,2.25,2.26,2.27,2.21,19 856,44 477,-0.88%
25/06/2019,2.27,2.32,2.32,2.25,10 250,23 421,-2.58%
24/06/2019,2.33,2.33,2.33,2.27,550,1 265,1.75%
21/06/2019,2.29,2.23,2.29,2.17,23 617,52 666,2.69%
20/06/2019,2.23,2.19,2.25,2.19,11 819,26 238,4.21%
19/06/2019,2.14,2.08,2.14,2.05,16 900,35 405,2.39%
18/06/2019,2.09,2.06,2.10,2.05,15 740,32 661,1.95%
17/06/2019,2.05,2.00,2.05,1.99,3 744,7 563,3.02%
14/06/2019,1.99,2.00,2.00,1.94,6 736,13 270,0.51%
13/06/2019,1.98,1.92,1.98,1.92,11 534,22 491,2.59%
12/06/2019,1.93,1.88,1.93,1.83,3 812,7 167,2.66%
11/06/2019,1.88,1.82,1.88,1.79,11 571,21 233,2.17%
07/06/2019,1.84,1.79,1.84,1.79,2 563,4 652,3.95%
03/06/2019,1.77,1.72,1.77,1.72,300,524,2.91%
31/05/2019,1.72,1.67,1.72,1.67,670,1 136,2.99%
30/05/2019,1.67,1.62,1.67,1.62,287,472,2.45%
29/05/2019,1.63,1.68,1.73,1.63,519,872,-2.98%
28/05/2019,1.68,1.64,1.68,1.64,200,332,2.44%
27/05/2019,1.64,1.64,1.64,1.64,73,120,2.50%
23/05/2019,1.56,1.56,1.56,1.56,50,78,0.00%
22/05/2019,1.56,1.56,1.56,1.56,601,938,-2.50%
21/05/2019,1.60,1.63,1.63,1.60,5 880,9 496,0.00%
17/05/2019,1.60,1.60,1.60,1.60,1 744,2 790,0.00%
16/05/2019,1.60,1.60,1.60,1.60,1 650,2 640,-5.33%
15/05/2019,1.69,1.69,1.69,1.69,618,1 044,-5.59%
13/05/2019,1.79,1.79,1.79,1.79,9,16,-1.10%
10/05/2019,1.81,1.81,1.81,1.81,1,2,5.23%
09/05/2019,1.72,1.71,1.72,1.66,22 217,37 547,-1.71%
08/05/2019,1.75,1.80,1.80,1.75,2 231,3 960,-4.89%
07/05/2019,1.84,1.89,1.89,1.84,3 310,6 173,-2.65%
06/05/2019,1.89,1.91,1.92,1.89,4 240,8 077,0.00%
03/05/2019,1.89,1.86,1.90,1.81,19 427,36 037,1.61%
02/05/2019,1.86,1.85,1.86,1.85,5 917,10 976,0.54%
30/04/2019,1.85,1.75,1.86,1.75,7 111,12 835,3.93%
29/04/2019,1.78,1.78,1.78,1.78,146,260,0.56%
26/04/2019,1.77,1.67,1.77,1.65,9 158,15 660,6.63%
25/04/2019,1.66,1.60,1.66,1.60,2 793,4 553,1.84%
24/04/2019,1.63,1.60,1.63,1.60,6 403,10 341,1.87%
23/04/2019,1.60,1.60,1.60,1.58,1 154,1 835,-1.23%
22/04/2019,1.62,1.62,1.62,1.62,876,1 419,2.53%
19/04/2019,1.58,1.58,1.58,1.58,280,442,-1.25%
18/04/2019,1.60,1.56,1.60,1.52,2 048,3 195,-3.03%
16/04/2019,1.65,1.65,1.65,1.61,1 546,2 520,0.00%
15/04/2019,1.65,1.65,1.65,1.65,202,333,0.00%
12/04/2019,1.65,1.61,1.65,1.61,1 450,2 364,2.48%
11/04/2019,1.61,1.61,1.61,1.61,50,81,-2.42%
03/04/2019,1.65,1.65,1.65,1.65,140,231,0.61%
02/04/2019,1.64,1.64,1.64,1.64,110,180,1.23%
01/04/2019,1.62,1.66,1.69,1.62,270,447,0.00%
29/03/2019,1.62,1.59,1.62,1.59,1 640,2 632,0.00%
27/03/2019,1.62,1.60,1.62,1.60,300,483,1.25%
25/03/2019,1.60,1.57,1.60,1.57,240,380,-4.19%
19/03/2019,1.67,1.66,1.68,1.66,1 530,2 555,1.83%
18/03/2019,1.64,1.64,1.69,1.64,1 322,2 201,-2.96%
11/03/2019,1.69,1.64,1.69,1.64,100,167,0.00%
04/03/2019,1.69,1.68,1.69,1.68,350,590,0.00%
20/02/2019,1.70,1.69,1.70,1.69,1 300,2 204,-2.30%
14/02/2019,1.74,1.75,1.75,1.70,1 222,2 108,-0.57%
13/02/2019,1.75,1.68,1.75,1.65,4 590,7 803,1.74%
12/02/2019,1.72,1.69,1.76,1.69,3 751,6 470,-2.27%
11/02/2019,1.76,1.70,1.77,1.70,773,1 341,-1.12%
07/02/2019,1.78,1.73,1.78,1.73,3 522,6 181,0.00%
25/01/2019,1.78,1.70,1.78,1.70,700,1 218,2.30%
24/01/2019,1.74,1.74,1.74,1.70,1 100,1 892,-0.57%
23/01/2019,1.75,1.80,1.80,1.68,1 087,1 891,-1.69%
22/01/2019,1.78,1.73,1.78,1.73,550,965,0.00%
18/01/2019,1.78,1.79,1.79,1.78,3 006,5 366,-0.56%
16/01/2019,1.79,1.79,1.79,1.79,10,18,0.00%
15/01/2019,1.79,1.80,1.80,1.78,601,1 076,1.13%
10/01/2019,1.77,1.72,1.80,1.72,883,1 554,0.57%
09/01/2019,1.76,1.79,1.81,1.76,482,860,-1.68%
08/01/2019,1.79,1.78,1.79,1.75,4 513,7 988,2.29%
07/01/2019,1.75,1.70,1.75,1.70,130,224,3.55%
04/01/2019,1.69,1.60,1.69,1.60,5 148,8 468,5.62%
03/01/2019,1.60,1.56,1.60,1.55,1 206,1 899,3.23%
02/01/2019,1.55,1.54,1.58,1.54,101,158,3.33%
31/12/2018,1.50,1.46,1.50,1.46,4 303,6 368,0.00%
28/12/2018,1.50,1.50,1.50,1.50,3 073,4 610,0.00%
27/12/2018,1.50,1.56,1.56,1.50,1 014,1 551,-2.60%
26/12/2018,1.54,1.50,1.54,1.50,5 557,8 447,0.00%
25/12/2018,1.54,1.58,1.60,1.54,1 648,2 587,-4.35%
24/12/2018,1.61,1.61,1.61,1.57,12 070,19 191,-2.42%
21/12/2018,1.65,1.70,1.70,1.65,363,608,-2.94%
20/12/2018,1.70,1.70,1.71,1.68,1 143,1 937,-2.30%
19/12/2018,1.74,1.74,1.74,1.74,100,174,2.35%
18/12/2018,1.70,1.70,1.75,1.65,1 822,3 097,-2.86%
17/12/2018,1.75,1.75,1.75,1.75,10,18,-2.23%
14/12/2018,1.79,1.85,1.88,1.79,4 216,7 736,-5.79%
13/12/2018,1.90,1.95,1.95,1.87,3 930,7 506,-2.56%
12/12/2018,1.95,1.92,1.95,1.87,7 788,14 875,1.04%
11/12/2018,1.93,1.98,1.98,1.93,6 810,13 314,0.00%
10/12/2018,1.93,1.98,2.00,1.93,6 529,12 829,0.00%
07/12/2018,1.93,1.98,2.02,1.93,8 755,17 291,0.00%
06/12/2018,1.93,1.87,1.93,1.87,10 380,19 722,6.04%
05/12/2018,1.82,1.75,1.82,1.75,11 399,20 347,5.81%
04/12/2018,1.72,1.67,1.72,1.63,10 403,17 425,5.52%
03/12/2018,1.63,1.52,1.63,1.52,7 656,12 058,5.84%
30/11/2018,1.54,1.58,1.62,1.54,1 867,2 950,0.00%
29/11/2018,1.54,1.50,1.54,1.50,13 253,20 145,5.48%
28/11/2018,1.46,1.42,1.46,1.38,15 266,21 678,5.04%
27/11/2018,1.39,1.31,1.39,1.31,14 017,18 923,2.96%
26/11/2018,1.35,1.35,1.35,1.35,674,910,-2.88%
22/11/2018,1.36,1.37,1.37,1.35,1 885,2 564,0.00%
21/11/2018,1.36,1.33,1.36,1.33,2 532,3 406,4.62%
16/11/2018,1.30,1.27,1.30,1.24,3 697,4 695,0.00%
15/11/2018,1.30,1.27,1.30,1.27,3 308,4 251,0.00%
14/11/2018,1.30,1.30,1.30,1.30,236,307,-2.26%
12/11/2018,1.33,1.27,1.33,1.27,109,142,2.31%
09/11/2018,1.30,1.30,1.30,1.30,7,9,0.00%
08/11/2018,1.30,1.28,1.30,1.28,60,77,0.00%
06/11/2018,1.30,1.27,1.30,1.27,541,695,0.00%
02/11/2018,1.30,1.30,1.30,1.30,1 000,1 300,-2.26%
31/10/2018,1.33,1.30,1.33,1.30,228,300,-0.75%
19/10/2018,1.34,1.35,1.35,1.32,2 010,2 683,1.52%
18/10/2018,1.32,1.31,1.33,1.28,502,655,-2.22%
17/10/2018,1.35,1.33,1.35,1.33,420,563,-2.88%
16/10/2018,1.39,1.39,1.39,1.39,5,7,6.92%
11/10/2018,1.30,1.25,1.30,1.25,105,134,0.00%
10/10/2018,1.30,1.28,1.30,1.27,388,499,0.00%
09/10/2018,1.30,1.29,1.30,1.29,96,124,-1.52%
08/10/2018,1.32,1.32,1.32,1.32,12,16,-2.94%
05/10/2018,1.36,1.32,1.36,1.32,412,552,0.00%
04/10/2018,1.36,1.36,1.36,1.36,5,7,-2.86%
03/10/2018,1.40,1.38,1.42,1.34,1 245,1 718,-1.41%
02/10/2018,1.42,1.45,1.45,1.42,550,789,-2.74%
01/10/2018,1.46,1.48,1.48,1.46,70,103,-3.95%
28/09/2018,1.52,1.44,1.52,1.44,1 107,1 638,2.70%
27/09/2018,1.48,1.44,1.48,1.44,35 727,52 161,2.78%
26/09/2018,1.44,1.44,1.44,1.44,200,288,-4.00%
25/09/2018,1.50,1.50,1.50,1.50,505,758,1.35%
24/09/2018,1.48,1.48,1.48,1.48,260,385,-2.63%
21/09/2018,1.52,1.48,1.52,1.44,3 739,5 534,-4.40%
19/09/2018,1.59,1.55,1.59,1.55,11,17,5.30%
18/09/2018,1.51,1.52,1.52,1.48,1 270,1 905,-0.66%
17/09/2018,1.52,1.56,1.56,1.52,790,1 217,0.00%
14/09/2018,1.52,1.60,1.60,1.52,777,1 212,-2.56%
13/09/2018,1.56,1.56,1.56,1.56,265,413,-2.50%
12/09/2018,1.60,1.60,1.60,1.60,655,1 048,-2.44%
10/09/2018,1.64,1.64,1.64,1.64,250,410,0.00%
07/09/2018,1.64,1.62,1.64,1.62,115,187,-1.20%
05/09/2018,1.66,1.66,1.66,1.66,5,8,2.47%
04/09/2018,1.62,1.55,1.62,1.55,2 100,3 329,1.89%
03/09/2018,1.59,1.60,1.60,1.56,765,1 209,-0.63%
31/08/2018,1.60,1.60,1.60,1.60,15,24,0.00%
30/08/2018,1.60,1.60,1.60,1.56,1 084,1 713,-2.44%
29/08/2018,1.64,1.64,1.64,1.64,124,203,-2.96%
28/08/2018,1.69,1.65,1.69,1.65,8,13,4.97%
27/08/2018,1.61,1.71,1.71,1.57,2 471,4 052,-1.83%
20/08/2018,1.69,1.69,1.69,1.69,100,169,0.00%
17/08/2018,1.69,1.65,1.70,1.65,605,1 013,-0.59%
16/08/2018,1.70,1.68,1.70,1.68,2 100,3 549,-1.73%
15/08/2018,1.73,1.70,1.73,1.70,780,1 338,0.00%
14/08/2018,1.73,1.72,1.73,1.72,200,345,1.17%
10/08/2018,1.71,1.70,1.71,1.70,71,121,2.40%
09/08/2018,1.67,1.63,1.67,1.63,2 331,3 846,3.09%
08/08/2018,1.62,1.60,1.64,1.56,2 030,3 248,2.53%
07/08/2018,1.58,1.60,1.60,1.58,318,506,-2.47%
06/08/2018,1.62,1.69,1.69,1.59,2 043,3 351,-1.82%
03/08/2018,1.65,1.70,1.72,1.65,658,1 109,-1.20%
02/08/2018,1.67,1.77,1.77,1.67,2 060,3 543,-2.91%
01/08/2018,1.72,1.74,1.74,1.72,26,45,-2.82%
31/07/2018,1.77,1.74,1.77,1.74,210,369,-1.12%
30/07/2018,1.79,1.79,1.79,1.74,235,415,2.29%
27/07/2018,1.75,1.78,1.79,1.75,717,1 269,-1.69%
26/07/2018,1.78,1.75,1.78,1.70,2 032,3 536,1.71%
24/07/2018,1.75,1.75,1.78,1.70,1 013,1 763,0.00%
23/07/2018,1.75,1.74,1.79,1.69,1 980,3 445,2.94%
20/07/2018,1.70,1.68,1.70,1.63,1 121,1 866,3.66%
19/07/2018,1.64,1.65,1.65,1.60,266,432,1.86%
18/07/2018,1.61,1.65,1.69,1.61,2 677,4 417,-4.17%
17/07/2018,1.68,1.72,1.72,1.67,1 172,1 987,-1.75%
16/07/2018,1.71,1.71,1.71,1.71,33,56,-2.84%
13/07/2018,1.76,1.71,1.76,1.71,230,399,2.33%
12/07/2018,1.72,1.77,1.77,1.72,2 330,4 066,-5.49%
11/07/2018,1.82,1.87,1.87,1.82,669,1 234,0.00%
10/07/2018,1.82,1.87,1.90,1.82,469,872,-2.15%
09/07/2018,1.86,1.95,1.95,1.81,2 105,3 957,-3.12%
06/07/2018,1.92,1.93,1.93,1.88,977,1 861,-1.03%
05/07/2018,1.94,1.96,2.03,1.93,2 451,4 853,-2.02%
04/07/2018,1.98,2.05,2.05,1.98,2 289,4 612,-8.33%
03/07/2018,2.16,2.16,2.22,2.16,11 020,24 134,7.46%
29/06/2018,2.01,1.98,2.01,1.98,13 997,27 924,5.79%
28/06/2018,1.90,1.80,1.90,1.80,1 673,3 095,5.56%
27/06/2018,1.80,1.73,1.80,1.73,6 241,11 015,4.05%
26/06/2018,1.73,1.73,1.73,1.72,1 565,2 700,0.58%
25/06/2018,1.72,1.73,1.73,1.68,1 352,2 305,1.18%
22/06/2018,1.70,1.73,1.73,1.68,4 420,7 536,-1.73%
21/06/2018,1.73,1.73,1.73,1.70,408,700,0.00%
20/06/2018,1.73,1.73,1.78,1.73,1 231,2 160,-2.81%
19/06/2018,1.78,1.83,1.83,1.78,209,377,0.00%
18/06/2018,1.78,1.79,1.79,1.78,142,253,2.30%
14/06/2018,1.74,1.74,1.74,1.74,1 000,1 740,0.00%
13/06/2018,1.74,1.74,1.74,1.69,3 433,5 888,0.00%
12/06/2018,1.74,1.74,1.74,1.74,29,50,-2.25%
11/06/2018,1.78,1.78,1.78,1.78,140,249,1.71%
08/06/2018,1.75,1.75,1.75,1.70,458,790,0.00%
07/06/2018,1.75,1.75,1.75,1.75,780,1 365,2.94%
06/06/2018,1.70,1.67,1.70,1.67,6 316,10 642,1.19%
05/06/2018,1.68,1.69,1.69,1.68,150,253,-2.89%
04/06/2018,1.73,1.78,1.78,1.73,252,442,0.00%
01/06/2018,1.73,1.78,1.78,1.73,108,190,-1.14%
31/05/2018,1.75,1.79,1.79,1.74,1 756,3 099,0.00%
30/05/2018,1.75,1.73,1.77,1.70,181,314,4.17%
29/05/2018,1.68,1.69,1.74,1.65,7 214,12 228,1.82%
28/05/2018,1.65,1.70,1.75,1.65,5 353,9 100,-0.60%
24/05/2018,1.80,1.80,1.80,1.80,300,540,-0.55%
23/05/2018,1.81,1.86,1.86,1.81,1 939,3 558,-2.16%
22/05/2018,1.85,1.85,1.85,1.82,725,1 330,-0.54%
21/05/2018,1.86,1.84,1.86,1.84,29,54,2.76%
18/05/2018,1.81,1.83,1.83,1.78,867,1 565,-1.09%
17/05/2018,1.83,1.87,1.87,1.83,972,1 798,-3.17%
16/05/2018,1.89,1.90,1.90,1.89,462,875,-2.07%
15/05/2018,1.93,1.95,1.95,1.90,746,1 436,-1.03%
14/05/2018,1.95,1.99,1.99,1.95,979,1 929,-2.01%
11/05/2018,1.99,2.00,2.00,1.96,1 617,3 202,-0.50%
10/05/2018,2.00,2.00,2.00,1.95,1 629,3 217,0.00%
09/05/2018,2.00,2.01,2.01,2.00,680,1 363,-1.48%
08/05/2018,2.03,2.03,2.03,1.97,989,1 978,-1.93%
07/05/2018,2.07,2.02,2.07,2.00,969,1 972,0.49%
03/05/2018,2.06,2.09,2.09,2.06,1 005,2 085,-0.48%
02/05/2018,2.07,2.07,2.07,2.07,22,46,1.47%
30/04/2018,2.04,2.08,2.08,2.04,135,278,-0.97%
27/04/2018,2.06,2.08,2.08,2.06,1 311,2 714,-0.96%
26/04/2018,2.08,2.09,2.09,2.03,1 843,3 797,4.00%
25/04/2018,2.00,2.00,2.00,1.97,3 927,7 795,1.01%
24/04/2018,1.98,2.04,2.07,1.98,2 818,5 706,-6.60%
19/04/2018,2.12,2.09,2.12,2.09,32,67,4.43%
18/04/2018,2.03,2.08,2.08,2.03,80,164,-4.25%
17/04/2018,2.12,2.12,2.12,2.12,1 078,2 285,-0.47%
16/04/2018,2.13,2.08,2.13,2.08,1 001,2 107,-0.47%
13/04/2018,2.14,1.99,2.14,1.99,5 890,12 163,2.88%
12/04/2018,2.08,2.19,2.19,2.08,5 205,11 113,-5.88%
11/04/2018,2.21,2.21,2.21,2.21,505,1 116,-2.64%
10/04/2018,2.27,2.17,2.27,2.17,888,1 971,0.00%
06/04/2018,2.27,2.28,2.28,2.18,1 613,3 597,1.34%
05/04/2018,2.24,2.30,2.30,2.24,423,960,-0.44%
04/04/2018,2.25,2.25,2.31,2.19,2 703,6 082,-3.85%
03/04/2018,2.34,2.34,2.34,2.30,478,1 109,-0.43%
02/04/2018,2.35,2.42,2.42,2.35,889,2 120,0.00%
30/03/2018,2.35,2.35,2.35,2.35,14,33,0.86%
29/03/2018,2.33,2.31,2.37,2.25,8 662,20 009,3.56%
28/03/2018,2.25,2.25,2.25,2.23,8 843,19 808,2.74%
27/03/2018,2.19,2.13,2.19,2.12,4 675,10 075,6.83%
26/03/2018,2.05,2.01,2.05,1.96,882,1 768,4.59%
23/03/2018,1.96,1.96,1.96,1.85,8 028,15 293,1.03%
22/03/2018,1.94,1.99,2.02,1.94,1 872,3 707,-1.02%
21/03/2018,1.96,2.02,2.02,1.96,6 270,12 477,-13.66%
15/03/2018,2.27,2.27,2.27,2.27,13,30,-2.99%
14/03/2018,2.34,2.44,2.44,2.34,3 958,9 460,-1.68%
13/03/2018,2.38,2.49,2.49,2.38,4 408,10 733,-2.46%
12/03/2018,2.44,2.46,2.53,2.40,7 164,17 659,2.09%
09/03/2018,2.39,2.51,2.51,2.31,20 892,50 350,3.91%
07/03/2018,2.30,2.24,2.30,2.24,6 509,14 775,5.50%
06/03/2018,2.18,2.12,2.18,2.12,20 238,43 512,5.83%
05/03/2018,2.06,2.00,2.06,2.00,1 886,3 829,5.64%
02/03/2018,1.95,1.90,1.95,1.90,4 759,9 161,4.28%
01/03/2018,1.87,1.82,1.87,1.80,8 552,15 693,6.25%
28/02/2018,1.76,1.72,1.77,1.67,5 373,9 242,5.39%
27/02/2018,1.67,1.63,1.67,1.63,1 259,2 077,4.37%
26/02/2018,1.60,1.60,1.63,1.56,13 046,20 808,2.56%
22/02/2018,1.61,1.56,1.61,1.56,14 405,22 832,5.92%
21/02/2018,1.52,1.45,1.52,1.45,15 665,23 263,5.56%
20/02/2018,1.44,1.41,1.44,1.41,150,214,-0.69%
13/02/2018,1.45,1.48,1.48,1.45,541,793,-2.68%
12/02/2018,1.49,1.40,1.50,1.38,1 350,1 944,3.47%
09/02/2018,1.44,1.44,1.44,1.44,521,750,-0.69%
08/02/2018,1.45,1.46,1.46,1.42,600,864,-0.68%
07/02/2018,1.46,1.50,1.50,1.46,236,349,-2.67%
06/02/2018,1.50,1.50,1.50,1.50,439,659,-1.32%
05/02/2018,1.52,1.55,1.56,1.52,14 706,22 647,-2.56%
02/02/2018,1.56,1.59,1.59,1.56,5 752,9 059,-2.50%
01/02/2018,1.60,1.68,1.68,1.60,369,605,-2.44%
31/01/2018,1.64,1.69,1.69,1.64,425,708,-0.61%
30/01/2018,1.65,1.65,1.65,1.65,150,248,-2.94%
26/01/2018,1.70,1.70,1.70,1.70,20,34,0.00%
25/01/2018,1.70,1.68,1.70,1.68,336,568,0.59%
24/01/2018,1.69,1.69,1.69,1.69,220,372,0.00%
23/01/2018,1.69,1.70,1.70,1.62,679,1 127,-0.59%
22/01/2018,1.70,1.70,1.70,1.65,655,1 097,0.00%
19/01/2018,1.70,1.68,1.70,1.68,1 890,3 194,-1.73%
18/01/2018,1.73,1.78,1.78,1.73,245,430,-2.81%
17/01/2018,1.78,1.73,1.78,1.68,1 021,1 766,0.56%
16/01/2018,1.77,1.79,1.79,1.77,52,93,-1.67%
15/01/2018,1.80,1.80,1.80,1.80,20,36,0.56%
12/01/2018,1.79,1.78,1.83,1.73,660,1 175,3.47%
11/01/2018,1.73,1.73,1.73,1.73,1 313,2 271,-2.81%
10/01/2018,1.78,1.83,1.83,1.78,220,397,-1.66%
09/01/2018,1.81,1.86,1.86,1.81,90,165,-2.69%
08/01/2018,1.86,1.79,1.86,1.79,2 217,4 046,0.00%
05/01/2018,1.86,1.86,1.86,1.86,111,206,-1.59%
04/01/2018,1.89,1.88,1.89,1.88,1 153,2 173,-0.53%
03/01/2018,1.90,1.90,1.90,1.90,20,38,0.53%
02/01/2018,1.89,1.89,1.89,1.89,160,302,0.00%
29/12/2017,1.89,1.89,1.89,1.85,2 959,5 533,-0.53%
28/12/2017,1.90,1.90,1.90,1.90,1 855,3 525,-2.06%
27/12/2017,1.94,1.94,1.94,1.89,427,818,2.11%
26/12/2017,1.90,1.95,1.95,1.90,2 641,5 084,-2.56%
25/12/2017,1.95,1.99,1.99,1.93,524,1 027,-1.02%
22/12/2017,1.97,2.00,2.00,1.94,1 391,2 740,-1.50%
21/12/2017,2.00,2.02,2.02,2.00,262,527,0.00%
20/12/2017,2.00,2.02,2.02,2.00,361,726,0.00%
19/12/2017,2.00,2.04,2.04,2.00,1 214,2 452,0.00%
18/12/2017,2.00,2.04,2.04,2.00,1 020,2 060,-2.91%
15/12/2017,2.06,2.06,2.06,2.06,70,144,3.00%
13/12/2017,2.00,2.07,2.07,2.00,55,112,-0.99%
12/12/2017,2.02,2.02,2.02,2.02,148,299,-2.88%
11/12/2017,2.08,2.08,2.08,2.08,32,67,0.00%
08/12/2017,2.08,2.08,2.08,2.03,324,666,-0.48%
07/12/2017,2.09,1.99,2.09,1.99,1 395,2 846,1.95%
06/12/2017,2.05,2.05,2.05,1.99,1 776,3 588,-6.82%
28/11/2017,2.20,2.20,2.20,2.20,10,22,0.00%
27/11/2017,2.20,2.20,2.20,2.08,499,1 068,0.46%
23/11/2017,2.19,2.19,2.19,2.14,784,1 697,-0.45%
22/11/2017,2.20,2.21,2.24,2.14,319,699,-1.79%
21/11/2017,2.24,2.30,2.30,2.24,51,116,0.00%
20/11/2017,2.24,2.30,2.30,2.24,26,59,-1.32%
17/11/2017,2.27,2.33,2.33,2.27,120,276,0.00%
16/11/2017,2.27,2.34,2.34,2.27,483,1 113,-2.99%
15/11/2017,2.34,2.41,2.41,2.34,296,703,-5.65%
14/11/2017,2.48,2.55,2.55,2.48,141,355,0.00%
13/11/2017,2.48,2.48,2.48,2.48,50,124,-2.75%
10/11/2017,2.55,2.55,2.55,2.55,98,250,0.39%
09/11/2017,2.54,2.54,2.54,2.54,100,254,-0.39%
08/11/2017,2.55,2.49,2.55,2.43,2 672,6 653,0.00%
07/11/2017,2.55,2.55,2.55,2.55,50,127,0.00%
06/11/2017,2.55,2.58,2.58,2.55,530,1 359,-2.67%
03/11/2017,2.62,2.62,2.70,2.58,1 134,2 994,-2.96%
02/11/2017,2.70,2.76,2.76,2.70,167,456,-4.26%
01/11/2017,2.82,2.82,2.82,2.82,110,310,-2.76%
30/10/2017,2.90,2.90,2.90,2.90,100,290,0.00%
27/10/2017,2.90,2.90,2.90,2.90,29,84,0.00%
26/10/2017,2.90,2.83,2.90,2.83,332,951,0.00%
25/10/2017,2.90,2.90,2.90,2.83,134,384,-2.68%
24/10/2017,2.98,3.05,3.05,2.98,95,286,-2.93%
20/10/2017,3.07,3.07,3.07,3.07,600,1 842,-2.85%
19/10/2017,3.16,3.09,3.16,3.09,182,569,-0.63%
18/10/2017,3.18,3.18,3.18,3.18,132,420,0.00%
17/10/2017,3.18,3.11,3.18,3.11,602,1 893,-0.63%
06/10/2017,3.20,3.22,3.22,3.11,320,1 013,0.00%
05/10/2017,3.20,3.20,3.20,3.20,4,13,-0.62%
03/10/2017,3.22,3.13,3.22,3.13,3 478,11 043,0.00%
02/10/2017,3.22,3.22,3.22,3.22,799,2 573,0.00%
29/09/2017,3.22,3.22,3.22,3.22,196,631,0.00%
28/09/2017,3.22,3.22,3.22,3.22,352,1 133,0.00%
27/09/2017,3.22,3.22,3.22,3.22,227,731,0.00%
26/09/2017,3.22,3.21,3.22,3.21,220,707,0.00%
25/09/2017,3.22,3.22,3.22,3.22,240,773,0.00%
22/09/2017,3.22,3.22,3.22,3.22,359,1 156,0.00%
20/09/2017,3.22,3.22,3.22,3.22,235,757,0.00%
19/09/2017,3.22,3.22,3.22,3.22,233,750,0.00%
18/09/2017,3.22,3.22,3.22,3.22,231,744,0.00%
15/09/2017,3.22,3.22,3.22,3.22,132,425,0.00%
14/09/2017,3.22,3.22,3.22,3.22,262,844,0.00%
13/09/2017,3.22,3.22,3.22,3.22,1 501,4 833,0.00%
08/09/2017,3.22,3.25,3.25,3.22,886,2 866,-1.83%
07/09/2017,3.28,3.29,3.29,3.28,2 241,7 362,-2.38%
06/09/2017,3.36,3.29,3.36,3.29,3 041,10 111,2.13%
05/09/2017,3.29,3.29,3.29,3.29,234,770,0.00%
30/08/2017,3.29,3.29,3.29,3.29,262,862,0.00%
24/08/2017,3.30,3.30,3.30,3.30,2 768,9 134,-2.94%
23/08/2017,3.40,3.43,3.43,3.33,2 570,8 687,-0.87%
22/08/2017,3.43,3.53,3.53,3.43,250,870,-0.29%
21/08/2017,3.44,3.37,3.44,3.36,1 835,6 239,0.00%
18/08/2017,3.44,3.42,3.44,3.38,1 946,6 636,-1.15%
17/08/2017,3.48,3.43,3.50,3.42,2 024,7 003,-1.14%
16/08/2017,3.52,3.50,3.52,3.42,1 050,3 643,0.57%
15/08/2017,3.50,3.54,3.54,3.44,2 698,9 416,-5.41%
14/08/2017,3.70,3.59,3.70,3.59,1 841,6 710,0.00%
11/08/2017,3.70,3.72,3.72,3.70,2,7,-0.80%
10/08/2017,3.73,3.64,3.73,3.54,10,36,2.47%
09/08/2017,3.64,3.64,3.64,3.64,50,182,-2.93%
03/08/2017,3.75,3.64,3.75,3.64,294,1 086,0.00%
02/08/2017,3.75,3.75,3.79,3.63,1 626,6 032,-1.32%
31/07/2017,3.80,3.72,3.81,3.72,430,1 619,-0.78%
28/07/2017,3.83,3.85,3.85,3.74,1 129,4 285,-0.52%
26/07/2017,3.85,3.89,3.89,3.69,2 866,10 862,1.32%
24/07/2017,3.80,3.80,3.80,3.78,1 096,4 154,0.26%
21/07/2017,3.79,3.76,3.79,3.75,1 244,4 690,-1.56%
20/07/2017,3.85,3.80,3.85,3.80,907,3 469,-1.03%
19/07/2017,3.89,3.91,3.91,3.89,1 668,6 505,1.04%
18/07/2017,3.85,3.75,3.89,3.75,1 109,4 236,0.00%
17/07/2017,3.85,3.75,3.85,3.75,3 743,14 223,9.07%
13/07/2017,3.53,3.42,3.53,3.42,4 852,16 861,10.31%
12/07/2017,3.20,3.14,3.20,3.13,18 453,58 404,1.91%
11/07/2017,3.14,3.13,3.14,3.13,1 597,5 007,3.29%
10/07/2017,3.04,3.14,3.20,3.04,1 788,5 579,-2.88%
07/07/2017,3.13,3.13,3.13,3.13,1 589,4 974,-0.32%
06/07/2017,3.14,3.09,3.14,3.00,5 536,16 996,3.29%
05/07/2017,3.04,3.13,3.13,3.04,1 233,3 804,-1.94%
04/07/2017,3.10,3.06,3.13,2.99,2 781,8 510,-1.27%
03/07/2017,3.14,3.14,3.14,3.14,2 645,8 305,2.28%
30/06/2017,3.07,3.08,3.10,3.01,5 787,17 679,-0.32%
29/06/2017,3.08,3.00,3.08,3.00,5 791,17 605,4.76%
28/06/2017,2.94,2.86,2.94,2.86,25,73,-2.65%
22/06/2017,3.02,3.02,3.13,3.02,811,2 494,-4.43%
20/06/2017,3.16,3.16,3.16,3.16,668,2 111,-0.94%
16/06/2017,3.19,3.16,3.19,3.16,3 498,11 106,-0.31%
15/06/2017,3.20,3.15,3.24,3.10,1 355,4 295,4.58%
14/06/2017,3.06,2.98,3.06,2.90,12 510,37 280,5.52%
13/06/2017,2.90,2.98,3.06,2.90,19 972,59 517,-7.05%
12/06/2017,3.12,3.16,3.16,3.12,110,345,-1.27%
08/06/2017,3.16,3.16,3.16,3.16,1,3,-5.67%
06/06/2017,3.35,3.35,3.35,3.35,50,168,-1.47%
05/06/2017,3.40,3.39,3.40,3.39,1 800,6 111,-2.30%
30/05/2017,3.48,3.32,3.48,3.32,160,544,2.65%
29/05/2017,3.39,3.39,3.39,3.39,60,203,-0.29%
25/05/2017,3.40,3.40,3.40,3.40,680,2 312,-2.86%
24/05/2017,3.50,3.40,3.50,3.30,1 758,5 977,4.48%
23/05/2017,3.35,3.20,3.35,3.20,5 239,17 158,0.00%
22/05/2017,3.35,3.48,3.49,3.35,7 579,25 920,-4.29%
18/05/2017,3.50,3.53,3.53,3.50,85,299,-1.13%
17/05/2017,3.54,3.54,3.54,3.54,486,1 720,-4.32%
16/05/2017,3.70,3.66,3.70,3.60,1 052,3 840,-1.86%
15/05/2017,3.77,3.77,3.77,3.77,10,38,2.45%
12/05/2017,3.68,3.50,3.68,3.50,832,2 987,2.22%
11/05/2017,3.60,3.50,3.60,3.49,6 903,24 471,2.86%
10/05/2017,3.50,3.60,3.69,3.50,1 594,5 730,0.00%
09/05/2017,3.50,3.59,3.68,3.50,440,1 580,-9.56%
05/05/2017,3.87,3.86,3.88,3.86,689,2 666,-4.21%
02/05/2017,4.04,4.04,4.04,4.04,300,1 212,2.80%
28/04/2017,3.93,3.93,4.06,3.93,765,3 056,-4.38%
27/04/2017,4.11,4.11,4.11,4.11,70,288,-0.24%
26/04/2017,4.12,4.23,4.23,4.12,1 990,8 308,-2.83%
25/04/2017,4.24,4.24,4.24,4.24,1 000,4 240,-2.97%
24/04/2017,4.37,4.29,4.37,4.25,664,2 862,-0.23%
21/04/2017,4.38,4.51,4.51,4.38,2 894,12 864,-4.99%
20/04/2017,4.61,4.64,4.64,4.61,114,527,-2.95%
18/04/2017,4.75,4.75,4.75,4.64,1 120,5 258,0.00%
17/04/2017,4.75,4.93,4.93,4.75,3 055,14 786,-1.45%
13/04/2017,4.82,4.82,4.82,4.82,350,1 687,-0.62%
12/04/2017,4.85,4.87,4.88,4.85,205,997,-2.81%
10/04/2017,4.99,4.99,4.99,4.99,500,2 495,2.89%
07/04/2017,4.85,4.85,4.85,4.85,700,3 395,-3.00%
06/04/2017,5.00,5.00,5.00,5.00,61,305,0.00%
05/04/2017,5.00,4.95,5.00,4.85,3 401,16 750,0.00%
04/04/2017,5.00,5.15,5.15,5.00,662,3 360,-2.91%
03/04/2017,5.15,5.15,5.20,5.15,1 595,8 254,0.00%
31/03/2017,5.15,4.95,5.17,4.95,5 741,29 049,3.00%
30/03/2017,5.00,5.25,5.25,5.00,3 677,18 845,-2.91%
29/03/2017,5.15,5.15,5.15,5.15,25,129,0.00%
28/03/2017,5.15,5.15,5.15,5.15,74,381,-2.65%
27/03/2017,5.29,5.19,5.29,5.19,60,314,-1.12%
24/03/2017,5.35,5.33,5.35,5.18,1 145,6 028,0.38%
23/03/2017,5.33,5.34,5.34,5.33,1 175,6 269,-0.74%
21/03/2017,5.37,5.37,5.37,5.37,515,2 766,0.00%
17/03/2017,5.37,5.38,5.38,5.23,8 480,44 986,-0.37%
16/03/2017,5.39,5.39,5.39,5.39,5,27,-0.19%
15/03/2017,5.40,5.20,5.40,5.15,9 175,48 398,0.19%
14/03/2017,5.39,5.39,5.39,5.39,360,1 940,-0.37%
13/03/2017,5.41,5.41,5.41,5.41,111,601,0.00%
10/03/2017,5.41,5.41,5.41,5.41,29,157,0.00%
09/03/2017,5.41,5.41,5.41,5.41,557,3 013,-2.87%
06/03/2017,5.57,5.57,5.57,5.57,10,56,2.96%
03/03/2017,5.41,5.57,5.57,5.41,314,1 724,-2.87%
02/03/2017,5.57,5.72,5.73,5.57,1 204,6 803,-2.79%
01/03/2017,5.73,5.73,5.73,5.73,200,1 146,0.00%
28/02/2017,5.73,5.73,5.73,5.73,1 570,8 996,-2.88%
09/02/2017,6.01,6.01,6.01,6.01,100,601,0.00%
08/02/2017,6.01,6.01,6.01,5.83,1 298,7 684,0.00%
06/02/2017,6.01,6.10,6.11,6.01,440,2 666,0.00%
01/02/2017,6.01,6.01,6.01,5.82,42,248,0.17%
31/01/2017,6.00,6.00,6.01,6.00,3 101,18 622,0.00%
30/01/2017,6.00,6.00,6.00,6.00,32,192,-0.17%
27/01/2017,6.01,6.01,6.01,6.01,600,3 606,-0.17%
25/01/2017,6.02,6.00,6.02,5.90,610,3 636,0.00%
24/01/2017,6.02,6.02,6.02,6.02,130,783,0.00%
23/01/2017,6.02,6.20,6.20,6.02,1 263,7 717,-2.90%
20/01/2017,6.20,6.02,6.20,5.84,2 381,14 334,0.16%
19/01/2017,6.19,6.30,6.30,6.19,1 033,6 451,-4.48%
18/01/2017,6.48,6.50,6.50,6.36,2 805,18 036,-1.07%
16/01/2017,6.55,6.55,6.55,6.55,3,20,2.83%
13/01/2017,6.37,6.37,6.37,6.37,200,1 274,-2.75%
12/01/2017,6.55,6.65,6.65,6.55,284,1 874,-2.96%
09/01/2017,6.75,6.75,6.75,6.75,65,439,1.20%
06/01/2017,6.67,6.39,6.77,6.39,3 672,24 162,1.37%
05/01/2017,6.58,6.59,6.59,6.58,126,830,-1.05%
03/01/2017,6.65,6.65,6.65,6.65,100,665,-0.30%
30/12/2016,6.67,6.67,6.67,6.64,580,3 860,-1.19%
29/12/2016,6.75,6.61,6.75,6.61,2 300,15 364,2.12%
28/12/2016,6.61,6.57,6.69,6.56,4 694,31 098,1.69%
27/12/2016,6.50,6.35,6.50,6.35,15 751,101 200,0.78%
23/12/2016,6.45,6.30,6.45,6.30,1 772,11 297,2.38%
22/12/2016,6.30,6.20,6.44,6.20,14 161,89 498,1.12%
21/12/2016,6.23,6.16,6.27,6.16,3 501,21 759,0.81%
20/12/2016,6.18,6.00,6.18,6.00,20 831,126 861,3.00%
19/12/2016,6.00,5.86,6.00,5.86,1 743,10 336,-0.66%
09/12/2016,6.04,6.04,6.04,6.04,2 457,14 840,-0.17%
08/12/2016,6.05,6.06,6.07,6.04,561,3 397,2.02%
07/12/2016,5.93,5.93,5.93,5.75,2 926,17 088,2.95%
06/12/2016,5.76,5.90,5.90,5.76,590,3 440,-2.70%
05/12/2016,5.92,5.92,5.92,5.92,350,2 072,-2.95%
02/12/2016,6.10,5.95,6.10,5.95,1 020,6 146,-0.49%
29/11/2016,6.13,6.09,6.13,6.09,2 242,13 699,0.66%
28/11/2016,6.09,6.12,6.12,6.09,688,4 200,-0.65%
24/11/2016,6.15,5.90,6.17,5.85,1 256,7 549,2.50%
23/11/2016,6.00,6.07,6.07,5.88,1 565,9 351,-4.00%
22/11/2016,6.25,5.84,6.35,5.84,12 136,73 969,3.82%
18/11/2016,6.02,6.20,6.20,6.02,976,5 963,-2.43%
17/11/2016,6.17,5.90,6.17,5.90,12 861,77 616,3.01%
15/11/2016,5.99,5.99,5.99,5.99,100,599,1.18%
14/11/2016,5.92,5.80,5.95,5.63,9 070,52 515,-0.84%
11/11/2016,5.97,5.82,5.97,5.82,831,4 899,0.00%
10/11/2016,5.97,5.80,5.97,5.80,2 100,12 359,0.00%
08/11/2016,5.97,5.97,5.97,5.97,200,1 194,-0.33%
07/11/2016,5.99,5.83,5.99,5.83,255,1 507,0.00%
04/11/2016,5.99,5.82,5.99,5.82,250,1 476,-0.17%
01/11/2016,6.00,5.88,6.00,5.88,3 765,22 364,0.00%
28/10/2016,6.00,5.82,6.00,5.82,1 768,10 449,0.00%
27/10/2016,6.00,5.87,6.00,5.87,11 200,66 472,-0.83%
26/10/2016,6.05,5.99,6.05,5.82,5 111,30 334,-0.82%
25/10/2016,6.10,6.20,6.20,6.02,3 593,21 953,0.49%
24/10/2016,6.07,6.07,6.24,6.07,1 713,10 544,-2.88%
21/10/2016,6.25,6.26,6.26,6.08,935,5 769,0.00%
20/10/2016,6.25,6.10,6.25,6.10,913,5 638,-0.48%
19/10/2016,6.28,6.28,6.28,6.28,10,63,0.64%
18/10/2016,6.24,6.11,6.25,6.11,5 977,36 938,-0.79%
14/10/2016,6.29,6.12,6.29,6.12,175,1 086,0.00%
13/10/2016,6.29,6.15,6.29,6.15,2 815,17 509,-0.79%
12/10/2016,6.34,6.25,6.34,6.25,840,5 288,-0.63%
11/10/2016,6.38,6.25,6.38,6.25,121,764,-0.62%
10/10/2016,6.42,6.38,6.46,6.36,3 627,23 249,-1.98%
07/10/2016,6.55,6.47,6.60,6.42,5 637,36 697,2.02%
06/10/2016,6.42,6.29,6.42,6.28,201,1 276,-0.77%
05/10/2016,6.47,6.48,6.48,6.29,10 845,69 245,1.25%
04/10/2016,6.39,6.40,6.40,6.21,3 470,21 878,0.00%
30/09/2016,6.39,6.40,6.40,6.38,1 550,9 905,-2.74%
29/09/2016,6.57,6.57,6.57,6.57,10,66,1.23%
28/09/2016,6.49,6.41,6.49,6.41,2 161,13 938,-1.67%
27/09/2016,6.60,6.60,6.60,6.41,455,2 960,0.00%
26/09/2016,6.60,6.37,6.65,6.36,4 758,30 951,-0.75%
23/09/2016,6.65,6.47,6.65,6.47,100,656,0.00%
22/09/2016,6.65,6.48,6.65,6.46,1 931,12 658,0.00%
21/09/2016,6.65,6.50,6.65,6.47,198,1 299,-0.15%
20/09/2016,6.66,6.70,6.70,6.48,2 198,14 485,0.00%
19/09/2016,6.66,6.85,6.85,6.66,1 134,7 660,-2.92%
16/09/2016,6.86,6.70,6.89,6.50,23 298,155 980,1.33%
15/09/2016,6.77,6.69,6.77,6.69,510,3 432,-1.74%
08/09/2016,6.89,6.89,6.89,6.89,15,103,0.00%
07/09/2016,6.89,6.89,6.89,6.89,20,138,1.77%
06/09/2016,6.77,6.77,6.93,6.77,304,2 082,0.00%
05/09/2016,6.77,6.76,6.77,6.56,1 824,12 157,2.89%
02/09/2016,6.58,6.69,6.69,6.58,720,4 777,-2.95%
01/09/2016,6.78,6.80,6.94,6.78,425,2 916,-2.31%
31/08/2016,6.94,6.97,6.97,6.94,70,487,2.21%
30/08/2016,6.79,6.82,7.00,6.79,4 591,31 655,-3.00%
29/08/2016,7.00,6.85,7.00,6.65,810,5 528,0.29%
25/08/2016,6.96,7.15,7.15,6.96,1 415,9 983,-0.29%
24/08/2016,6.98,6.98,7.20,6.98,5 460,38 711,-2.92%
22/08/2016,7.19,7.19,7.19,7.19,20,144,-0.14%
19/08/2016,7.20,6.99,7.20,6.99,4 320,30 650,0.00%
17/08/2016,7.20,7.29,7.29,7.20,130,942,0.00%
16/08/2016,7.20,6.99,7.20,6.99,330,2 341,0.00%
12/08/2016,7.20,7.20,7.20,7.20,200,1 440,-1.10%
11/08/2016,7.28,7.28,7.28,7.28,200,1 456,0.00%
10/08/2016,7.28,7.28,7.28,7.28,200,1 456,0.00%
09/08/2016,7.28,7.30,7.35,7.28,3 479,25 449,-2.93%
08/08/2016,7.50,7.50,7.54,7.34,2 770,20 609,-0.66%
05/08/2016,7.55,7.37,7.55,7.37,950,7 087,-0.40%
04/08/2016,7.58,7.58,7.58,7.39,375,2 807,-0.26%
03/08/2016,7.60,7.40,7.60,7.40,500,3 750,2.70%
02/08/2016,7.40,7.69,7.69,7.40,1 484,11 197,-2.63%
29/07/2016,7.60,7.45,7.70,7.45,1 260,9 545,0.00%
28/07/2016,7.60,7.60,7.60,7.60,351,2 668,0.00%
27/07/2016,7.60,7.60,7.60,7.60,200,1 520,-0.91%
26/07/2016,7.67,7.69,7.69,7.60,451,3 448,-0.52%
22/07/2016,7.71,7.60,7.71,7.60,250,1 914,0.00%
21/07/2016,7.71,7.71,7.71,7.71,110,848,-0.39%
20/07/2016,7.74,7.71,7.74,7.71,865,6 682,0.26%
19/07/2016,7.72,7.50,7.72,7.50,1 855,14 117,-0.13%
18/07/2016,7.73,7.72,7.73,7.50,330,2 513,0.00%
15/07/2016,7.73,7.70,7.74,7.51,1 260,9 608,-0.13%
13/07/2016,7.74,7.70,7.74,7.60,420,3 221,-0.13%
12/07/2016,7.75,7.74,7.75,7.74,1 017,7 877,0.00%
11/07/2016,7.75,7.78,7.78,7.74,1 000,7 760,0.65%
04/07/2016,7.70,7.70,7.70,7.60,180,1 377,0.00%
01/07/2016,7.70,7.60,7.82,7.60,1 153,8 890,-1.41%
30/06/2016,7.81,8.05,8.05,7.81,2 838,22 505,-0.51%
29/06/2016,7.85,7.90,7.90,7.81,1 150,9 033,1.68%
28/06/2016,7.72,7.94,7.99,7.72,2 658,20 879,-2.77%
27/06/2016,7.94,7.92,7.94,7.72,1 610,12 606,-0.13%
23/06/2016,7.95,7.97,7.97,7.95,180,1 433,-0.38%
22/06/2016,7.98,7.98,7.98,7.98,328,2 617,-0.13%
21/06/2016,7.99,7.76,7.99,7.60,153,1 193,-0.12%
20/06/2016,8.00,7.76,8.00,7.76,4 433,34 932,2.56%
16/06/2016,7.80,7.60,7.80,7.60,8 390,64 603,2.63%
15/06/2016,7.60,7.60,7.60,7.60,110,836,-1.30%
14/06/2016,7.70,7.47,7.70,7.47,1 267,9 610,0.00%
13/06/2016,7.70,7.64,7.86,7.64,3 550,27 513,0.79%
10/06/2016,7.64,7.48,7.64,7.48,676,5 111,-0.52%
09/06/2016,7.68,7.49,7.68,7.49,2 160,16 384,0.39%
08/06/2016,7.65,7.69,7.70,7.65,810,6 217,-0.65%
07/06/2016,7.70,7.58,7.70,7.55,8 150,62 144,-1.03%
06/06/2016,7.78,7.78,7.78,7.78,781,6 076,0.00%
03/06/2016,7.78,7.67,7.80,7.65,13 548,104 658,-1.27%
02/06/2016,7.88,7.70,7.90,7.66,3 302,25 690,-0.13%
01/06/2016,7.89,7.97,7.97,7.74,6 167,48 442,-1.00%
31/05/2016,7.97,7.86,7.97,7.86,3 430,27 148,-0.13%
30/05/2016,7.98,7.92,7.98,7.90,2 342,18 595,-0.25%
26/05/2016,8.00,8.07,8.08,8.00,4 820,38 753,-0.12%
25/05/2016,8.01,8.03,8.03,8.01,1 648,13 217,-2.67%
24/05/2016,8.23,8.20,8.24,8.20,4 530,37 237,0.37%
23/05/2016,8.20,8.19,8.20,8.19,1 372,11 244,-0.36%
20/05/2016,8.23,8.20,8.28,8.00,1 718,13 985,2.24%
19/05/2016,8.05,8.36,8.36,8.00,2 431,19 886,-3.82%
18/05/2016,8.37,8.15,8.38,8.15,1 675,13 844,2.83%
17/05/2016,8.14,8.14,8.16,8.01,3 996,32 308,-0.73%
16/05/2016,8.20,8.38,8.38,8.20,475,3 938,-2.15%
13/05/2016,8.38,8.40,8.40,8.16,1 470,12 172,0.36%
12/05/2016,8.35,8.60,8.60,8.35,2 914,24 696,-0.60%
11/05/2016,8.40,8.77,8.77,8.40,25 526,219 141,0.00%
10/05/2016,8.40,8.45,8.45,8.40,3 171,26 716,-0.47%
09/05/2016,8.44,8.44,8.45,8.43,2 350,19 834,0.12%
06/05/2016,8.43,8.40,8.43,8.40,2 200,18 513,0.36%
05/05/2016,8.40,8.40,8.40,8.31,2 563,21 414,1.20%
04/05/2016,8.30,8.06,8.30,8.06,352,2 879,0.00%
03/05/2016,8.30,8.31,8.45,8.30,6 963,58 315,-0.12%
02/05/2016,8.31,8.30,8.40,8.30,4 137,34 544,-1.07%
29/04/2016,8.40,8.30,8.43,8.30,3 132,26 199,1.20%
28/04/2016,8.30,8.40,8.40,8.30,8 435,70 432,-0.24%
27/04/2016,8.32,8.32,8.55,8.32,4 480,37 789,-2.12%
26/04/2016,8.50,8.30,8.50,8.11,9 590,79 645,2.41%
25/04/2016,8.30,8.09,8.30,8.09,2 920,23 929,2.60%
22/04/2016,8.09,8.27,8.29,8.03,14 075,114 852,0.00%
21/04/2016,8.09,8.35,8.60,8.09,53 807,449 019,-5.93%
20/04/2016,8.60,8.75,8.75,8.49,627,5 405,0.00%
19/04/2016,8.60,8.31,8.68,8.31,1 580,13 422,0.47%
18/04/2016,8.56,8.64,8.70,8.56,3 871,33 407,-2.95%
15/04/2016,8.82,8.65,8.83,8.65,2 564,22 409,1.97%
14/04/2016,8.65,8.95,8.95,8.65,2 846,25 045,-2.26%
13/04/2016,8.85,8.93,8.93,8.67,4 615,40 612,0.80%
12/04/2016,8.78,8.78,8.99,8.78,29 545,262 507,2.81%
11/04/2016,8.54,8.30,8.54,8.30,10 809,91 012,2.89%
08/04/2016,8.30,8.16,8.30,8.10,1 805,14 801,0.00%
07/04/2016,8.30,8.10,8.30,8.10,367,3 009,2.98%
06/04/2016,8.06,8.06,8.06,8.06,910,7 335,0.00%
05/04/2016,8.06,8.30,8.38,8.06,889,7 308,-3.93%
31/03/2016,8.39,8.19,8.44,8.18,4 791,39 813,-0.12%
30/03/2016,8.40,8.40,8.40,8.40,1 000,8 400,0.00%
25/03/2016,8.40,8.40,8.40,8.40,220,1 848,-0.59%
24/03/2016,8.45,8.25,8.45,8.25,2 381,19 881,-0.59%
23/03/2016,8.50,8.54,8.54,8.30,1 342,11 300,-0.58%
22/03/2016,8.55,8.78,8.78,8.55,8 190,70 966,-1.72%
21/03/2016,8.70,8.80,8.86,8.70,5 204,45 691,-2.14%
18/03/2016,8.89,8.90,8.90,8.70,2 592,22 810,1.02%
17/03/2016,8.80,8.60,8.85,8.60,14 315,124 898,2.33%
16/03/2016,8.60,8.40,8.60,8.39,44 381,377 017,2.50%
15/03/2016,8.39,8.18,8.42,7.94,14 381,117 637,2.57%
14/03/2016,8.18,8.15,8.18,8.15,850,6 940,0.37%
11/03/2016,8.15,8.14,8.15,8.14,932,7 591,2.90%
10/03/2016,7.92,8.05,8.15,7.86,2 089,16 722,-2.10%
09/03/2016,8.09,7.71,8.09,7.71,769,6 075,2.41%
08/03/2016,7.90,7.80,7.90,7.80,5 642,44 290,1.28%
07/03/2016,7.80,7.80,7.98,7.80,884,6 975,0.00%
04/03/2016,7.80,7.80,7.80,7.80,23,179,-2.50%
03/03/2016,8.00,7.90,8.00,7.90,1 234,9 810,1.27%
02/03/2016,7.90,7.80,7.99,7.80,2 280,18 001,-1.25%
01/03/2016,8.00,8.00,8.00,8.00,200,1 600,0.00%
29/02/2016,8.00,8.05,8.05,8.00,577,4 630,-1.23%
24/02/2016,8.03,8.03,8.03,8.03,35,281,-1.47%
23/02/2016,8.15,8.10,8.15,7.81,51,407,1.24%
22/02/2016,8.05,8.05,8.05,8.05,1 080,8 694,-1.35%
19/02/2016,8.16,8.00,8.16,8.00,2 426,19 602,-0.12%
18/02/2016,8.17,8.00,8.17,8.00,1 916,15 491,2.12%
17/02/2016,8.00,8.00,8.10,8.00,2 704,21 767,-1.23%
16/02/2016,8.10,8.19,8.19,8.10,1 929,15 712,-1.10%
12/02/2016,8.19,8.19,8.19,8.19,10,82,0.61%
11/02/2016,8.14,8.00,8.14,8.00,10,81,0.49%
10/02/2016,8.10,8.10,8.10,8.02,9 575,77 174,-0.74%
09/02/2016,8.16,8.16,8.16,8.16,256,2 089,0.12%
08/02/2016,8.15,8.10,8.24,8.10,623,5 090,0.62%
05/02/2016,8.10,8.20,8.30,8.10,2 271,18 622,-2.99%
04/02/2016,8.35,8.30,8.35,8.16,2 885,23 816,0.60%
03/02/2016,8.30,8.20,8.30,8.20,2 730,22 523,1.22%
02/02/2016,8.20,8.20,8.21,8.20,3 866,31 721,-1.56%
01/02/2016,8.33,8.33,8.33,8.33,1,8,0.97%
29/01/2016,8.25,8.20,8.26,8.20,4 594,37 809,-0.48%
28/01/2016,8.29,8.20,8.29,8.20,251,2 069,1.22%
27/01/2016,8.19,8.12,8.30,8.12,5 884,48 308,-0.12%
26/01/2016,8.20,8.20,8.30,8.05,1 941,15 868,2.12%
25/01/2016,8.03,8.15,8.15,8.03,540,4 369,-1.95%
22/01/2016,8.19,8.01,8.19,8.01,208,1 685,-0.12%
21/01/2016,8.20,8.20,8.20,8.01,2 405,19 493,0.00%
20/01/2016,8.20,8.20,8.22,8.20,3 223,26 461,-2.03%
19/01/2016,8.37,8.20,8.37,8.20,3 256,26 976,1.45%
18/01/2016,8.25,8.42,8.42,8.25,66,550,0.61%
15/01/2016,8.20,8.14,8.29,8.10,7 493,61 405,0.74%
13/01/2016,8.14,8.20,8.28,8.03,2 620,21 366,-0.73%
12/01/2016,8.20,8.28,8.28,8.09,9 643,78 928,1.11%
11/01/2016,8.11,8.21,8.40,8.11,17 156,141 623,-2.29%
08/01/2016,8.30,8.42,8.42,8.26,14 682,122 448,-1.19%
07/01/2016,8.40,8.47,8.47,8.27,7 259,60 758,1.82%
06/01/2016,8.25,8.26,8.35,8.17,14 637,120 902,-0.60%
05/01/2016,8.30,8.31,8.31,8.30,24 000,199 320,-0.12%
04/01/2016,8.31,8.50,8.50,8.31,574,4 824,-1.77%
31/12/2015,8.46,8.31,8.46,8.31,5 984,50 176,-0.12%
30/12/2015,8.47,8.31,8.50,8.31,2 012,16 911,-0.12%
29/12/2015,8.48,8.30,8.48,8.30,32,268,1.56%
28/12/2015,8.35,8.35,8.35,8.35,2 458,20 524,0.00%
25/12/2015,8.35,8.53,8.54,8.35,4 487,37 893,-1.76%
23/12/2015,8.50,8.50,8.50,8.40,3 050,25 772,-1.05%
22/12/2015,8.59,8.46,8.59,8.40,5 030,42 730,-0.12%
21/12/2015,8.60,8.64,8.69,8.45,22 654,194 145,0.00%
18/12/2015,8.60,8.40,8.63,8.40,7 695,65 523,1.18%
15/12/2015,8.50,8.30,8.50,8.26,2 567,21 511,0.00%
14/12/2015,8.50,8.59,8.59,8.40,1 065,9 047,-0.58%
10/12/2015,8.55,8.31,8.55,8.30,1 110,9 352,2.89%
09/12/2015,8.31,8.42,8.42,8.30,945,7 900,-1.07%
08/12/2015,8.40,8.40,8.41,8.40,7 667,64 441,-2.78%
04/12/2015,8.64,8.40,8.64,8.40,5 979,50 941,2.61%
03/12/2015,8.42,8.30,8.42,8.27,7 100,59 249,1.45%
02/12/2015,8.30,8.30,8.30,8.30,619,5 138,0.00%
01/12/2015,8.30,8.30,8.30,8.30,3 105,25 772,-1.66%
30/11/2015,8.44,8.48,8.48,8.26,1 833,15 342,0.00%
25/11/2015,8.45,8.30,8.48,8.20,666,5 554,0.00%
24/11/2015,8.45,8.45,8.45,8.30,2 001,16 758,0.60%
23/11/2015,8.40,8.49,8.50,8.40,1 910,16 139,-0.59%
20/11/2015,8.45,8.58,8.58,8.45,1 356,11 546,-1.17%
19/11/2015,8.55,8.46,8.55,8.46,1 384,11 771,1.06%
18/11/2015,8.46,8.46,8.46,8.46,500,4 230,-0.47%
17/11/2015,8.50,8.50,8.64,8.50,7 908,67 772,0.00%
16/11/2015,8.50,8.50,8.50,8.49,10 625,90 259,1.19%
13/11/2015,8.40,8.49,8.50,8.40,5 050,42 673,-2.21%
11/11/2015,8.59,8.60,8.65,8.33,1 230,10 443,1.66%
10/11/2015,8.45,8.36,8.59,8.35,5 468,46 314,1.08%
09/11/2015,8.36,8.57,8.57,8.35,2 195,18 570,-2.79%
06/11/2015,8.60,8.60,8.61,8.60,10 091,86 833,0.00%
05/11/2015,8.60,8.65,8.77,8.60,10 380,90 150,-0.58%
04/11/2015,8.65,8.60,8.65,8.42,9 279,79 196,0.58%
03/11/2015,8.60,8.65,8.69,8.56,13 453,116 032,-1.94%
02/11/2015,8.77,8.75,8.78,8.60,2 881,25 036,-0.23%
30/10/2015,8.79,8.64,8.79,8.64,1 000,8 715,1.74%
29/10/2015,8.64,8.72,8.72,8.51,8 269,71 237,0.47%
28/10/2015,8.60,8.36,8.72,8.36,9 325,79 635,2.99%
27/10/2015,8.35,8.86,8.86,8.35,1 514,13 028,-2.91%
26/10/2015,8.60,8.86,8.86,8.60,16 339,142 639,-1.26%
23/10/2015,8.71,8.86,8.86,8.71,3 576,31 415,-2.90%
22/10/2015,8.97,9.05,9.05,8.97,37,333,1.93%
21/10/2015,8.80,8.99,9.00,8.73,4 700,41 666,0.34%
20/10/2015,8.77,9.00,9.10,8.77,4 658,41 619,-1.90%
19/10/2015,8.94,8.56,8.94,8.52,8 402,73 349,4.68%
16/10/2015,8.54,8.50,8.75,8.50,5 713,49 275,-1.61%
13/10/2015,8.68,8.73,8.80,8.52,6 980,60 447,2.12%
12/10/2015,8.50,8.73,8.80,8.49,11 228,97 066,-2.63%
09/10/2015,8.73,8.74,8.74,8.48,1 467,12 631,2.59%
08/10/2015,8.51,8.51,8.51,8.51,2 423,20 620,-2.96%
07/10/2015,8.77,8.78,8.78,8.40,1 904,16 355,2.33%
06/10/2015,8.57,8.83,8.83,8.57,1 683,14 642,-2.50%
05/10/2015,8.79,8.80,8.80,8.70,1 113,9 739,0.00%
02/10/2015,8.79,8.89,8.89,8.63,8 004,70 115,0.00%
01/10/2015,8.79,8.88,8.88,8.79,202,1 785,1.85%
30/09/2015,8.63,8.62,8.79,8.62,2 830,24 635,-1.93%
29/09/2015,8.80,8.97,8.97,8.71,3 227,28 527,0.00%
28/09/2015,8.80,8.77,8.99,8.77,806,7 157,-2.00%
23/09/2015,8.98,8.99,9.00,8.90,3 106,27 799,2.63%
22/09/2015,8.75,8.95,9.00,8.75,5 827,51 715,-2.45%
21/09/2015,8.97,9.07,9.15,8.97,4 477,40 562,0.00%
18/09/2015,8.97,9.14,9.14,8.87,2 759,24 845,-0.33%
17/09/2015,9.00,9.10,9.20,9.00,22 006,200 255,-2.07%
16/09/2015,9.19,9.26,9.40,9.11,63 851,590 941,2.11%
15/09/2015,9.00,8.60,9.00,8.60,65 040,572 352,6.01%
14/09/2015,8.49,8.25,8.49,8.21,38 942,325 166,2.29%
11/09/2015,8.30,8.23,8.40,8.00,19 329,158 498,3.75%
10/09/2015,8.00,8.10,8.30,8.00,12 825,104 524,-0.87%
09/09/2015,8.07,8.00,8.07,8.00,14 172,113 872,0.88%
08/09/2015,8.00,8.00,8.00,8.00,800,6 400,0.00%
07/09/2015,8.00,7.90,8.00,7.80,2 073,16 377,0.00%
04/09/2015,8.00,8.17,8.17,8.00,697,5 635,-1.11%
03/09/2015,8.09,8.09,8.44,8.09,8 996,74 352,-4.49%
02/09/2015,8.47,8.06,8.47,8.06,121,1 000,2.05%
27/08/2015,8.38,8.39,8.39,8.20,3 495,28 991,-0.12%
25/08/2015,8.39,8.20,8.39,8.20,420,3 484,2.32%
24/08/2015,8.20,8.39,8.39,8.20,1 360,11 281,-0.12%
21/08/2015,8.21,8.21,8.21,8.21,130,1 067,-2.15%
20/08/2015,8.39,8.39,8.39,8.39,1 074,9 011,-0.12%
19/08/2015,8.40,8.30,8.40,8.30,3 266,27 271,0.00%
18/08/2015,8.40,8.49,8.49,8.40,1 845,15 581,0.00%
17/08/2015,8.40,8.30,8.40,8.25,3 086,25 691,0.00%
14/08/2015,8.40,8.37,8.40,8.37,2 000,16 770,-1.18%
11/08/2015,8.50,8.50,8.50,8.37,5 221,44 039,0.00%
10/08/2015,8.50,8.55,8.55,8.50,115,980,-1.16%
07/08/2015,8.60,8.59,8.73,8.59,2 463,21 330,1.42%
06/08/2015,8.48,8.60,8.60,8.48,5 960,50 898,-1.40%
04/08/2015,8.60,8.43,8.62,8.43,2 505,21 355,-1.04%
03/08/2015,8.69,8.68,8.69,8.68,5 050,43 859,2.24%
31/07/2015,8.50,8.30,8.50,8.30,165,1 386,0.00%
30/07/2015,8.50,8.55,8.55,8.49,3 395,28 925,-0.70%
28/07/2015,8.56,8.40,8.56,8.40,14 801,125 512,2.88%
24/07/2015,8.32,8.30,8.32,8.30,832,6 914,-2.12%
22/07/2015,8.50,8.49,8.50,8.49,385,3 271,-1.05%
21/07/2015,8.59,8.59,8.59,8.59,1,9,2.26%
16/07/2015,8.40,8.60,8.60,8.40,755,6 418,-1.18%
15/07/2015,8.50,8.60,8.60,8.50,704,6 019,1.80%
14/07/2015,8.35,8.60,8.82,8.35,2 597,22 295,-2.91%
13/07/2015,8.60,8.80,9.06,8.56,369,3 251,0.58%
10/07/2015,8.55,8.50,8.55,8.50,4 188,35 703,-1.16%
09/07/2015,8.65,8.50,8.65,8.50,9 381,80 442,0.12%
08/07/2015,8.64,8.60,8.64,8.60,6 160,53 099,0.47%
07/07/2015,8.60,8.58,8.64,8.58,8 502,73 202,0.82%
06/07/2015,8.53,8.55,8.60,8.50,2 175,18 596,0.35%
03/07/2015,8.50,8.50,8.62,8.50,17 879,153 044,0.00%
02/07/2015,8.50,8.50,8.50,8.50,5 176,43 996,0.00%
01/07/2015,8.50,8.74,8.74,8.50,290,2 500,-0.58%
30/06/2015,8.55,8.42,8.60,8.42,1 027,8 740,-1.50%
29/06/2015,8.68,8.43,8.68,8.43,501,4 286,-0.12%
26/06/2015,8.69,8.70,8.70,8.47,1 631,14 002,2.60%
25/06/2015,8.47,8.47,8.47,8.47,11 851,100 378,2.92%
24/06/2015,8.23,8.50,8.53,8.23,9 100,76 258,-0.96%
23/06/2015,8.31,8.51,8.69,8.31,791,6 724,-2.35%
22/06/2015,8.51,8.36,8.51,8.36,994,8 384,0.00%
19/06/2015,8.51,8.50,8.74,8.50,3 136,27 032,0.12%
18/06/2015,8.50,8.38,8.50,8.30,28 803,241 945,1.55%
17/06/2015,8.37,8.22,8.37,8.22,21,174,1.82%
16/06/2015,8.22,8.22,8.22,8.22,133,1 093,-2.14%
11/06/2015,8.40,8.40,8.40,8.40,2,17,1.69%
10/06/2015,8.26,8.26,8.39,8.26,347,2 889,-1.43%
09/06/2015,8.38,8.39,8.39,8.38,1 110,9 307,-0.12%
08/06/2015,8.39,8.34,8.40,8.34,2 970,24 859,0.00%
05/06/2015,8.39,8.35,8.39,8.35,5 900,49 383,2.94%
04/06/2015,8.15,8.10,8.34,8.10,649,5 335,-2.28%
03/06/2015,8.34,8.11,8.34,8.11,2 287,18 811,0.00%
02/06/2015,8.34,8.35,8.35,8.01,3 058,25 014,1.71%
01/06/2015,8.20,8.17,8.37,8.17,2 931,24 239,-2.03%
27/05/2015,8.29,8.19,8.29,8.19,1 945,16 027,1.22%
26/05/2015,8.19,8.00,8.19,8.00,251,2 032,-0.49%
25/05/2015,8.23,8.19,8.23,8.19,800,6 568,2.88%
22/05/2015,8.00,8.00,8.15,7.87,2 367,18 960,-1.23%
21/05/2015,8.10,8.10,8.10,8.10,200,1 620,0.00%
20/05/2015,8.10,8.00,8.10,8.00,1 083,8 718,1.50%
19/05/2015,7.98,8.00,8.00,7.86,1 653,13 108,-1.48%
18/05/2015,8.10,8.10,8.10,8.10,370,2 997,-1.82%
15/05/2015,8.25,8.04,8.25,8.04,25,204,-0.36%
14/05/2015,8.28,8.06,8.28,8.06,19,155,-0.24%
13/05/2015,8.30,8.30,8.30,8.25,1 028,8 507,-1.54%
11/05/2015,8.43,8.20,8.43,8.20,924,7 683,2.93%
08/05/2015,8.19,8.00,8.19,8.00,404,3 270,-0.12%
07/05/2015,8.20,7.99,8.20,7.91,2 173,17 504,2.50%
06/05/2015,8.00,7.91,8.00,7.91,275,2 188,1.14%
05/05/2015,7.91,8.09,8.09,7.91,165 306,1 322 448,-2.35%
30/04/2015,8.10,8.15,8.15,7.85,5 709,45 672,0.12%
29/04/2015,8.09,8.09,8.09,8.09,350,2 832,2.93%
28/04/2015,7.86,7.84,8.04,7.84,1 099,8 726,0.00%
27/04/2015,7.86,7.86,7.86,7.85,10 234,80 388,-0.51%
24/04/2015,7.90,7.85,8.19,7.85,6 254,50 157,-2.35%
23/04/2015,8.09,8.34,8.34,8.09,10 620,87 243,-1.82%
22/04/2015,8.24,8.01,8.25,8.01,9 530,77 479,3.00%
21/04/2015,8.00,8.00,8.00,8.00,1 240,9 920,0.00%
20/04/2015,8.00,8.00,8.00,8.00,240,1 920,0.00%
17/04/2015,8.00,7.99,8.00,7.99,6 536,52 255,0.00%
16/04/2015,8.00,7.76,8.00,7.76,45,355,1.27%
15/04/2015,7.90,7.76,7.90,7.76,861,6 742,-1.25%
13/04/2015,8.00,8.00,8.00,8.00,1 500,12 000,0.00%
10/04/2015,8.00,7.73,8.00,7.73,600,4 719,0.50%
07/04/2015,7.96,8.20,8.20,7.96,970,7 838,-0.50%
06/04/2015,8.00,7.88,8.00,7.88,7 096,56 342,2.56%
03/04/2015,7.80,7.80,7.80,7.80,10,78,1.83%
02/04/2015,7.66,7.80,7.80,7.66,1 751,13 535,-2.92%
31/03/2015,7.89,7.97,7.98,7.74,6 150,48 339,1.68%
30/03/2015,7.76,7.76,7.76,7.76,490,3 802,-2.88%
26/03/2015,7.99,7.99,7.99,7.99,110,879,-0.12%
25/03/2015,8.00,7.99,8.00,7.99,2 255,18 029,0.13%
23/03/2015,7.99,7.99,7.99,7.99,1 723,13 767,0.13%
19/03/2015,7.98,7.62,7.98,7.61,3 712,28 935,2.31%
18/03/2015,7.80,7.79,7.80,7.79,350,2 728,0.00%
16/03/2015,7.80,7.80,7.80,7.80,2 000,15 600,-2.26%
13/03/2015,7.98,8.00,8.00,7.76,171,1 347,-0.25%
12/03/2015,8.00,8.00,8.00,8.00,5,40,-1.11%
11/03/2015,8.09,7.96,8.09,7.76,95,753,-1.34%
09/03/2015,8.20,8.20,8.20,8.20,1,8,2.50%
06/03/2015,8.00,7.90,8.00,7.90,1 739,13 825,1.27%
05/03/2015,7.90,7.89,7.90,7.89,500,3 948,0.38%
04/03/2015,7.87,7.88,7.88,7.65,2 243,17 417,-0.13%
03/03/2015,7.88,7.76,7.88,7.53,1 828,14 085,4.51%
02/03/2015,7.54,7.94,7.94,7.52,4 501,34 793,-2.20%
26/02/2015,7.90,7.76,7.90,7.68,462,3 599,1.80%
25/02/2015,7.76,7.90,7.90,7.76,17 019,133 259,-3.00%
24/02/2015,8.00,8.24,8.24,8.00,3 620,29 394,-0.62%
23/02/2015,8.05,8.29,8.29,8.05,3 105,25 368,-0.62%
20/02/2015,8.10,7.95,8.25,7.95,33 060,267 786,2.40%
19/02/2015,7.91,7.90,7.91,7.67,1 679,13 079,2.73%
18/02/2015,7.70,7.93,7.93,7.70,475,3 712,-2.90%
17/02/2015,7.93,7.77,7.93,7.72,1 135,8 881,-0.25%
16/02/2015,7.95,7.94,7.95,7.94,521,4 139,-0.50%
13/02/2015,7.99,7.80,7.99,7.78,2 513,19 815,2.83%
12/02/2015,7.77,7.77,7.77,7.77,20,155,-2.88%
06/02/2015,8.00,7.62,8.00,7.62,110,859,1.91%
05/02/2015,7.85,7.85,7.85,7.85,115,903,-1.75%
04/02/2015,7.99,8.00,8.00,7.99,720,5 756,-0.75%
03/02/2015,8.05,8.05,8.05,8.05,10,81,1.13%
02/02/2015,7.96,7.83,7.96,7.60,186,1 447,-1.36%
30/01/2015,8.07,8.07,8.07,8.07,500,4 035,-0.12%
29/01/2015,8.08,8.09,8.09,7.87,540,4 309,-0.12%
28/01/2015,8.09,8.03,8.10,8.00,226,1 819,1.25%
27/01/2015,7.99,7.87,8.02,7.80,5 330,42 160,2.57%
26/01/2015,7.79,7.79,7.79,7.79,5,39,-1.27%
23/01/2015,7.89,7.88,7.89,7.88,160,1 262,0.13%
22/01/2015,7.88,7.77,7.88,7.77,100,782,1.42%
20/01/2015,7.77,7.56,7.77,7.56,707,5 419,-0.26%
19/01/2015,7.79,7.80,7.80,7.57,355,2 728,-1.14%
15/01/2015,7.88,7.51,7.88,7.48,1 400,10 752,2.20%
13/01/2015,7.71,7.71,7.71,7.71,50,386,-2.90%
12/01/2015,7.94,7.94,7.94,7.94,10,79,0.00%
09/01/2015,7.94,7.94,7.94,7.94,5,40,2.45%
08/01/2015,7.75,7.49,7.75,7.49,2 020,15 392,0.39%
07/01/2015,7.72,7.78,7.78,7.72,505,3 914,-2.89%
05/01/2015,7.95,7.95,7.95,7.95,200,1 590,-2.93%
02/01/2015,8.19,7.91,8.19,7.91,210,1 691,0.49%
31/12/2014,8.15,8.12,8.15,8.12,1 676,13 634,-0.85%
30/12/2014,8.22,8.00,8.22,7.83,1 760,14 124,2.49%
29/12/2014,8.02,8.02,8.02,8.02,33,265,-2.08%
26/12/2014,8.19,8.25,8.25,8.01,1 886,15 333,0.00%
25/12/2014,8.19,8.20,8.20,8.19,2 540,20 815,-1.21%
24/12/2014,8.29,8.29,8.29,8.29,20,166,-0.72%
23/12/2014,8.35,8.35,8.35,8.35,250,2 088,-2.91%
22/12/2014,8.60,8.43,8.65,8.15,2 630,22 092,2.38%
19/12/2014,8.40,7.96,8.44,7.96,11 285,92 537,2.44%
18/12/2014,8.20,7.62,8.20,7.62,6 773,53 574,4.46%
17/12/2014,7.85,7.62,7.85,7.61,3 287,25 409,0.13%
16/12/2014,7.84,7.99,7.99,7.76,267,2 103,-0.13%
15/12/2014,7.85,8.00,8.00,7.85,30,238,0.00%
12/12/2014,7.85,7.80,7.85,7.75,1 205,9 399,-1.63%
10/12/2014,7.98,7.75,7.98,7.75,30,236,0.00%
09/12/2014,7.98,7.75,7.98,7.56,30,233,0.00%
05/12/2014,7.98,7.80,7.98,7.76,5 160,40 609,-0.13%
04/12/2014,7.99,7.99,7.99,7.80,1 020,8 053,0.00%
03/12/2014,7.99,8.00,8.00,7.80,2 274,17 965,0.00%
02/12/2014,7.99,7.99,8.00,7.99,4 545,36 337,-0.12%
01/12/2014,8.00,7.90,8.00,7.90,2 530,20 114,0.00%
27/11/2014,8.00,7.76,8.00,7.76,756,5 957,0.13%
26/11/2014,7.99,7.76,7.99,7.76,127,1 000,-0.12%
25/11/2014,8.00,8.08,8.08,8.00,1 550,12 462,-1.11%
24/11/2014,8.09,8.09,8.10,8.00,180,1 449,1.76%
21/11/2014,7.95,8.09,8.09,7.85,202,1 610,-0.38%
20/11/2014,7.98,7.76,7.98,7.76,5,39,-0.13%
19/11/2014,7.99,7.76,7.99,7.76,174,1 370,-0.12%
18/11/2014,8.00,7.95,8.10,7.95,2 260,18 137,0.63%
17/11/2014,7.95,7.76,7.95,7.53,260,2 012,-0.50%
13/11/2014,7.99,7.99,7.99,7.99,10,80,0.00%
12/11/2014,7.99,7.98,7.99,7.98,361,2 883,0.00%
11/11/2014,7.99,7.84,7.99,7.84,10,79,-1.11%
06/11/2014,8.08,7.82,8.15,7.82,10 274,82 038,-1.22%
05/11/2014,8.18,8.18,8.18,8.18,340,2 781,-0.49%
04/11/2014,8.22,7.64,8.22,7.64,2 302,18 255,4.45%
03/11/2014,7.87,7.57,7.87,7.53,296,2 279,-0.13%
30/10/2014,7.88,7.66,7.88,7.66,353,2 743,2.87%
29/10/2014,7.66,7.66,7.66,7.66,630,4 826,-2.92%
28/10/2014,7.89,7.85,7.90,7.85,425,3 347,0.51%
27/10/2014,7.85,7.85,7.85,7.85,100,785,-0.51%
23/10/2014,7.89,7.89,7.89,7.89,102,805,2.47%
22/10/2014,7.70,7.48,7.70,7.48,843,6 398,-2.90%
20/10/2014,7.93,7.93,7.93,7.93,6,48,-0.25%
14/10/2014,7.95,7.94,7.95,7.94,3 510,27 887,-0.13%
13/10/2014,7.96,7.96,7.96,7.96,110,876,2.98%
10/10/2014,7.73,7.31,7.73,7.31,860,6 467,4.32%
09/10/2014,7.41,7.41,7.69,7.41,523,3 949,-2.88%
08/10/2014,7.63,7.63,7.63,7.63,1,8,2.28%
07/10/2014,7.46,7.70,7.93,7.46,486,3 740,-5.93%
06/10/2014,7.93,7.94,7.94,7.71,1 761,13 780,1.15%
03/10/2014,7.84,7.85,7.85,7.84,3 000,23 535,-0.76%
02/10/2014,7.90,7.90,7.90,7.90,10,79,0.64%
01/10/2014,7.85,7.90,7.90,7.31,2 605,19 811,2.08%
30/09/2014,7.69,7.49,7.69,7.49,145,1 101,-0.39%
29/09/2014,7.72,7.72,7.72,7.72,120,926,1.05%
26/09/2014,7.64,7.66,7.66,7.64,260,1 989,-1.42%
25/09/2014,7.75,7.89,7.89,7.66,6 797,52 847,-0.39%
24/09/2014,7.78,7.67,7.78,7.67,1 400,10 815,-1.52%
18/09/2014,7.90,7.67,7.90,7.67,3 760,29 272,0.00%
16/09/2014,7.90,7.74,7.90,7.74,3 996,31 249,0.00%
15/09/2014,7.90,7.97,7.97,7.90,201,1 595,0.25%
12/09/2014,7.88,7.64,7.90,7.64,3 320,25 796,-1.50%
10/09/2014,8.00,7.80,8.00,7.79,4 376,34 549,-0.37%
09/09/2014,8.03,7.85,8.03,7.85,290,2 303,-0.74%
08/09/2014,8.09,8.07,8.09,8.07,295,2 384,0.12%
04/09/2014,8.08,7.96,8.08,7.96,6,48,-1.46%
01/09/2014,8.20,8.20,8.20,8.20,200,1 640,2.76%
25/08/2014,8.01,8.01,8.01,8.01,90,721,0.12%
22/08/2014,8.00,8.05,8.05,7.90,6 855,54 669,0.00%
21/08/2014,8.00,8.05,8.05,8.00,32,257,0.38%
20/08/2014,7.97,7.99,7.99,7.88,806,6 396,-1.24%
19/08/2014,8.07,8.10,8.10,7.87,121,966,0.88%
18/08/2014,8.00,8.08,8.08,7.85,3 877,30 880,1.91%
15/08/2014,7.85,7.86,8.13,7.85,472,3 771,-2.97%
14/08/2014,8.09,7.90,8.10,7.90,779,6 232,-0.61%
12/08/2014,8.14,7.79,8.16,7.79,2 186,17 433,0.12%
08/08/2014,8.13,7.94,8.14,7.93,693,5 568,-0.49%
07/08/2014,8.17,8.18,8.18,7.96,493,3 979,-0.37%
06/08/2014,8.20,8.20,8.20,8.19,451,3 696,0.12%
05/08/2014,8.19,8.19,8.19,8.19,4 300,35 217,-1.80%
04/08/2014,8.34,8.36,8.36,8.20,26,215,-0.36%
01/08/2014,8.37,8.39,8.39,8.15,1 833,15 159,2.70%
31/07/2014,8.15,8.00,8.15,8.00,755,6 097,-1.09%
23/07/2014,8.24,8.19,8.24,8.19,611,5 019,0.00%
22/07/2014,8.24,8.24,8.24,8.24,50,412,-0.48%
18/07/2014,8.28,8.28,8.39,8.07,1 560,12 839,-0.24%
17/07/2014,8.30,7.97,8.38,7.97,1 278,10 448,-0.48%
16/07/2014,8.34,8.21,8.34,8.21,121,1 001,-1.18%
15/07/2014,8.44,8.44,8.44,8.44,100,844,2.93%
14/07/2014,8.20,8.21,8.21,8.20,150,1 231,1.11%
11/07/2014,8.11,8.24,8.45,8.10,752,6 223,-4.48%
10/07/2014,8.49,8.35,8.49,8.35,35,295,-1.28%
09/07/2014,8.60,8.60,8.60,8.60,500,4 300,0.35%
07/07/2014,8.57,8.49,8.57,8.49,613,5 229,2.02%
04/07/2014,8.40,8.48,8.48,8.24,3 005,25 122,-1.06%
03/07/2014,8.49,8.25,8.49,8.25,6 725,56 288,-0.12%
02/07/2014,8.50,8.56,8.57,8.50,2 366,20 194,-1.05%
01/07/2014,8.59,8.60,8.60,8.35,4 934,41 816,-0.12%
30/06/2014,8.60,8.60,8.60,8.60,105,903,0.00%
27/06/2014,8.60,8.40,8.60,8.40,490,4 165,-0.58%
26/06/2014,8.65,8.66,8.66,8.41,123,1 050,-0.35%
23/06/2014,8.68,8.70,8.70,8.68,210,1 825,-0.80%
20/06/2014,8.75,8.74,8.75,8.74,3 500,30 608,0.23%
18/06/2014,8.73,8.73,8.73,8.73,37,323,-0.11%
17/06/2014,8.74,8.30,8.74,8.30,120,1 022,2.34%
16/06/2014,8.54,8.60,8.60,8.36,1 552,13 161,-0.12%
13/06/2014,8.55,8.36,8.55,8.36,5 635,47 644,-2.29%
12/06/2014,8.75,8.55,8.79,8.54,569,4 930,-0.57%
11/06/2014,8.80,8.60,8.82,8.46,3 519,30 404,-0.56%
10/06/2014,8.85,8.85,8.85,8.85,30,266,0.23%
09/06/2014,8.83,8.85,8.85,8.59,326,2 843,2.67%
06/06/2014,8.60,8.49,8.75,8.49,2 945,25 386,1.30%
05/06/2014,8.49,8.49,8.49,8.49,95,807,0.00%
04/06/2014,8.49,8.41,8.49,8.41,280,2 366,0.95%
03/06/2014,8.41,8.21,8.41,8.20,929,7 715,-0.36%
02/06/2014,8.44,8.44,8.44,8.44,11,93,-0.12%
29/05/2014,8.50,8.33,8.68,8.31,5 122,43 511,-2.30%
28/05/2014,8.70,8.48,8.70,8.48,286,2 457,-0.46%
26/05/2014,8.74,8.53,8.74,8.53,5 525,47 708,-0.57%
23/05/2014,8.79,8.79,8.79,8.56,345,2 993,-0.11%
21/05/2014,8.80,8.85,8.85,8.59,229,1 997,0.00%
19/05/2014,8.80,8.58,8.84,8.58,462,4 024,-0.34%
16/05/2014,8.83,8.83,8.83,8.83,5,44,0.46%
15/05/2014,8.79,8.82,8.82,8.56,469,4 076,0.11%
14/05/2014,8.78,8.66,8.78,8.60,684,5 944,-0.90%
13/05/2014,8.86,8.90,8.90,8.65,915,8 029,-0.11%
12/05/2014,8.87,8.88,8.88,8.63,1 216,10 646,0.34%
09/05/2014,8.84,8.59,8.84,8.59,3 561,31 034,2.91%
08/05/2014,8.59,8.40,8.59,8.40,71,603,-0.12%
07/05/2014,8.60,8.43,8.60,8.43,3 600,30 654,-1.04%
06/05/2014,8.69,8.74,8.86,8.48,2 453,21 268,1.16%
05/05/2014,8.59,8.75,8.88,8.49,10 334,89 751,1.06%
02/05/2014,8.50,8.50,8.73,8.49,4 457,38 375,-2.86%
30/04/2014,8.75,8.76,8.76,8.50,1 877,16 199,1.27%
29/04/2014,8.64,8.64,8.65,8.64,2 150,18 587,-2.92%
28/04/2014,8.90,8.80,8.90,8.50,10 150,88 305,-0.22%
25/04/2014,8.92,8.92,8.92,8.92,75,669,0.45%
24/04/2014,8.88,8.73,8.88,8.73,754,6 639,1.37%
23/04/2014,8.76,8.55,8.76,8.55,1 701,14 722,-0.11%
22/04/2014,8.77,8.66,8.79,8.48,10 937,94 441,1.15%
21/04/2014,8.67,8.57,8.70,8.57,9 395,81 126,-1.81%
18/04/2014,8.83,8.83,8.83,8.83,500,4 415,-0.11%
17/04/2014,8.84,8.63,8.84,8.63,1 650,14 413,-0.56%
16/04/2014,8.89,8.66,8.89,8.65,4 594,40 289,-0.22%
15/04/2014,8.91,8.98,8.98,8.72,2 225,19 691,1.25%
14/04/2014,8.80,8.80,8.80,8.35,8 447,72 433,2.33%
11/04/2014,8.60,8.69,8.90,8.60,10 330,90 388,-1.04%
10/04/2014,8.69,8.55,8.69,8.52,5 989,51 535,-1.03%
08/04/2014,8.78,8.68,8.80,8.60,2 950,25 665,0.34%
07/04/2014,8.75,8.76,8.76,8.74,450,3 938,-0.34%
04/04/2014,8.78,8.66,8.78,8.66,1 980,17 266,-0.11%
03/04/2014,8.79,8.89,8.89,8.63,3 147,27 568,0.34%
02/04/2014,8.76,8.96,8.96,8.74,1 499,13 266,-2.34%
01/04/2014,8.97,8.67,8.99,8.67,4 669,41 227,0.45%
31/03/2014,8.93,8.69,8.94,8.69,2 100,18 512,-0.22%
28/03/2014,8.95,8.94,8.95,8.94,2 597,23 230,-0.22%
27/03/2014,8.97,8.99,8.99,8.87,6 269,55 982,-0.33%
26/03/2014,9.00,9.00,9.00,9.00,110,990,-2.17%
25/03/2014,9.20,9.25,9.25,8.99,857,7 816,-0.54%
24/03/2014,9.25,9.40,9.40,9.15,1 116,10 351,0.54%
21/03/2014,9.20,9.40,9.40,9.20,6 380,59 334,-1.08%
19/03/2014,9.30,9.08,9.35,8.88,21 846,199 126,2.88%
18/03/2014,9.04,8.85,9.10,8.85,15 050,135 074,-0.88%
17/03/2014,9.12,9.00,9.14,9.00,3 039,27 564,0.44%
14/03/2014,9.08,9.15,9.15,8.88,34 044,306 907,-0.87%
13/03/2014,9.16,8.65,9.16,8.65,29 436,262 128,5.90%
12/03/2014,8.65,8.63,8.70,8.41,11 120,95 132,1.17%
11/03/2014,8.55,8.39,8.63,8.25,19 272,162 656,2.03%
10/03/2014,8.38,8.20,8.40,8.20,13 536,112 349,1.09%
07/03/2014,8.29,8.11,8.35,8.03,32 810,268 714,0.73%
06/03/2014,8.23,8.10,8.24,8.10,50 687,414 113,0.86%
05/03/2014,8.16,8.07,8.30,8.01,23 733,193 543,0.87%
04/03/2014,8.09,8.09,8.19,8.09,10 467,85 201,0.37%
03/03/2014,8.06,8.30,8.30,8.06,24 184,197 825,-2.89%
27/02/2014,8.15,8.26,8.34,8.03,104 403,854 539,-1.33%
26/02/2014,8.26,8.19,8.39,8.01,104 768,859 098,0.73%
25/02/2014,8.20,8.16,8.24,7.90,132 249,1 067 249,4.86%
24/02/2014,7.82,7.38,7.82,7.38,170 324,1 294 462,5.96%
21/02/2014,7.38,7.23,7.44,7.23,176 141,1 291 994,3.22%
20/02/2014,7.15,7.15,7.15,7.15,205 570,1 469 826,2.14%
