14/02/2023,4.50,4.50,4.50,4.45,500,2 238,1.12%
10/02/2023,4.45,4.45,4.45,4.30,312,1 365,3.49%
08/02/2023,4.30,4.30,4.30,4.25,7 002,29 934,1.18%
07/02/2023,4.25,4.25,4.25,4.25,400 025,1 700 106,0.00%
03/02/2023,4.25,4.25,4.25,4.15,112,470,2.41%
02/02/2023,4.15,4.15,4.30,4.15,223,942,-3.49%
01/02/2023,4.30,4.30,4.50,4.30,1 608,7 075,-4.44%
31/01/2023,4.50,4.50,4.50,4.49,250,1 124,0.00%
24/01/2023,4.50,4.50,4.50,4.50,3,14,0.00%
23/01/2023,4.50,4.50,4.60,4.50,3 350,15 243,-2.17%
19/01/2023,4.60,4.60,4.60,4.45,20,91,3.37%
16/01/2023,4.45,4.45,4.45,4.40,1 175,5 199,1.14%
10/01/2023,4.40,4.40,4.40,4.40,85,374,0.00%
09/01/2023,4.40,4.40,4.40,4.40,3 785,16 654,0.00%
02/01/2023,4.40,4.40,4.40,4.40,58,255,0.00%
30/12/2022,4.40,4.40,4.40,4.38,950,4 171,0.46%
29/12/2022,4.38,4.38,4.38,4.20,2 600,11 154,4.29%
27/12/2022,4.20,4.20,4.20,4.20,2 218,9 316,0.00%
26/12/2022,4.20,4.20,4.20,4.15,675,2 818,1.20%
23/12/2022,4.15,4.15,4.21,4.15,2 180,9 112,-5.68%
16/12/2022,4.40,4.40,4.47,4.40,200,887,-1.57%
12/12/2022,4.47,4.47,4.47,4.28,5 100,22 313,4.44%
08/12/2022,4.28,4.28,4.28,4.15,52,219,2.88%
07/12/2022,4.16,4.16,4.28,4.16,4,17,-2.80%
30/11/2022,4.28,4.28,4.28,4.15,50,211,3.13%
29/11/2022,4.15,4.15,4.29,4.15,1 125,4 748,-3.26%
24/11/2022,4.29,4.29,4.29,4.29,4,17,0.00%
17/11/2022,4.12,4.12,4.30,4.12,38,160,-4.19%
15/11/2022,4.30,4.30,4.30,4.30,800,3 440,0.00%
10/11/2022,4.30,4.30,4.30,4.30,100,430,0.00%
09/11/2022,4.30,4.30,4.30,4.20,5 150,21 888,0.23%
04/11/2022,4.29,4.29,4.29,4.11,545,2 289,4.38%
03/11/2022,4.11,4.11,4.30,4.11,6 252,26 290,-4.42%
02/11/2022,4.30,4.30,4.35,4.30,7 099,30 703,-5.49%
31/10/2022,4.55,4.55,4.55,4.55,4 052,18 437,0.00%
28/10/2022,4.55,4.55,4.55,4.54,4 090,18 589,0.22%
25/10/2022,4.54,4.54,4.55,4.54,1 000,4 545,-0.22%
24/10/2022,4.55,4.55,4.58,4.55,2,9,-0.66%
21/10/2022,4.58,4.58,4.58,4.39,1,4,4.33%
20/10/2022,4.39,4.39,4.49,4.39,60,266,-2.23%
19/10/2022,4.49,4.49,4.49,4.30,2 500,10 987,4.42%
17/10/2022,4.30,4.30,4.32,4.30,750,3 233,-0.46%
13/10/2022,4.32,4.32,4.32,4.32,47,203,0.00%
12/10/2022,4.32,4.32,4.32,4.32,500,2 160,0.00%
11/10/2022,4.32,4.32,4.32,4.30,1 250,5 388,0.47%
07/10/2022,4.30,4.30,4.39,4.30,4 150,18 032,-2.05%
04/10/2022,4.39,4.39,4.59,4.39,36,162,-4.36%
30/09/2022,4.59,4.59,4.60,4.45,23,104,3.15%
29/09/2022,4.45,4.45,4.60,4.45,2 020,9 141,-3.26%
27/09/2022,4.60,4.60,4.60,4.43,10,45,3.84%
26/09/2022,4.43,4.43,4.43,4.39,232,1 023,0.91%
23/09/2022,4.39,4.39,4.43,4.39,400,1 764,-5.18%
16/09/2022,4.63,4.63,4.63,4.63,250,1 158,0.00%
13/09/2022,4.63,4.63,4.63,4.44,200,907,4.28%
09/09/2022,4.44,4.44,4.44,4.25,55,239,4.47%
08/09/2022,4.25,4.25,4.25,4.25,5 010,21 293,0.00%
07/09/2022,4.25,4.25,4.45,4.25,5 000,21 750,-4.49%
06/09/2022,4.45,4.45,4.45,4.44,12 467,55 416,0.23%
05/09/2022,4.44,4.44,4.64,4.44,1 404,6 374,-4.31%
02/09/2022,4.64,4.64,4.64,4.59,29 890,137 942,5.45%
31/08/2022,4.40,4.40,4.58,4.40,1 484,6 663,-3.93%
30/08/2022,4.58,4.58,4.60,4.58,200,918,-0.43%
23/08/2022,4.60,4.60,4.60,4.35,28 690,128 388,3.60%
12/08/2022,4.64,4.64,4.64,4.45,2 336,10 617,4.27%
11/08/2022,4.45,4.45,4.45,4.40,1 036,4 584,1.14%
10/08/2022,4.40,4.40,4.40,4.30,1 519,6 608,2.33%
08/08/2022,4.30,4.30,4.30,4.30,2 693,11 580,0.00%
05/08/2022,4.30,4.30,4.30,4.30,594,2 554,0.00%
04/08/2022,4.30,4.30,4.30,4.30,2 500,10 750,0.00%
03/08/2022,4.30,4.30,4.30,4.30,10,43,0.00%
02/08/2022,4.30,4.30,4.30,4.30,4 000,17 200,0.00%
01/08/2022,4.30,4.30,4.30,4.30,14 005,60 222,0.00%
29/07/2022,4.30,4.30,4.30,4.25,4 000,17 100,1.18%
26/07/2022,4.25,4.25,4.30,4.25,2 730,11 671,0.00%
22/07/2022,4.25,4.25,4.44,4.25,900,3 911,-4.28%
18/07/2022,4.44,4.44,4.45,4.44,5 110,22 714,-0.22%
14/07/2022,4.45,4.45,4.45,4.44,9 910,44 050,0.23%
13/07/2022,4.44,4.44,4.44,4.25,454,1 973,4.47%
12/07/2022,4.25,4.25,4.45,4.25,1,4,-4.49%
08/07/2022,4.45,4.45,4.45,4.45,7 000,31 150,0.00%
07/07/2022,4.45,4.45,4.45,4.45,1 025,4 561,0.00%
06/07/2022,4.45,4.45,4.45,4.45,1 500,6 675,0.00%
05/07/2022,4.45,4.45,4.45,4.36,2 000,8 810,2.06%
04/07/2022,4.36,4.36,4.36,4.36,4 601,20 060,0.00%
01/07/2022,4.36,4.36,4.36,4.36,2 018,8 798,0.00%
30/06/2022,4.36,4.36,4.36,4.36,1 470,6 409,0.00%
29/06/2022,4.36,4.36,4.36,4.30,1 489,6 447,1.40%
27/06/2022,4.30,4.30,4.30,4.30,390,1 677,9.14%
22/06/2022,3.94,3.94,3.94,3.78,4 830,18 644,18.32%
16/06/2022,3.33,3.33,3.33,3.33,50,167,-13.73%
08/06/2022,3.86,3.86,3.86,3.86,912,3 520,0.00%
06/06/2022,3.86,3.86,3.86,3.70,5 812,21 969,4.32%
03/06/2022,3.70,3.70,3.70,3.70,3 042,11 255,0.00%
02/06/2022,3.70,3.70,3.70,3.70,255,944,-7.50%
18/05/2022,3.60,3.60,3.62,3.60,203,733,-0.55%
17/05/2022,3.62,3.62,3.62,3.60,525,1 895,0.56%
16/05/2022,3.60,3.60,3.60,3.60,750,2 700,0.00%
12/05/2022,3.60,3.60,3.60,3.58,12 906,46 333,0.56%
09/05/2022,3.58,3.58,3.58,3.44,1 290,4 528,8.48%
06/05/2022,3.30,3.30,3.30,3.30,2 750,9 075,1.54%
05/05/2022,3.25,3.25,3.25,3.20,8 928,28 793,1.88%
04/05/2022,3.19,3.19,3.19,3.15,10 805,34 252,1.27%
29/04/2022,3.15,3.15,3.15,3.10,8 620,26 938,1.61%
28/04/2022,3.10,3.10,3.10,3.10,8 997,27 891,0.00%
27/04/2022,3.10,3.10,3.11,3.10,2 000,6 210,4.03%
18/04/2022,2.98,2.98,2.98,2.98,45,134,0.00%
15/04/2022,2.98,2.98,3.12,2.98,5 036,15 360,-4.49%
04/04/2022,3.12,3.12,3.12,2.98,5 001,15 253,0.00%
01/04/2022,3.12,3.12,3.12,3.12,1 501,4 683,6.12%
29/03/2022,2.94,2.94,2.94,2.82,5,14,4.26%
28/03/2022,2.82,2.82,2.82,2.82,3 816,10 761,0.00%
25/03/2022,2.82,2.82,2.82,2.75,4,11,2.55%
24/03/2022,2.75,2.75,2.82,2.75,102 129,284 429,-2.48%
23/03/2022,2.82,2.82,2.82,2.82,5 000,14 100,0.00%
21/03/2022,2.82,2.82,2.82,2.82,85,240,0.00%
16/03/2022,2.82,2.82,2.82,2.82,25,71,0.00%
15/03/2022,2.82,2.82,2.95,2.82,1 534,4 426,-4.41%
11/03/2022,2.95,2.95,2.95,2.89,85,248,-4.22%
07/03/2022,3.08,3.08,3.08,3.08,50,154,0.00%
04/03/2022,3.08,3.08,3.08,2.99,5,15,3.01%
03/03/2022,2.99,2.99,3.08,2.99,46,140,-0.33%
01/03/2022,3.00,3.00,3.07,3.00,37,112,-2.28%
28/02/2022,3.07,3.07,3.07,2.94,75,225,0.00%
15/02/2022,3.07,3.07,3.07,3.07,23,71,0.00%
14/02/2022,3.07,3.07,3.08,3.07,23,71,-0.32%
26/01/2022,3.08,3.08,3.08,3.08,645,1 987,0.00%
25/01/2022,3.08,3.08,3.08,3.08,363,1 118,0.00%
19/01/2022,3.08,3.08,3.08,3.04,133,407,1.32%
18/01/2022,3.04,3.04,3.04,2.91,624,1 856,4.47%
17/01/2022,2.91,2.91,2.91,2.91,206,599,0.00%
06/01/2022,2.91,2.91,2.91,2.91,12,35,0.00%
29/12/2021,2.91,2.91,2.92,2.91,1 500,4 373,-0.34%
24/12/2021,2.92,2.92,2.92,2.77,10,28,5.42%
16/12/2021,2.77,2.77,2.94,2.77,279,797,-5.78%
07/12/2021,2.94,2.94,2.95,2.94,24,71,-0.34%
06/12/2021,2.95,2.95,2.96,2.95,100,296,-0.34%
01/12/2021,2.96,2.96,2.96,2.92,385,1 132,1.37%
30/11/2021,2.92,2.92,2.97,2.92,73,215,-1.68%
25/11/2021,2.97,2.97,2.97,2.96,6,18,0.34%
23/11/2021,2.96,2.96,2.96,2.81,666,1 921,5.34%
18/11/2021,2.96,2.96,2.96,2.95,508,1 501,0.34%
15/11/2021,2.95,2.95,2.98,2.95,3 020,8 954,-1.01%
11/11/2021,2.98,2.98,2.98,2.96,1 000,2 970,0.34%
05/11/2021,2.97,2.97,2.98,2.97,1 313,3 906,-0.34%
25/10/2021,2.98,2.98,2.99,2.82,36 692,106 590,-0.33%
21/10/2021,2.99,2.99,2.99,2.98,1 089,3 251,0.34%
14/10/2021,2.98,2.98,3.04,2.98,1 000,3 010,-1.97%
11/10/2021,3.04,3.04,3.04,2.70,834,2 394,-0.65%
08/10/2021,3.06,3.06,3.06,3.05,3,9,0.33%
07/10/2021,3.05,3.05,3.07,3.05,480,1 469,-0.65%
06/10/2021,3.07,3.07,3.07,3.07,1 000,3 070,0.00%
05/10/2021,3.07,3.07,3.07,3.03,82 000,250 100,1.32%
04/10/2021,3.03,3.03,3.15,3.03,156,482,-3.81%
29/09/2021,3.15,3.15,3.15,3.15,172,542,0.00%
28/09/2021,3.15,3.15,3.28,3.15,87,280,-3.96%
23/09/2021,3.28,3.27,3.28,3.27,35,115,0.00%
22/09/2021,3.28,3.28,3.29,3.28,21,69,-0.30%
17/09/2021,3.29,3.29,3.29,3.29,10,33,0.30%
16/09/2021,3.28,3.28,3.28,3.28,8,26,-0.30%
15/09/2021,3.29,3.29,3.29,3.29,22,72,0.00%
02/09/2021,3.29,3.29,3.29,3.29,1 000,3 290,0.00%
01/09/2021,3.29,3.29,3.29,3.29,300,987,0.00%
25/08/2021,3.29,3.28,3.29,3.28,1 001,3 288,0.00%
19/08/2021,3.29,3.29,3.29,3.29,43,141,0.00%
11/08/2021,3.29,3.29,3.29,3.29,22,72,0.00%
05/08/2021,3.29,3.29,3.29,3.29,21,69,-0.30%
04/08/2021,3.30,3.30,3.30,3.30,21,69,0.00%
16/07/2021,3.30,3.29,3.30,3.29,502,1 654,0.00%
08/07/2021,3.30,3.30,3.30,3.30,21,69,-2.37%
05/07/2021,3.38,3.30,3.38,3.30,1 001,3 343,0.00%
01/07/2021,3.38,3.29,3.38,3.29,23,77,2.42%
25/06/2021,3.30,3.30,3.30,3.30,20,66,-0.30%
16/06/2021,3.31,3.31,3.31,3.31,5 298,17 536,2.16%
14/06/2021,3.24,3.30,3.30,3.24,66,216,-2.70%
09/06/2021,3.33,3.20,3.33,3.20,105,343,1.22%
08/06/2021,3.29,3.29,3.29,3.29,22,72,-1.20%
07/06/2021,3.33,3.29,3.33,3.29,21,70,0.00%
02/06/2021,3.33,3.33,3.33,3.33,50,167,2.46%
01/06/2021,3.25,3.25,3.25,3.24,2 332,7 567,0.00%
26/05/2021,3.25,3.25,3.25,3.16,20 222,64 812,0.00%
24/05/2021,3.25,3.25,3.25,3.25,23,75,0.00%
19/05/2021,3.25,3.25,3.25,3.25,100,325,0.00%
11/05/2021,3.25,3.25,3.25,3.25,1 000,3 250,1.56%
27/04/2021,3.20,3.19,3.20,3.19,10 477,33 474,0.31%
26/04/2021,3.19,3.19,3.19,3.19,3,10,-0.31%
21/04/2021,3.20,3.18,3.20,3.18,1 715,5 471,0.63%
16/04/2021,3.18,3.11,3.18,3.11,34,107,0.00%
12/04/2021,3.18,3.18,3.18,3.18,10,32,-0.31%
08/04/2021,3.19,3.18,3.19,3.18,965,3 074,-0.31%
01/04/2021,3.20,3.20,3.20,3.20,32,102,-2.74%
31/03/2021,3.29,3.28,3.29,3.24,1 609,5 253,-1.20%
11/03/2021,3.33,3.33,3.33,3.33,40,133,0.00%
09/03/2021,3.33,3.33,3.33,3.33,500,1 665,-0.30%
05/03/2021,3.34,3.35,3.36,3.34,2 758,9 239,-0.60%
22/02/2021,3.36,3.35,3.36,3.35,25,84,0.00%
18/02/2021,3.36,3.35,3.36,3.35,1 755,5 888,0.00%
17/02/2021,3.36,3.35,3.36,3.35,1 770,5 938,0.00%
16/02/2021,3.36,3.36,3.36,3.36,1 750,5 880,0.00%
15/02/2021,3.36,3.36,3.36,3.36,2 000,6 720,0.00%
12/02/2021,3.36,3.36,3.36,3.36,1 750,5 880,0.00%
11/02/2021,3.36,3.36,3.36,3.36,1 750,5 880,0.00%
10/02/2021,3.36,3.36,3.36,3.36,1 750,5 880,-0.30%
09/02/2021,3.37,3.37,3.37,3.37,1 500,5 055,0.00%
08/02/2021,3.37,3.37,3.37,3.37,1 500,5 055,-0.30%
05/02/2021,3.38,3.36,3.38,3.36,1 530,5 156,0.60%
04/02/2021,3.36,3.36,3.36,3.36,1 358,4 563,-0.30%
03/02/2021,3.37,3.35,3.37,3.35,1 507,5 064,0.30%
02/02/2021,3.36,3.35,3.36,3.35,1 832,6 146,0.00%
01/02/2021,3.36,3.36,3.36,3.36,1 358,4 563,0.00%
29/01/2021,3.36,3.35,3.36,3.35,901,3 023,0.00%
28/01/2021,3.36,3.35,3.36,3.35,1 350,4 529,0.90%
27/01/2021,3.33,3.19,3.33,3.19,1 160,3 782,-0.30%
25/01/2021,3.34,3.34,3.34,3.34,1 000,3 340,1.21%
21/01/2021,3.30,3.30,3.30,3.30,130,429,0.00%
20/01/2021,3.30,3.28,3.30,3.28,2 776,9 133,0.61%
19/01/2021,3.28,3.21,3.28,3.21,1 188,3 855,2.82%
08/01/2021,3.19,2.93,3.19,2.93,821,2 512,4.25%
07/01/2021,3.06,3.11,3.11,3.06,39,120,-4.38%
05/01/2021,3.20,3.11,3.20,3.02,526,1 636,0.00%
30/12/2020,3.20,3.11,3.20,3.11,1 544,4 871,0.00%
28/12/2020,3.20,3.20,3.20,3.20,1 370,4 384,-0.62%
25/12/2020,3.22,3.08,3.22,3.06,262,823,2.22%
23/12/2020,3.15,3.08,3.20,3.08,3 133,9 838,-2.17%
17/12/2020,3.22,3.22,3.22,3.22,296,953,-2.72%
09/12/2020,3.31,3.31,3.31,3.23,33,108,0.91%
08/12/2020,3.28,3.29,3.31,3.27,392,1 290,-0.91%
07/12/2020,3.31,3.31,3.31,3.22,527,1 721,0.00%
04/12/2020,3.31,3.31,3.31,3.31,420,1 390,0.00%
03/12/2020,3.31,3.31,3.31,3.31,54,179,0.00%
01/12/2020,3.31,3.34,3.34,3.31,43,143,-0.90%
30/11/2020,3.34,3.34,3.34,3.34,21,70,0.00%
24/11/2020,3.34,3.34,3.34,3.34,84,281,-1.18%
09/11/2020,3.38,3.33,3.38,3.33,234,785,0.30%
04/11/2020,3.37,3.37,3.37,3.37,2 222,7 488,-0.59%
03/11/2020,3.39,3.39,3.39,3.39,65,220,-0.29%
27/10/2020,3.40,3.40,3.40,3.40,21,71,0.00%
23/10/2020,3.40,3.40,3.40,3.40,188,639,-2.86%
20/10/2020,3.50,3.41,3.50,3.41,22,76,0.29%
16/10/2020,3.49,3.49,3.49,3.49,5,17,2.95%
14/10/2020,3.39,3.40,3.40,3.39,81,275,-0.29%
13/10/2020,3.40,3.40,3.40,3.40,75,255,-2.86%
12/10/2020,3.50,3.40,3.50,3.40,46,159,0.00%
09/10/2020,3.50,3.50,3.50,3.50,1,4,0.00%
07/10/2020,3.50,3.40,3.50,3.40,22,76,0.00%
06/10/2020,3.50,3.41,3.50,3.37,33,113,0.86%
05/10/2020,3.47,3.47,3.47,3.47,21,73,-0.86%
02/10/2020,3.50,3.50,3.50,3.50,20,70,0.00%
01/10/2020,3.50,3.50,3.50,3.50,42,147,0.00%
30/09/2020,3.50,3.50,3.50,3.50,558,1 953,0.29%
21/09/2020,3.49,3.49,3.49,3.49,16,56,0.00%
18/09/2020,3.49,3.50,3.50,3.49,16,56,-0.57%
17/09/2020,3.51,3.47,3.51,3.47,698,2 436,0.00%
15/09/2020,3.51,3.60,3.60,3.51,1 805,6 417,-2.23%
11/09/2020,3.59,3.59,3.59,3.59,10,36,-1.64%
10/09/2020,3.65,3.65,3.65,3.65,21,77,-2.93%
04/09/2020,3.76,3.76,3.76,3.76,1,4,-2.84%
02/09/2020,3.87,3.87,3.87,3.87,9 320,36 068,2.65%
01/09/2020,3.77,3.88,3.88,3.77,333,1 274,2.17%
31/08/2020,3.69,3.69,3.69,3.69,21,77,-2.12%
28/08/2020,3.77,3.81,3.81,3.77,3 712,14 068,-2.84%
27/08/2020,3.88,3.98,3.98,3.88,603,2 370,-3.00%
26/08/2020,4.00,4.00,4.00,4.00,19,76,-1.23%
24/08/2020,4.05,4.09,4.09,4.05,51,208,-2.64%
18/08/2020,4.18,4.10,4.18,4.09,57,236,1.46%
17/08/2020,4.12,4.11,4.12,4.11,1 577,6 489,-1.44%
12/08/2020,4.18,4.17,4.18,4.17,3 995,16 679,0.00%
11/08/2020,4.18,4.17,4.18,4.17,8,33,0.24%
10/08/2020,4.17,4.17,4.17,4.17,20,83,-0.24%
03/08/2020,4.18,4.18,4.18,4.18,1,4,0.00%
16/07/2020,4.18,4.18,4.18,4.18,20,84,0.24%
15/07/2020,4.17,4.17,4.17,4.17,1 776,7 406,-0.48%
13/07/2020,4.19,4.20,4.20,4.19,4 908,20 589,-25.18%
26/06/2020,5.60,5.59,5.60,5.59,85,476,0.00%
24/06/2020,5.60,5.60,5.60,5.60,125,700,0.00%
22/06/2020,5.60,5.60,5.60,5.60,80,448,-2.95%
17/06/2020,5.77,5.77,5.77,5.77,5,29,0.00%
16/06/2020,5.77,5.77,5.95,5.77,2 114,12 388,-2.86%
05/06/2020,5.94,5.94,5.94,5.94,1,6,0.34%
04/06/2020,5.92,5.92,5.92,5.92,33,195,-1.00%
03/06/2020,5.98,5.88,5.98,5.81,306,1 804,0.00%
01/06/2020,5.98,5.85,5.98,5.85,16,95,0.00%
29/05/2020,5.98,5.98,5.98,5.98,1,6,2.05%
28/05/2020,5.86,5.86,5.86,5.86,1,6,2.27%
27/05/2020,5.73,5.73,5.73,5.73,1,6,2.14%
20/05/2020,5.45,5.45,5.45,5.45,7,38,-4.22%
15/05/2020,5.69,5.76,5.76,5.69,8,46,1.61%
14/05/2020,5.60,5.60,5.60,5.60,7,39,-2.27%
08/05/2020,5.73,5.73,5.73,5.73,7,40,-2.88%
06/05/2020,5.90,5.85,5.90,5.85,20,118,-1.50%
30/04/2020,5.99,5.99,5.99,5.99,1,6,2.92%
28/04/2020,5.82,5.82,5.82,5.82,3,17,-2.84%
16/04/2020,5.99,5.99,5.99,5.99,1,6,0.84%
15/04/2020,5.94,5.94,5.94,5.94,1,6,2.41%
14/04/2020,5.80,5.80,5.80,5.80,1,6,2.47%
13/04/2020,5.66,5.66,5.66,5.66,1,6,2.91%
03/04/2020,5.50,5.50,5.50,5.50,1,6,0.92%
02/04/2020,5.45,5.45,5.45,5.45,1,5,1.87%
01/04/2020,5.35,5.35,5.35,5.35,1,5,1.90%
31/03/2020,5.25,5.25,5.25,5.25,1,5,1.94%
30/03/2020,5.15,5.15,5.15,5.15,1,5,3.00%
27/03/2020,5.00,5.00,5.00,5.00,1,5,1.01%
26/03/2020,4.95,4.95,4.95,4.95,1,5,2.48%
25/03/2020,4.83,4.85,4.85,4.83,4,19,1.68%
19/03/2020,4.75,4.75,4.75,4.75,1,5,2.59%
18/03/2020,4.63,4.63,4.63,4.63,1,5,2.89%
13/03/2020,4.50,4.27,4.50,4.27,63,276,2.27%
12/03/2020,4.40,4.40,4.40,4.40,38,167,-5.78%
24/02/2020,4.67,4.67,4.67,4.67,1,5,2.86%
20/02/2020,4.67,4.53,4.67,4.53,51,235,0.21%
14/02/2020,4.66,4.66,4.66,4.66,1,5,2.87%
13/02/2020,4.53,4.53,4.53,4.53,84,381,-3.00%
12/02/2020,4.67,4.67,4.88,4.67,1 798,8 585,-4.30%
11/02/2020,4.88,4.88,4.88,4.88,500,2 440,-1.81%
10/02/2020,4.97,4.97,4.97,4.97,1,5,-0.60%
07/02/2020,5.00,5.00,5.00,5.00,500,2 500,0.60%
06/02/2020,4.97,4.97,4.97,4.97,1,5,-1.39%
05/02/2020,5.04,5.06,5.06,5.04,3 009,15 195,1.00%
04/02/2020,4.99,5.00,5.00,4.89,3 525,17 431,2.04%
03/02/2020,4.89,4.60,4.89,4.60,9 121,43 279,5.84%
31/01/2020,4.62,4.36,4.62,4.36,18 259,81 983,5.96%
30/01/2020,4.36,4.36,4.36,4.36,4 115,17 941,0.69%
24/01/2020,4.33,4.23,4.33,4.23,138,591,-0.69%
21/01/2020,4.36,4.36,4.36,4.36,50,218,-2.90%
20/01/2020,4.49,4.49,4.49,4.49,2 105,9 451,-1.10%
17/01/2020,4.54,4.54,4.54,4.54,5,23,-0.22%
10/01/2020,4.55,4.55,4.55,4.55,1 000,4 550,-0.44%
09/01/2020,4.57,4.57,4.57,4.57,967,4 419,-0.65%
08/01/2020,4.60,4.50,4.60,4.50,510,2 321,0.00%
07/01/2020,4.60,4.47,4.60,4.47,1 008,4 571,0.00%
03/01/2020,4.60,4.60,4.60,4.60,1,5,1.32%
31/12/2019,4.54,4.54,4.54,4.54,93,422,0.00%
30/12/2019,4.54,4.54,4.54,4.54,25,114,0.00%
27/12/2019,4.54,4.68,4.68,4.54,874,4 029,-2.99%
26/12/2019,4.68,4.68,4.68,4.68,1 558,7 291,-0.64%
20/12/2019,4.71,4.58,4.71,4.58,885,4 111,0.00%
18/12/2019,4.71,4.95,4.95,4.71,1 345,6 496,-2.89%
17/12/2019,4.85,4.58,4.85,4.57,2 309,10 875,2.97%
16/12/2019,4.71,4.71,4.72,4.71,267,1 259,-2.89%
13/12/2019,4.85,4.85,4.85,4.85,23,112,-3.00%
12/12/2019,5.00,4.95,5.00,4.95,6 757,33 616,1.01%
11/12/2019,4.95,4.95,4.95,4.95,810,4 010,0.00%
10/12/2019,4.95,4.95,4.95,4.95,2,10,0.00%
06/12/2019,4.95,4.95,4.95,4.95,1,5,0.00%
02/12/2019,4.95,4.81,4.95,4.81,3,15,0.00%
29/11/2019,4.95,5.00,5.00,4.95,242,1 204,-2.94%
21/11/2019,5.10,5.15,5.15,4.85,61,305,2.00%
19/11/2019,5.00,4.58,5.00,4.58,2 357,11 290,4.38%
18/11/2019,4.79,5.07,5.07,4.79,127,626,-2.84%
15/11/2019,4.93,4.93,4.93,4.93,1 172,5 778,-2.95%
14/11/2019,5.08,5.08,5.08,5.08,62,315,-2.87%
13/11/2019,5.23,5.23,5.23,5.23,27,141,-8.57%
01/11/2019,5.72,5.57,5.73,5.41,377,2 100,2.69%
31/10/2019,5.57,5.57,5.57,5.57,10,56,-4.46%
28/10/2019,5.83,5.83,5.83,5.83,7,41,-2.67%
22/10/2019,5.99,5.83,5.99,5.83,16,95,0.00%
21/10/2019,5.99,5.83,5.99,5.83,8,47,0.00%
18/10/2019,5.99,5.89,5.99,5.89,8,48,-0.17%
14/10/2019,6.00,6.00,6.00,6.00,21,126,0.00%
09/10/2019,6.00,5.73,6.00,5.73,6,35,0.00%
08/10/2019,6.00,6.00,6.00,6.00,15,90,-3.23%
12/09/2019,6.20,6.20,6.20,6.20,1,6,-1.27%
06/09/2019,6.28,6.28,6.28,6.28,83,521,-2.94%
14/08/2019,6.47,6.47,6.47,6.47,840,5 435,-0.46%
02/08/2019,6.50,6.50,6.50,6.50,1,7,-3.56%
17/07/2019,6.74,6.74,6.74,6.74,5 474,36 895,-0.15%
09/07/2019,6.75,6.70,6.75,6.70,95,639,0.00%
17/06/2019,6.75,6.46,6.75,6.46,232,1 532,-0.15%
03/06/2019,6.76,6.76,6.76,6.76,1,7,2.89%
30/05/2019,6.57,6.57,6.57,6.57,83,545,-4.37%
23/05/2019,6.67,6.67,6.67,6.67,1,7,-1.62%
21/05/2019,6.78,6.78,6.78,6.78,1,7,-1.74%
09/05/2019,6.90,6.89,6.90,6.89,87,600,0.15%
03/05/2019,6.89,6.89,6.89,6.89,1 085,7 476,0.00%
02/05/2019,6.89,6.89,6.89,6.89,39,269,-0.14%
29/04/2019,6.90,6.90,6.90,6.90,5,35,2.68%
26/04/2019,6.72,6.34,6.72,6.34,21,137,-3.03%
17/04/2019,6.93,6.53,6.93,6.53,376,2 530,0.00%
12/04/2019,6.93,6.93,6.93,6.93,1 265,8 766,-0.14%
11/04/2019,6.94,6.74,6.94,6.74,2 088,14 282,0.00%
03/04/2019,6.94,6.94,6.94,6.94,5,35,2.81%
02/04/2019,6.75,6.75,6.75,6.75,31,209,-2.88%
01/04/2019,6.95,6.77,6.95,6.47,88,590,2.66%
29/03/2019,6.77,6.77,6.77,6.77,5 000,33 850,2.89%
28/03/2019,6.58,6.58,6.58,6.58,10 000,65 800,4.44%
26/03/2019,6.30,6.17,6.30,6.17,113 928,710 341,2.11%
25/03/2019,6.17,6.15,6.18,6.15,29 822,183 853,2.83%
22/03/2019,6.00,6.00,6.00,6.00,119,714,-2.28%
13/03/2019,6.14,5.80,6.14,5.80,3 024,18 053,-0.16%
11/03/2019,6.15,6.00,6.15,6.00,1 001,6 081,-0.32%
08/03/2019,6.17,6.17,6.17,6.17,16,99,-0.16%
05/03/2019,6.18,5.88,6.18,5.78,11 529,68 943,0.49%
01/03/2019,6.15,6.00,6.18,5.82,3 317,19 902,-7.38%
20/02/2019,7.26,7.26,7.26,7.26,18,131,0.00%
15/02/2019,7.26,7.26,7.26,7.26,80,581,-3.20%
11/02/2019,7.50,7.50,7.50,7.50,100,750,0.13%
08/02/2019,7.49,7.27,7.49,7.27,201,1 483,0.00%
07/02/2019,7.49,7.27,7.49,7.27,70,517,0.00%
05/02/2019,7.49,7.49,7.49,7.49,1,7,2.88%
04/02/2019,7.28,7.10,7.28,7.07,3 685,26 440,2.97%
01/02/2019,7.07,6.87,7.07,6.87,214,1 492,-2.88%
30/01/2019,7.28,7.00,7.28,7.00,6,43,0.00%
18/01/2019,7.28,7.28,7.28,7.28,35,255,-2.93%
16/01/2019,7.50,7.50,7.50,7.50,1,8,1.63%
10/01/2019,7.38,7.38,7.38,7.38,5,37,-2.89%
09/01/2019,7.60,7.59,7.60,7.45,556,4 184,-1.04%
02/01/2019,7.68,7.68,7.68,7.68,10,77,1.05%
31/12/2018,7.60,7.60,7.60,7.60,300,2 280,0.13%
28/12/2018,7.59,7.59,7.60,7.59,1 532,11 636,1.20%
27/12/2018,7.50,7.50,7.50,7.50,10,75,-0.13%
26/12/2018,7.51,7.30,7.51,7.30,25,185,2.88%
25/12/2018,7.30,7.29,7.30,7.29,550,4 012,-2.01%
17/12/2018,7.45,7.45,7.45,7.45,618,4 604,-2.99%
16/11/2018,7.75,7.75,7.75,7.75,4,31,-0.26%
09/11/2018,7.77,7.77,7.77,7.77,1,8,-0.13%
08/11/2018,7.78,7.78,7.78,7.78,5,39,2.10%
07/11/2018,7.62,7.18,7.62,7.18,199,1 473,2.97%
06/11/2018,7.40,7.62,7.62,7.40,37,278,-5.73%
29/10/2018,7.85,7.85,7.85,7.85,44,345,-0.13%
19/10/2018,7.86,7.86,7.86,7.86,5,39,-2.96%
08/10/2018,8.10,8.00,8.10,8.00,840,6 762,0.00%
17/09/2018,8.10,8.00,8.10,7.90,168,1 344,0.00%
13/09/2018,8.10,8.10,8.10,8.00,148,1 191,-1.22%
12/09/2018,8.20,8.10,8.20,8.10,326,2 657,0.61%
10/09/2018,8.15,8.15,8.15,8.15,224,1 826,-0.61%
07/09/2018,8.20,8.20,8.20,8.20,251,2 058,-2.38%
04/09/2018,8.40,8.11,8.40,8.11,293,2 419,-1.06%
14/08/2018,8.49,8.49,8.49,8.49,50,425,0.00%
10/08/2018,8.49,8.49,8.49,8.49,150,1 274,0.00%
08/08/2018,8.49,8.49,8.49,8.49,100,849,-0.12%
07/08/2018,8.50,8.50,8.50,8.50,100,850,0.00%
06/08/2018,8.50,8.50,8.50,8.50,200,1 700,-2.19%
03/08/2018,8.69,8.69,8.69,8.69,1,9,2.24%
01/08/2018,8.50,8.50,8.50,8.50,69,587,0.00%
31/07/2018,8.50,8.50,8.50,8.50,618,5 253,0.00%
27/07/2018,8.50,8.49,8.50,8.49,6 100,51 820,0.00%
24/07/2018,8.50,8.44,8.50,8.44,6 250,52 937,0.00%
20/07/2018,8.50,8.50,8.50,8.50,150,1 275,-1.16%
18/07/2018,8.60,8.15,8.60,8.15,8 455,70 811,2.38%
16/07/2018,8.40,8.65,8.65,8.40,2 397,20 434,-2.89%
12/07/2018,8.65,8.65,8.65,8.65,878,7 595,-0.35%
06/07/2018,8.68,8.50,8.68,8.50,931,7 997,-0.12%
04/07/2018,8.69,8.69,8.69,8.69,500,4 345,-0.11%
03/07/2018,8.70,8.69,8.70,8.69,200,1 739,0.58%
29/06/2018,8.65,8.65,8.65,8.65,500,4 325,0.23%
28/06/2018,8.63,8.53,8.63,8.53,544,4 668,1.53%
27/06/2018,8.50,8.29,8.50,8.05,220 592,1 825 399,2.53%
26/06/2018,8.29,8.00,8.34,8.00,247,2 018,0.61%
25/06/2018,8.24,8.00,8.24,8.00,4 586,37 238,3.00%
22/06/2018,8.00,8.00,8.24,7.99,118 024,957 765,0.00%
20/06/2018,8.00,7.99,8.00,7.99,6 880,55 006,0.25%
19/06/2018,7.98,7.98,7.98,7.98,2 920,23 302,-1.36%
18/06/2018,8.09,7.89,8.10,7.89,7 157,57 220,-3.58%
14/06/2018,8.39,8.16,8.40,8.16,7 032,58 225,2.82%
13/06/2018,8.16,8.16,8.17,8.00,2 400,19 404,2.00%
12/06/2018,8.00,7.95,8.00,7.95,9 200,73 370,3.09%
11/06/2018,7.76,7.75,7.76,7.75,1 719,13 331,0.00%
08/06/2018,7.76,7.95,7.95,7.76,15 772,123 889,-2.88%
04/06/2018,7.99,7.85,7.99,7.85,32,253,-0.12%
01/06/2018,8.00,8.00,8.00,8.00,17,136,0.00%
31/05/2018,8.00,7.85,8.00,7.85,42,333,0.00%
30/05/2018,8.00,8.00,8.00,8.00,1 642,13 136,0.00%
29/05/2018,8.00,8.00,8.00,8.00,2,16,0.00%
23/05/2018,7.99,7.78,7.99,7.78,21,166,-0.12%
22/05/2018,8.00,7.99,8.00,7.99,201,1 607,0.00%
18/05/2018,8.00,7.90,8.00,7.90,4 551,36 180,1.27%
17/05/2018,7.90,7.90,7.90,7.90,10,79,-1.25%
16/05/2018,8.00,7.97,8.00,7.97,1 579,12 608,0.50%
15/05/2018,7.96,7.96,7.96,7.96,502,3 996,-0.13%
14/05/2018,7.97,7.97,7.97,7.97,170,1 355,-0.38%
09/05/2018,8.00,7.97,8.00,7.97,1 685,13 455,0.00%
08/05/2018,8.00,7.90,8.00,7.90,2 569,20 424,0.38%
07/05/2018,7.97,8.00,8.00,7.97,879,7 019,-0.38%
03/05/2018,8.00,7.98,8.00,7.98,511,4 083,1.27%
02/05/2018,7.90,7.90,7.98,7.90,526,4 176,0.00%
30/04/2018,7.90,7.78,7.90,7.78,2 246,17 609,-0.88%
26/04/2018,7.97,7.93,7.97,7.93,1 350,10 732,0.50%
25/04/2018,7.93,7.69,7.93,7.67,5 080,39 624,2.99%
24/04/2018,7.70,7.70,7.70,7.70,20,154,-0.77%
23/04/2018,7.76,7.76,7.76,7.76,2 090,16 218,-0.51%
20/04/2018,7.80,7.99,7.99,7.76,11 549,90 948,-2.38%
19/04/2018,7.99,7.99,7.99,7.76,1 312,10 332,0.00%
18/04/2018,7.99,7.77,7.99,7.77,55,433,0.00%
12/04/2018,7.99,7.85,7.99,7.85,1 550,12 276,0.00%
10/04/2018,7.99,7.99,7.99,7.99,580,4 634,-0.12%
06/04/2018,8.00,8.00,8.00,8.00,3 375,27 000,0.00%
05/04/2018,8.00,7.99,8.00,7.99,2 923,23 369,0.00%
03/04/2018,8.00,8.00,8.00,8.00,1 850,14 800,0.00%
30/03/2018,8.00,8.00,8.00,8.00,2 000,16 000,0.00%
29/03/2018,8.00,7.97,8.00,7.97,94,751,0.38%
28/03/2018,7.97,7.97,7.97,7.97,172,1 371,0.00%
27/03/2018,7.97,7.97,7.97,7.97,434,3 459,0.00%
26/03/2018,7.97,7.97,7.97,7.97,110,877,0.13%
23/03/2018,7.96,7.96,7.96,7.96,1 000,7 960,-0.13%
22/03/2018,7.97,8.00,8.00,7.97,1 461,11 666,-0.38%
21/03/2018,8.00,7.97,8.00,7.97,1 753,13 998,-0.37%
15/03/2018,8.03,8.03,8.03,8.03,150,1 205,0.50%
13/03/2018,7.99,7.99,7.99,7.99,2 965,23 690,-0.12%
12/03/2018,8.00,7.81,8.00,7.81,3 842,30 371,0.38%
08/03/2018,7.97,7.97,7.97,7.97,529,4 216,0.00%
05/03/2018,7.97,7.97,7.97,7.97,353,2 813,-0.38%
01/03/2018,8.00,8.00,8.00,8.00,50,400,0.00%
28/02/2018,8.00,8.00,8.00,8.00,7 070,56 560,0.00%
27/02/2018,8.00,8.00,8.00,8.00,991,7 928,0.00%
26/02/2018,8.00,8.00,8.00,8.00,109,872,0.00%
22/02/2018,8.06,8.06,8.06,8.06,50,403,-0.25%
20/02/2018,8.08,8.08,8.08,8.08,1,8,1.00%
19/02/2018,8.00,8.00,8.00,8.00,616,4 928,-0.99%
14/02/2018,8.08,8.01,8.08,8.00,7 321,58 861,-0.12%
12/02/2018,8.09,8.10,8.10,8.09,5 829,47 186,-0.37%
09/02/2018,8.12,8.12,8.13,7.98,301,2 425,0.25%
08/02/2018,8.10,7.98,8.10,7.98,180,1 447,1.50%
07/02/2018,7.98,7.98,7.98,7.98,1,8,-1.97%
06/02/2018,8.14,8.16,8.16,8.13,721,5 873,0.00%
05/02/2018,8.14,8.14,8.14,8.14,1 204,9 801,0.00%
02/02/2018,8.14,8.15,8.15,8.14,1 660,13 521,-0.25%
01/02/2018,8.16,8.15,8.16,8.15,4 500,36 698,0.12%
31/01/2018,8.15,8.15,8.15,8.15,436,3 553,-0.12%
30/01/2018,8.16,8.15,8.16,8.15,8 700,70 949,-0.12%
29/01/2018,8.17,8.17,8.17,8.17,250,2 043,0.00%
26/01/2018,8.17,8.00,8.17,8.00,5 222,42 220,0.00%
25/01/2018,8.17,8.15,8.17,8.15,5 050,41 208,0.12%
24/01/2018,8.16,8.20,8.20,8.15,6 280,51 339,-0.49%
23/01/2018,8.20,8.08,8.20,8.00,914,7 403,1.23%
22/01/2018,8.10,7.98,8.10,7.98,15 607,125 480,1.63%
19/01/2018,7.97,7.85,7.97,7.85,950,7 515,0.00%
18/01/2018,7.97,7.77,7.98,7.64,3 551,27 733,-0.25%
17/01/2018,7.99,7.95,7.99,7.95,650,5 181,-0.12%
15/01/2018,8.00,7.76,8.00,7.76,102,804,0.00%
10/01/2018,8.00,7.99,8.00,7.99,1 008,8 059,0.00%
09/01/2018,8.00,7.99,8.00,7.99,380,3 038,0.00%
08/01/2018,8.00,8.00,8.00,8.00,35,280,0.00%
05/01/2018,8.00,8.00,8.09,7.99,34 573,277 967,-1.11%
04/01/2018,8.09,8.20,8.20,8.09,6 080,49 522,0.37%
02/01/2018,8.06,8.06,8.06,8.06,1,8,-2.89%
29/12/2017,8.30,8.19,8.30,8.19,1 950,16 078,1.10%
28/12/2017,8.21,7.99,8.21,7.99,255,2 066,2.88%
27/12/2017,7.98,7.97,7.98,7.97,2 539,20 249,0.00%
26/12/2017,7.98,7.97,7.98,7.97,3 271,26 086,-0.13%
22/12/2017,7.99,8.00,8.00,7.55,13 484,104 838,2.70%
21/12/2017,7.78,8.00,8.00,7.78,4 219,33 288,-2.75%
20/12/2017,8.00,7.96,8.20,7.96,7 430,60 034,-3.96%
19/12/2017,8.33,8.34,8.35,8.00,1 160,9 483,2.21%
15/12/2017,8.15,8.15,8.15,7.92,597,4 797,0.00%
14/12/2017,8.15,8.20,8.20,7.96,5 979,48 310,-0.61%
13/12/2017,8.20,8.30,8.30,8.20,408,3 366,-1.56%
12/12/2017,8.33,8.33,8.33,8.33,100,833,-0.60%
04/12/2017,8.38,8.38,8.38,8.38,915,7 668,0.00%
30/11/2017,8.38,8.38,8.38,8.38,292,2 447,-0.24%
29/11/2017,8.40,8.40,8.40,8.40,1 235,10 374,-0.47%
28/11/2017,8.44,8.44,8.44,8.44,10,84,0.48%
27/11/2017,8.40,8.15,8.40,8.15,3 501,28 971,0.00%
22/11/2017,8.20,8.20,8.20,8.20,5,41,-2.96%
14/11/2017,8.45,8.45,8.45,8.45,10 368,87 610,-0.47%
10/11/2017,8.49,8.43,8.49,8.43,5 000,42 300,0.71%
09/11/2017,8.43,8.40,8.43,8.40,2 200,18 513,0.00%
08/11/2017,8.43,8.35,8.43,8.35,1 000,8 390,0.12%
06/11/2017,8.42,8.21,8.42,8.21,546,4 540,2.43%
02/11/2017,8.22,8.22,8.22,8.22,30,247,0.24%
01/11/2017,8.20,8.23,8.23,8.20,635,5 217,-0.49%
31/10/2017,8.24,8.24,8.44,8.24,2 239,18 673,-2.94%
30/10/2017,8.49,8.20,8.49,8.20,348,2 904,1.68%
27/10/2017,8.35,8.35,8.35,8.15,1 009,8 324,2.45%
26/10/2017,8.15,8.15,8.59,8.15,3 010,25 194,-5.89%
25/10/2017,8.66,8.69,8.69,8.40,1 263,10 792,0.12%
24/10/2017,8.65,8.43,8.65,8.43,6 728,57 457,-0.46%
17/10/2017,8.69,8.40,8.69,8.40,1 086,9 280,0.46%
16/10/2017,8.65,8.60,8.65,8.60,2 119,18 276,0.00%
10/10/2017,8.65,8.44,8.65,8.44,1 023,8 742,-0.23%
09/10/2017,8.67,8.56,8.67,8.56,640,5 514,0.23%
04/10/2017,8.65,8.65,8.65,8.65,20,173,-0.57%
02/10/2017,8.70,8.70,8.70,8.70,323,2 810,-2.25%
20/09/2017,8.90,8.70,8.90,8.70,330,2 904,2.30%
19/09/2017,8.70,8.70,8.70,8.70,20,174,-2.03%
18/09/2017,8.88,8.88,8.88,8.88,3,27,-0.22%
15/09/2017,8.90,8.90,8.90,8.90,121,1 077,-0.34%
14/09/2017,8.93,9.00,9.00,8.93,1 800,16 137,-2.93%
13/09/2017,9.20,9.20,9.20,9.20,10,92,-0.54%
12/09/2017,9.25,9.00,9.25,9.00,366,3 340,2.78%
11/09/2017,9.00,9.01,9.20,9.00,1 053,9 582,-2.60%
07/09/2017,9.24,9.03,9.24,9.03,100,914,-0.65%
06/09/2017,9.30,9.30,9.30,9.03,721,6 608,0.00%
05/09/2017,9.30,9.30,9.30,9.30,10,93,-0.53%
28/08/2017,9.35,9.35,9.35,9.35,4,37,-0.53%
24/08/2017,9.45,9.45,9.45,9.45,21,198,-13.30%
17/08/2017,10.90,10.90,10.90,10.90,4,44,-2.68%
11/08/2017,11.20,11.20,11.20,11.20,1,11,0.00%
10/08/2017,11.20,11.20,11.20,11.20,1,11,0.00%
07/08/2017,11.20,10.87,11.20,10.87,2 000,22 070,0.00%
27/07/2017,11.20,11.00,11.20,11.00,5 000,55 500,0.00%
18/07/2017,11.20,10.87,11.20,10.87,2 883,31 814,0.00%
17/07/2017,11.20,10.70,11.20,10.70,15,164,1.82%
13/07/2017,11.00,10.90,11.00,10.90,1 585,17 356,0.00%
12/07/2017,11.00,10.82,11.00,10.82,300,3 273,1.66%
11/07/2017,10.82,10.29,10.82,10.25,239,2 518,-1.64%
06/07/2017,11.00,10.65,11.00,10.65,5 956,64 474,2.80%
05/07/2017,10.70,10.25,10.70,10.25,7 348,76 970,3.08%
21/06/2017,10.38,10.38,10.38,10.38,1,10,0.00%
16/06/2017,10.38,10.38,10.38,10.38,2 250,23 355,-0.57%
15/06/2017,10.44,10.14,10.44,10.14,250,2 573,0.38%
13/06/2017,10.40,10.40,10.40,10.40,95,988,-0.95%
09/06/2017,10.50,10.00,10.50,10.00,3 011,30 863,2.54%
08/06/2017,10.24,10.24,10.24,10.24,8 000,81 920,-0.29%
25/05/2017,10.00,10.00,10.00,10.00,421,4 210,0.00%
24/05/2017,10.00,9.89,10.00,9.89,4 000,39 780,1.01%
22/05/2017,9.90,9.90,9.90,9.90,18,178,0.00%
19/05/2017,9.90,9.61,10.00,9.61,2 310,22 650,0.00%
17/05/2017,9.90,9.69,9.90,9.40,3 519,33 958,2.17%
16/05/2017,9.69,9.41,9.69,9.41,100,955,0.00%
11/05/2017,9.69,9.69,9.69,9.69,250,2 423,-0.10%
08/05/2017,9.70,9.68,9.70,9.68,26 305,254 895,0.00%
04/05/2017,9.70,9.60,9.70,9.37,3 260,31 084,0.52%
03/05/2017,9.65,9.65,9.65,9.65,500,4 825,-0.41%
28/04/2017,9.69,9.60,9.69,9.60,280,2 701,0.10%
27/04/2017,9.68,9.69,9.69,9.15,400,3 768,1.04%
26/04/2017,9.58,9.14,9.58,9.14,13 931,130 394,1.70%
25/04/2017,9.42,9.05,9.42,9.05,1 326,12 246,2.95%
24/04/2017,9.15,9.17,9.19,9.15,2 259,20 715,-3.07%
21/04/2017,9.44,9.43,9.44,9.43,66,623,0.00%
19/04/2017,9.44,9.21,9.47,9.21,16 268,151 943,2.50%
18/04/2017,9.21,9.20,9.21,9.20,1 002,9 223,0.11%
17/04/2017,9.20,9.18,9.20,9.17,6 480,59 519,0.22%
14/04/2017,9.18,9.18,9.18,9.18,15,138,0.33%
13/04/2017,9.15,9.20,9.20,9.00,8 079,73 519,0.55%
12/04/2017,9.10,9.00,9.20,9.00,21 397,194 713,4.00%
11/04/2017,8.75,9.01,9.01,8.75,561,4 982,-3.31%
10/04/2017,9.05,9.00,9.05,9.00,40 896,369 086,0.56%
07/04/2017,9.00,8.73,9.00,8.73,3 786,33 563,0.00%
04/04/2017,9.00,9.00,9.00,9.00,40,360,-0.55%
03/04/2017,9.05,9.04,9.05,9.04,65 028,588 178,0.22%
31/03/2017,9.03,9.03,9.03,9.03,8,72,0.33%
30/03/2017,9.00,9.00,9.00,9.00,54 733,492 597,0.00%
21/03/2017,9.00,8.90,9.00,8.90,16 581,148 400,2.27%
17/03/2017,8.80,8.80,8.80,8.80,350,3 080,-2.11%
15/03/2017,8.99,8.99,8.99,8.99,300,2 697,0.00%
13/03/2017,8.99,8.99,8.99,8.99,1 000,8 990,0.00%
10/03/2017,8.99,8.73,8.99,8.73,28 344,251 128,2.98%
09/03/2017,8.73,8.73,8.73,8.73,15,131,-2.89%
02/03/2017,8.99,8.98,8.99,8.98,40,359,0.00%
01/03/2017,8.99,8.98,8.99,8.98,200,1 797,0.00%
22/02/2017,8.88,8.87,8.88,8.70,2 352,20 674,2.90%
21/02/2017,8.63,8.60,8.95,8.60,1 082,9 495,-3.68%
20/02/2017,8.96,8.96,8.96,8.96,500,4 480,-0.11%
15/02/2017,8.97,9.00,9.00,8.73,7 687,68 145,-1.86%
08/02/2017,9.14,9.14,9.14,9.14,1 000,9 140,-0.11%
07/02/2017,9.15,8.99,9.18,8.99,48 069,436 707,1.78%
03/02/2017,8.99,8.99,8.99,8.99,185,1 663,-0.11%
02/02/2017,9.00,9.00,9.00,9.00,45,405,-1.10%
01/02/2017,9.10,9.00,9.10,9.00,8 932,80 835,-1.73%
30/01/2017,9.26,9.20,9.26,9.00,315,2 876,0.00%
27/01/2017,9.26,9.26,9.26,9.26,5,46,-0.11%
24/01/2017,9.27,9.27,9.27,9.27,34,315,-0.11%
20/01/2017,9.28,9.02,9.28,9.02,650,5 947,-0.11%
17/01/2017,9.29,9.22,9.29,9.22,10 716,99 177,0.76%
13/01/2017,9.22,9.22,9.22,9.22,10,92,0.00%
10/01/2017,9.22,9.23,9.23,9.22,10,92,-0.22%
09/01/2017,9.24,9.24,9.24,9.24,5,46,-0.11%
06/01/2017,9.25,9.09,9.25,9.09,17 900,164 143,0.00%
05/01/2017,9.25,9.00,9.25,9.00,1 091,9 955,0.00%
04/01/2017,9.25,9.00,9.25,9.00,11 350,103 569,-0.11%
30/12/2016,9.26,9.00,9.26,9.00,2 112,19 283,-0.11%
27/12/2016,9.27,9.28,9.28,9.27,1 148 001,10 647 709,-0.22%
26/12/2016,9.29,9.29,9.29,9.29,10,93,0.87%
23/12/2016,9.21,8.69,9.21,8.69,223,1 996,5.98%
22/12/2016,8.69,8.40,8.69,8.39,55 906,477 437,2.24%
21/12/2016,8.50,8.49,8.69,8.49,8 511,73 109,0.12%
20/12/2016,8.49,8.69,8.81,8.49,509,4 403,0.59%
19/12/2016,8.44,8.95,8.95,8.44,64,556,-2.99%
16/12/2016,8.70,8.70,8.70,8.70,241,2 097,0.00%
14/12/2016,8.70,8.70,8.70,8.70,32 600,283 620,-1.92%
13/12/2016,8.87,8.87,8.87,8.87,31 100,275 857,-2.95%
08/12/2016,9.14,9.14,9.14,9.14,10,91,0.00%
07/12/2016,9.14,9.05,9.14,9.05,589,5 357,0.44%
06/12/2016,9.10,9.10,9.10,9.10,25 010,227 591,-0.44%
02/12/2016,9.14,9.14,9.14,9.14,15,137,-0.11%
24/11/2016,9.15,9.15,9.15,9.15,20,183,1.67%
22/11/2016,9.00,9.00,9.00,9.00,89,801,0.00%
21/11/2016,9.00,9.00,9.00,9.00,10,90,0.00%
18/11/2016,9.00,9.15,9.15,9.00,1 050,9 529,0.00%
17/11/2016,9.00,8.99,9.00,8.61,10 980,96 679,2.86%
16/11/2016,8.75,8.75,9.00,8.75,2 010,17 839,-2.78%
15/11/2016,9.00,8.75,9.00,8.75,5 160,45 795,0.00%
14/11/2016,9.00,9.00,9.00,9.00,10,90,0.00%
11/11/2016,9.00,9.00,9.00,9.00,10,90,1.12%
10/11/2016,8.90,8.90,8.90,8.90,1 521,13 537,1.14%
09/11/2016,8.80,8.80,8.80,8.80,200,1 760,-1.12%
08/11/2016,8.90,8.90,8.90,8.90,180,1 602,0.91%
07/11/2016,8.82,8.80,8.83,8.80,2 700,23 801,-2.00%
02/11/2016,9.00,9.00,9.00,9.00,500,4 500,0.00%
31/10/2016,9.00,8.75,9.00,8.75,3 002,26 643,0.00%
28/10/2016,9.00,9.00,9.00,9.00,13 200,118 800,-2.17%
27/10/2016,9.20,9.20,9.20,9.20,5 000,46 000,0.00%
25/10/2016,9.20,9.22,9.22,9.20,1 010,9 302,0.00%
24/10/2016,9.20,9.18,9.20,9.17,10 550,96 902,0.22%
21/10/2016,9.18,9.15,9.20,8.88,21 758,196 692,0.33%
20/10/2016,9.15,9.15,9.15,8.97,115,1 042,-0.76%
17/10/2016,9.22,9.22,9.22,9.22,2,18,0.22%
14/10/2016,9.20,9.20,9.20,9.20,110,1 012,0.00%
13/10/2016,9.20,9.20,9.20,9.20,10,92,0.00%
12/10/2016,9.20,9.20,9.20,9.20,15,138,0.00%
11/10/2016,9.20,9.20,9.20,9.20,90,828,-0.22%
10/10/2016,9.22,9.22,9.22,9.22,10,92,0.00%
07/10/2016,9.22,9.22,9.22,9.22,24,221,0.11%
05/10/2016,9.21,9.21,9.21,9.21,10,92,-0.22%
04/10/2016,9.23,9.23,9.23,9.23,23,212,0.00%
30/09/2016,9.23,9.23,9.23,9.23,15,138,0.00%
29/09/2016,9.23,9.22,9.23,9.10,1 560,14 297,0.00%
28/09/2016,9.23,9.23,9.23,9.23,14,129,0.00%
27/09/2016,9.23,9.23,9.23,9.23,10,92,0.00%
26/09/2016,9.23,9.23,9.23,9.23,13,120,0.33%
23/09/2016,9.20,9.20,9.20,9.20,13,120,0.00%
22/09/2016,9.20,9.20,9.20,9.00,395,3 595,0.00%
21/09/2016,9.20,9.20,9.20,9.20,12,110,0.00%
20/09/2016,9.20,9.23,9.23,9.20,14,129,-0.33%
19/09/2016,9.23,9.24,9.24,9.23,14,129,-0.11%
16/09/2016,9.24,9.24,9.24,9.24,10,92,0.00%
15/09/2016,9.24,9.24,9.24,9.24,13,120,0.00%
14/09/2016,9.24,9.24,9.24,9.24,10,92,0.00%
09/09/2016,9.24,9.24,9.24,9.24,215,1 987,0.00%
06/09/2016,9.24,9.24,9.24,9.24,50,462,-2.74%
02/09/2016,9.50,9.24,9.50,9.20,7 050,65 918,2.70%
01/09/2016,9.25,8.97,9.25,8.97,10 879,99 108,2.89%
30/08/2016,8.99,8.83,8.99,8.83,1 000,8 910,1.81%
24/08/2016,8.83,8.83,8.83,8.83,5,44,2.91%
23/08/2016,8.58,8.58,8.58,8.58,1 840,15 787,-2.94%
18/08/2016,8.84,8.79,8.84,8.79,408,3 597,0.45%
12/08/2016,8.80,8.80,8.80,8.80,1,9,-0.45%
26/07/2016,8.84,8.84,8.84,8.84,9,80,0.00%
22/07/2016,8.84,8.84,8.84,8.84,85,751,2.79%
21/07/2016,8.60,8.59,8.60,8.59,2 812,24 169,-2.71%
12/07/2016,8.84,8.54,8.84,8.54,6 245,54 269,0.45%
01/07/2016,8.80,8.80,8.80,8.80,500,4 400,1.73%
30/06/2016,8.65,8.20,8.65,8.20,102,859,2.98%
29/06/2016,8.40,8.40,8.40,8.40,11,92,-2.89%
24/06/2016,8.65,8.34,8.65,8.34,24,204,-3.89%
22/06/2016,9.00,9.00,9.00,9.00,182,1 638,1.35%
20/06/2016,8.88,8.38,8.88,8.38,81,699,-0.11%
15/06/2016,8.89,8.89,8.89,8.89,836,7 432,-1.11%
14/06/2016,8.99,8.99,8.99,8.99,400,3 596,0.00%
09/06/2016,8.99,8.60,8.99,8.60,3 003,26 411,-0.11%
03/06/2016,9.00,8.95,9.00,8.95,260,2 334,0.33%
02/06/2016,8.97,8.97,8.97,8.97,9,81,-0.33%
31/05/2016,9.00,9.00,9.00,9.00,1 500,13 500,0.78%
26/05/2016,8.89,8.89,8.89,8.89,5,44,-0.67%
25/05/2016,8.95,8.95,8.95,8.95,160,1 432,0.00%
24/05/2016,8.95,8.47,8.95,8.47,9,78,-0.44%
19/05/2016,8.99,8.99,8.99,8.99,5,45,0.22%
18/05/2016,8.97,9.00,9.00,8.75,263,2 334,0.79%
17/05/2016,8.90,9.00,9.00,8.90,940,8 413,-1.11%
12/05/2016,9.00,9.00,9.00,9.00,393,3 537,-0.66%
11/05/2016,9.06,9.06,9.06,9.06,60,544,1.00%
10/05/2016,8.97,8.98,8.98,8.96,496,4 449,-0.88%
05/05/2016,9.05,8.80,9.05,8.80,140,1 250,-0.11%
04/05/2016,9.06,8.80,9.06,8.60,30 449,268 865,0.11%
03/05/2016,9.05,9.06,9.28,9.00,308,2 815,-2.90%
29/04/2016,9.32,9.05,9.32,9.00,8 186,74 984,2.98%
28/04/2016,9.05,8.89,9.15,8.89,7 310,65 936,4.75%
27/04/2016,8.64,8.30,8.64,8.30,128 133,1 085 287,2.98%
25/04/2016,8.39,8.15,8.39,8.15,263,2 175,0.00%
22/04/2016,8.39,8.39,8.39,8.39,1,8,2.44%
21/04/2016,8.19,8.19,8.19,8.19,90,737,-2.38%
20/04/2016,8.39,8.14,8.39,8.14,472,3 901,0.00%
06/04/2016,8.39,8.39,8.39,8.39,300,2 517,-0.12%
04/04/2016,8.40,8.40,8.40,8.40,155,1 302,0.00%
01/04/2016,8.40,8.40,8.40,8.40,1 000,8 400,-0.47%
31/03/2016,8.44,8.15,8.44,8.15,550,4 562,0.48%
24/03/2016,8.40,8.40,8.40,8.40,4 100,34 440,0.00%
22/03/2016,8.40,8.40,8.40,8.40,632,5 309,1.20%
17/03/2016,8.30,8.30,8.30,8.30,6 600,54 780,0.00%
15/03/2016,8.30,8.20,8.30,8.20,87 958,725 654,1.22%
14/03/2016,8.20,8.20,8.20,8.20,2 000,16 400,0.00%
10/03/2016,8.20,8.30,8.30,8.20,2,17,0.00%
02/03/2016,8.20,8.20,8.20,8.20,5 615,46 043,0.00%
25/02/2016,8.30,8.20,8.30,8.20,239,1 972,0.00%
24/02/2016,8.30,8.30,8.30,8.30,3 174,26 344,1.22%
23/02/2016,8.20,8.20,8.20,8.20,50,410,0.00%
19/02/2016,8.20,8.20,8.20,8.20,300,2 460,0.00%
15/02/2016,8.20,8.20,8.20,8.20,191,1 566,0.00%
12/02/2016,8.20,8.20,8.20,8.20,5 150,42 230,0.00%
10/02/2016,8.20,8.20,8.20,8.20,589,4 830,-1.20%
08/02/2016,8.30,8.30,8.30,8.30,1 500,12 450,1.22%
05/02/2016,8.20,8.20,8.20,8.20,39,320,-0.12%
04/02/2016,8.21,8.30,8.30,8.21,789,6 513,0.12%
02/02/2016,8.20,8.20,8.20,8.20,239,1 960,-2.73%
01/02/2016,8.43,8.40,8.43,8.40,1 000,8 415,2.80%
28/01/2016,8.20,8.20,8.20,8.20,378,3 100,0.00%
27/01/2016,8.20,8.20,8.20,8.20,515,4 223,0.00%
25/01/2016,8.20,8.20,8.20,8.20,192,1 574,0.00%
19/01/2016,8.20,8.20,8.20,8.20,39,320,0.00%
11/01/2016,8.20,8.20,8.20,8.20,5,41,0.00%
08/01/2016,8.20,8.20,8.20,8.20,250,2 050,-0.12%
07/01/2016,8.21,8.21,8.21,8.21,39,320,-2.26%
28/12/2015,8.40,8.25,8.40,8.25,540,4 496,2.44%
16/12/2015,8.20,8.20,8.20,8.20,684,5 609,0.00%
14/12/2015,8.20,8.20,8.20,8.20,150,1 230,0.00%
11/12/2015,8.20,8.20,8.20,8.01,580,4 701,0.00%
10/12/2015,8.20,8.20,8.20,8.20,299,2 452,0.00%
09/12/2015,8.20,8.20,8.20,8.20,78,640,0.00%
08/12/2015,8.20,8.20,8.20,8.20,6,49,0.00%
25/11/2015,8.20,8.20,8.20,8.20,78,640,0.00%
23/11/2015,8.20,8.20,8.20,8.20,700,5 740,0.00%
20/11/2015,8.20,8.20,8.20,8.20,159,1 304,-1.20%
19/11/2015,8.30,8.25,8.30,8.25,11 156,92 316,1.22%
17/11/2015,8.20,8.20,8.20,8.20,117,959,0.00%
13/11/2015,8.20,8.20,8.20,8.20,20,164,0.00%
11/11/2015,8.20,8.20,8.20,8.20,398,3 264,0.00%
10/11/2015,8.20,8.20,8.20,8.20,400,3 280,0.00%
09/11/2015,8.20,8.20,8.20,8.20,250,2 050,0.00%
06/11/2015,8.20,8.20,8.20,8.20,445,3 649,0.00%
05/11/2015,8.20,8.20,8.20,8.20,63,517,0.00%
30/10/2015,8.20,8.20,8.20,8.20,56,459,0.00%
29/10/2015,8.20,8.20,8.20,8.20,39,320,0.00%
28/10/2015,8.20,8.20,8.20,8.20,255,2 091,0.00%
26/10/2015,8.20,8.20,8.20,8.20,1 170,9 594,0.00%
23/10/2015,8.20,8.20,8.20,8.20,280,2 296,0.00%
22/10/2015,8.20,8.20,8.20,8.20,71,582,0.00%
21/10/2015,8.20,8.20,8.20,8.20,90,738,0.00%
20/10/2015,8.20,8.20,8.20,8.20,39,320,-1.09%
12/10/2015,8.29,8.20,8.29,8.20,3 342,27 555,-1.07%
09/10/2015,8.38,8.38,8.38,8.38,10,84,2.20%
08/10/2015,8.20,8.20,8.20,8.20,100,820,-2.03%
07/10/2015,8.37,8.20,8.37,8.20,105,870,-0.36%
02/10/2015,8.40,8.40,8.40,8.40,3 070,25 788,0.36%
01/10/2015,8.37,8.20,8.40,8.20,19 056,158 165,0.36%
30/09/2015,8.34,8.20,8.34,8.20,5 005,41 391,0.00%
28/09/2015,8.34,8.20,8.34,8.20,6 428,53 160,-0.36%
21/09/2015,8.37,8.37,8.37,8.37,15,126,0.00%
18/09/2015,8.37,8.37,8.37,8.37,50,418,-0.12%
17/09/2015,8.38,8.20,8.38,8.20,16 506,136 835,2.20%
16/09/2015,8.20,8.01,8.20,8.01,100,811,0.12%
14/09/2015,8.19,8.01,8.19,8.01,339,2 746,-0.12%
08/09/2015,8.20,8.20,8.20,8.20,29 847,244 745,0.00%
07/09/2015,8.20,8.20,8.20,8.20,2 243,18 393,0.00%
04/09/2015,8.20,8.20,8.20,8.20,1 501,12 308,0.00%
03/09/2015,8.20,8.20,8.20,8.20,1 919,15 736,0.00%
02/09/2015,8.20,8.20,8.20,8.20,1 014,8 315,0.00%
27/08/2015,8.20,8.20,8.20,8.20,1 000,8 200,-2.84%
18/08/2015,8.44,8.20,8.44,8.20,1 415,11 773,2.93%
17/08/2015,8.20,8.20,8.20,8.20,195,1 599,0.00%
13/08/2015,8.20,8.20,8.20,8.20,150,1 230,0.00%
12/08/2015,8.20,8.20,8.20,8.20,150,1 230,-2.84%
07/08/2015,8.44,8.44,8.44,8.44,1,8,2.93%
06/08/2015,8.20,8.20,8.20,8.20,4 000,32 800,0.00%
04/08/2015,8.20,8.20,8.20,8.20,861,7 060,0.00%
03/08/2015,8.20,8.20,8.20,8.20,100,820,0.00%
28/07/2015,8.20,8.00,8.20,8.00,1 633,13 227,0.00%
24/07/2015,8.20,8.15,8.20,8.00,41 912,339 487,1.23%
23/07/2015,8.10,7.99,8.10,7.99,6 195,49 839,3.18%
21/07/2015,7.85,8.03,8.03,7.85,3 894,30 918,-2.36%
20/07/2015,8.04,8.04,8.04,8.04,3 855,30 994,4.42%
15/07/2015,7.70,7.60,7.70,7.60,846,6 472,1.32%
14/07/2015,7.60,7.70,7.70,7.60,3 150,24 098,-1.30%
13/07/2015,7.70,7.70,7.70,7.70,1 229,9 463,0.00%
10/07/2015,7.70,7.70,7.80,7.70,49 002,379 766,0.00%
09/07/2015,7.70,7.50,7.72,7.50,37 700,286 897,3.36%
08/07/2015,7.45,7.45,7.45,7.45,300,2 235,0.00%
07/07/2015,7.45,7.45,7.45,7.45,213,1 587,0.00%
06/07/2015,7.45,7.45,7.45,7.45,800,5 960,0.00%
03/07/2015,7.45,7.45,7.45,7.45,58,432,0.00%
02/07/2015,7.45,7.45,7.45,7.45,39,291,0.00%
01/07/2015,7.45,7.45,7.45,7.45,1 539,11 466,0.00%
30/06/2015,7.45,7.45,7.46,7.45,12 269,91 465,0.00%
29/06/2015,7.45,7.46,7.46,7.45,31 801,237 076,0.00%
25/06/2015,7.45,7.67,7.67,7.45,1 700,12 852,-4.49%
24/06/2015,7.80,7.80,7.80,7.80,2 961,23 096,0.00%
23/06/2015,7.80,7.80,7.80,7.80,428,3 338,0.00%
22/06/2015,7.80,7.80,7.80,7.80,1 581,12 332,0.00%
19/06/2015,7.80,7.80,7.80,7.80,1 000,7 800,0.00%
18/06/2015,7.80,7.80,7.80,7.80,2 712,21 154,0.00%
17/06/2015,7.80,7.80,7.80,7.80,46 603,363 503,0.00%
16/06/2015,7.80,7.80,7.82,7.80,2 479,19 361,-0.26%
15/06/2015,7.82,7.61,7.82,7.61,150,1 157,0.26%
12/06/2015,7.80,7.70,7.80,7.70,191 470,1 483 893,0.13%
09/06/2015,7.79,7.56,7.79,7.56,170,1 305,0.00%
04/06/2015,7.79,7.56,7.79,7.56,2 065,15 849,0.00%
03/06/2015,7.79,7.75,7.79,7.55,3 143,24 107,0.52%
02/06/2015,7.75,7.55,7.75,7.55,7 716,59 027,0.00%
01/06/2015,7.75,7.57,7.75,7.57,378,2 895,-0.64%
28/05/2015,7.80,7.52,7.80,7.52,9 528,72 984,0.65%
27/05/2015,7.75,7.57,7.75,7.57,3 000,22 980,-0.64%
26/05/2015,7.80,7.80,7.80,7.80,10,78,1.30%
25/05/2015,7.70,7.59,7.70,7.59,3 490,26 681,1.32%
21/05/2015,7.60,7.60,7.60,7.40,5 130,38 475,0.00%
19/05/2015,7.60,7.60,7.60,7.40,15 989,119 918,0.00%
18/05/2015,7.60,7.41,7.60,7.40,7 826,58 695,0.00%
15/05/2015,7.60,7.50,7.62,7.50,304 413,2 301 362,2.70%
14/05/2015,7.40,7.59,7.59,7.40,3 202,23 999,0.00%
12/05/2015,7.40,7.40,7.40,7.30,6 524,47 951,0.00%
11/05/2015,7.40,7.38,7.40,7.38,2 370,17 514,0.27%
08/05/2015,7.38,7.39,7.39,7.38,301,2 223,2.79%
07/05/2015,7.18,7.18,7.18,7.18,13 480,96 786,-2.97%
06/05/2015,7.40,7.40,7.40,7.40,420,3 108,0.00%
05/05/2015,7.40,7.60,7.60,7.40,2 767,20 753,0.00%
04/05/2015,7.40,7.40,7.40,7.40,260,1 924,-2.63%
29/04/2015,7.60,7.60,7.60,7.60,1 020,7 752,0.00%
28/04/2015,7.60,7.50,7.60,7.40,1 755,13 163,0.13%
24/04/2015,7.59,7.55,7.59,7.39,805,6 029,-0.13%
22/04/2015,7.60,7.40,7.60,7.40,4 277,32 078,0.00%
21/04/2015,7.60,7.50,7.60,7.50,2 768,20 898,-0.65%
20/04/2015,7.65,7.50,7.65,7.42,494,3 722,0.66%
17/04/2015,7.60,7.39,7.60,7.39,118,884,0.00%
16/04/2015,7.60,7.43,7.60,7.43,510,3 833,-0.65%
15/04/2015,7.65,7.51,7.65,7.51,89,675,-1.16%
13/04/2015,7.74,7.47,7.74,7.47,599,4 555,0.52%
08/04/2015,7.70,7.30,7.70,7.30,71,533,-1.03%
07/04/2015,7.78,7.78,7.78,7.78,65,506,0.39%
02/04/2015,7.75,7.59,7.75,7.59,4 635,35 550,-0.90%
01/04/2015,7.82,7.47,7.82,7.47,772,5 902,0.00%
24/03/2015,7.82,7.82,7.82,7.82,505,3 949,-0.64%
13/03/2015,7.87,7.80,7.87,7.80,109,854,1.03%
12/03/2015,7.79,7.57,7.79,7.57,139,1 068,-0.13%
11/03/2015,7.80,7.80,7.80,7.80,100,780,-1.76%
04/03/2015,7.94,7.94,7.94,7.94,5,40,1.02%
25/02/2015,7.88,7.66,7.88,7.66,44,342,-0.13%
24/02/2015,7.89,7.85,7.90,7.85,8 480,66 780,0.64%
23/02/2015,7.84,7.80,7.84,7.80,10 000,78 200,0.51%
20/02/2015,7.80,7.80,7.80,7.80,7 000,54 600,0.00%
19/02/2015,7.80,7.64,7.80,7.64,40,309,-0.89%
17/02/2015,7.87,7.87,7.87,7.87,28,220,0.90%
16/02/2015,7.80,7.65,7.80,7.65,1 165,9 000,-1.02%
13/02/2015,7.88,7.88,7.88,7.88,41,323,0.00%
11/02/2015,7.88,7.89,7.89,7.50,13 423,103 290,2.74%
10/02/2015,7.67,7.67,7.67,7.67,600,4 602,-2.91%
09/02/2015,7.90,7.70,7.90,7.70,29,226,2.60%
06/02/2015,7.70,7.70,7.70,7.70,100,770,0.00%
05/02/2015,7.70,7.70,7.70,7.70,955,7 354,-0.65%
04/02/2015,7.75,7.75,7.75,7.75,200,1 550,-1.90%
02/02/2015,7.90,8.08,8.10,7.90,7 825,62 600,-1.13%
29/01/2015,7.99,7.89,7.99,7.89,11 510,91 389,1.27%
28/01/2015,7.89,7.76,7.89,7.76,366,2 864,-1.25%
26/01/2015,7.99,7.98,7.99,7.98,8 500,67 873,0.00%
20/01/2015,7.99,7.99,7.99,7.99,5 515,44 065,-0.87%
09/01/2015,8.06,8.06,8.06,8.06,1,8,1.38%
02/01/2015,7.95,7.95,7.95,7.95,15,119,-0.38%
31/12/2014,7.98,7.82,7.98,7.75,484,3 807,-1.24%
25/12/2014,8.08,8.08,8.08,8.08,55,444,-0.49%
22/12/2014,8.12,8.08,8.12,8.08,13 675,110 768,0.25%
19/12/2014,8.10,8.00,8.12,8.00,18 500,149 110,-0.25%
16/12/2014,8.12,8.12,8.12,8.12,22,179,-0.25%
10/12/2014,8.14,8.14,8.14,8.14,24,195,0.49%
08/12/2014,8.10,8.00,8.10,8.00,5 918,47 640,1.25%
05/12/2014,8.00,7.95,8.00,7.95,5 500,43 863,0.00%
04/12/2014,8.00,7.94,8.00,7.94,6 250,49 813,0.76%
03/12/2014,7.94,7.94,7.94,7.94,1,8,0.51%
01/12/2014,7.90,7.79,7.99,7.79,1 760,13 886,1.41%
27/11/2014,7.58,7.36,7.60,7.36,159 987,1 196 703,2.71%
24/11/2014,7.38,7.30,7.40,7.30,24 720,181 692,1.23%
21/11/2014,7.29,7.24,7.29,7.24,36 550,265 536,0.69%
19/11/2014,7.24,7.04,7.24,7.04,88,628,0.00%
14/11/2014,7.24,7.24,7.24,7.24,5,36,-0.69%
11/11/2014,7.29,7.09,7.29,7.09,1 015,7 298,-0.14%
05/11/2014,7.30,7.28,7.30,7.28,2 200,16 038,0.41%
04/11/2014,7.27,7.07,7.27,7.07,255,1 828,-0.14%
03/11/2014,7.28,7.29,7.29,7.28,2 860,20 835,0.00%
31/10/2014,7.28,7.18,7.28,7.18,6,43,-1.62%
29/10/2014,7.40,7.28,7.40,7.28,19 515,143 240,2.78%
28/10/2014,7.20,7.00,7.21,7.00,13 323,94 660,2.86%
27/10/2014,7.00,6.78,7.00,6.78,2 697,18 582,0.29%
23/10/2014,6.98,6.59,6.98,6.40,373,2 495,-0.29%
21/10/2014,7.00,7.00,7.00,7.00,835,5 845,0.00%
17/10/2014,7.00,6.79,7.00,6.79,294,2 027,0.00%
10/10/2014,7.00,6.79,7.00,6.79,462,3 185,0.00%
09/10/2014,7.00,6.99,7.00,6.93,3 026,21 076,-3.45%
08/10/2014,7.25,7.08,7.25,7.08,17 281,123 818,-0.55%
01/10/2014,7.29,7.09,7.29,7.09,1 780,12 798,-0.14%
26/09/2014,7.30,7.30,7.30,7.30,3,22,-0.68%
23/09/2014,7.35,7.34,7.35,7.34,3 000,22 035,-0.27%
19/09/2014,7.37,7.37,7.37,7.37,10,74,0.00%
18/09/2014,7.37,7.17,7.37,7.17,818,5 947,-0.27%
17/09/2014,7.39,7.38,7.39,7.38,5 000,36 925,0.00%
16/09/2014,7.39,7.30,7.39,7.17,2 855,20 784,0.00%
15/09/2014,7.39,7.39,7.39,7.39,51,377,-0.81%
12/09/2014,7.45,7.30,7.45,7.30,10 000,73 750,1.22%
11/09/2014,7.36,7.15,7.36,7.15,65,472,-0.14%
10/09/2014,7.37,7.20,7.37,7.20,4 850,35 332,1.10%
09/09/2014,7.29,7.18,7.30,7.18,11 025,79 821,1.39%
08/09/2014,7.19,7.18,7.19,7.18,3 000,21 555,0.00%
05/09/2014,7.19,6.98,7.19,6.98,1 001,7 092,0.00%
04/09/2014,7.19,6.90,7.19,6.90,20 600,145 127,2.86%
03/09/2014,6.99,6.77,6.99,6.77,5 272,36 271,2.95%
02/09/2014,6.79,6.78,6.79,6.78,300,2 036,-0.15%
