16/02/2023,4.18,4.18,4.37,4.13,537,2 282,-0.48%
15/02/2023,4.20,4.20,4.20,4.10,5,21,2.44%
14/02/2023,4.10,4.10,4.10,4.00,877,3 552,0.00%
13/02/2023,4.10,4.10,4.10,4.10,101,414,0.00%
10/02/2023,4.10,4.10,4.10,4.00,10,41,2.50%
09/02/2023,4.00,4.00,4.10,4.00,3 222,13 049,-2.44%
07/02/2023,4.10,4.10,4.10,4.10,500,2 050,0.00%
06/02/2023,4.10,4.10,4.10,4.01,810,3 285,0.00%
03/02/2023,4.10,4.10,4.15,4.10,692,2 855,-1.20%
02/02/2023,4.15,4.15,4.40,4.15,1 960,8 379,-5.68%
01/02/2023,4.40,4.40,4.40,4.40,3,13,0.00%
30/01/2023,4.40,4.40,4.40,4.07,2 098,8 885,4.02%
27/01/2023,4.23,4.23,4.30,4.22,450,1 917,-0.47%
26/01/2023,4.25,4.25,4.40,4.25,534,2 310,-3.41%
25/01/2023,4.40,4.40,4.45,4.40,759,3 359,-1.12%
24/01/2023,4.45,4.45,4.50,4.40,1 675,7 454,-1.11%
23/01/2023,4.50,4.50,4.54,4.50,100,452,-0.88%
20/01/2023,4.54,4.54,4.54,4.46,1 486,6 687,0.00%
19/01/2023,4.54,4.54,4.54,4.52,220,997,0.44%
18/01/2023,4.52,4.52,4.52,4.41,1 335,5 961,2.49%
17/01/2023,4.41,4.41,4.54,4.41,420,1 879,-2.22%
16/01/2023,4.51,4.51,4.51,4.50,14 026,63 187,0.22%
13/01/2023,4.50,4.50,4.54,4.41,12 882,57 647,-0.88%
12/01/2023,4.54,4.54,4.64,4.41,613,2 774,-2.16%
11/01/2023,4.64,4.64,4.64,4.47,22 091,100 625,1.98%
10/01/2023,4.55,4.55,4.56,4.54,11 069,50 364,0.00%
09/01/2023,4.55,4.55,4.60,4.55,2 394,10 953,-1.09%
06/01/2023,4.60,4.60,4.60,4.52,663,3 023,0.00%
05/01/2023,4.60,4.60,4.69,4.60,100,464,-1.92%
04/01/2023,4.69,4.69,4.69,4.69,6 575,30 837,0.00%
03/01/2023,4.69,4.69,4.75,4.69,2,9,-1.26%
02/01/2023,4.75,4.75,4.75,4.75,6 500,30 875,0.00%
30/12/2022,4.75,4.75,4.79,4.75,200,954,-0.84%
29/12/2022,4.79,4.79,4.85,4.50,20 245,94 645,8.13%
20/12/2022,4.43,4.43,4.60,4.43,18 584,83 907,-1.34%
19/12/2022,4.49,4.49,4.51,4.49,500,2 250,-0.44%
16/12/2022,4.51,4.51,4.73,4.50,3 928,18 128,-1.96%
15/12/2022,4.60,4.60,4.80,4.60,407,1 913,-4.17%
14/12/2022,4.80,4.80,4.81,4.78,4 020,19 276,1.69%
12/12/2022,4.72,4.72,4.80,4.72,92 647,441 000,1.07%
07/12/2022,4.67,4.67,4.90,4.67,1 378,6 594,-1.27%
06/12/2022,4.73,4.73,4.73,4.60,323,1 507,2.83%
05/12/2022,4.60,4.60,4.64,4.60,253,1 169,-0.86%
01/12/2022,4.64,4.64,4.64,4.51,1,5,2.88%
30/11/2022,4.51,4.51,4.65,4.51,15 308,70 111,-3.01%
29/11/2022,4.65,4.65,4.70,4.52,86,396,2.88%
28/11/2022,4.52,4.52,4.64,4.42,22 586,102 315,2.26%
25/11/2022,4.42,4.42,4.42,4.42,41,181,-2.64%
23/11/2022,4.54,4.54,4.55,4.42,349,1 565,2.02%
22/11/2022,4.45,4.45,4.45,4.45,59,263,0.00%
21/11/2022,4.45,4.45,4.50,4.43,48 217,215 289,-1.11%
17/11/2022,4.59,4.59,4.59,4.41,767,3 452,4.08%
16/11/2022,4.41,4.41,4.65,4.41,500,2 265,0.00%
08/11/2022,4.41,4.41,4.41,4.41,4 038,17 808,0.00%
07/11/2022,4.41,4.41,4.50,4.41,2 828,12 599,-2.00%
03/11/2022,4.50,4.50,4.50,4.49,1 009,4 535,0.00%
02/11/2022,4.50,4.50,4.73,4.50,2 792,12 885,-3.43%
26/10/2022,4.66,4.66,4.66,4.50,2 455,11 244,2.19%
25/10/2022,4.56,4.56,4.56,4.50,14 136,64 036,1.33%
24/10/2022,4.50,4.50,4.58,4.50,11 728,53 245,-1.75%
21/10/2022,4.58,4.58,4.75,4.52,20 899,96 867,-3.38%
20/10/2022,4.74,4.74,4.80,4.74,180,859,-1.25%
19/10/2022,4.80,4.80,4.80,4.79,4,19,0.21%
18/10/2022,4.79,4.79,4.80,4.79,98,470,-0.21%
17/10/2022,4.80,4.80,4.81,4.80,1 982,9 524,0.00%
14/10/2022,4.80,4.80,4.82,4.80,195,938,-0.41%
13/10/2022,4.82,4.82,4.82,4.80,1 000,4 810,0.42%
12/10/2022,4.80,4.80,4.83,4.80,7 136,34 360,-0.62%
10/10/2022,4.83,4.83,4.83,4.80,1 035,4 984,0.00%
07/10/2022,4.83,4.83,4.83,4.75,265,1 269,0.63%
06/10/2022,4.80,4.80,4.83,4.80,628,3 024,0.00%
05/10/2022,4.80,4.80,4.82,4.80,1 035,4 978,0.00%
04/10/2022,4.80,4.80,4.90,4.80,1 022,4 957,-2.04%
30/09/2022,4.90,4.90,4.90,4.85,135,658,1.03%
29/09/2022,4.85,4.85,4.85,4.75,26 508,127 238,1.04%
28/09/2022,4.80,4.80,4.92,4.80,61,296,0.00%
27/09/2022,4.80,4.80,4.89,4.80,3 904,18 915,-1.23%
26/09/2022,4.86,4.86,4.94,4.86,200,980,-1.62%
21/09/2022,4.94,4.94,4.94,4.80,316,1 539,2.92%
20/09/2022,4.80,4.80,4.80,4.80,536,2 573,0.00%
19/09/2022,4.80,4.80,4.86,4.80,868,4 192,-1.23%
16/09/2022,4.86,4.86,4.90,4.86,485,2 367,-0.82%
15/09/2022,4.90,4.90,4.91,4.90,300,1 472,-0.20%
14/09/2022,4.91,4.91,4.95,4.80,71 581,348 957,2.29%
13/09/2022,4.80,4.80,4.90,4.80,2 877,13 953,-2.04%
12/09/2022,4.90,4.90,4.90,4.85,1 648,8 034,0.00%
09/09/2022,4.90,4.90,5.04,4.90,1 917,9 527,-1.80%
08/09/2022,4.99,4.99,5.06,4.85,3 207,15 891,-1.38%
05/09/2022,5.06,5.06,5.10,4.85,546,2 716,4.33%
02/09/2022,4.85,4.85,5.02,4.78,6 825,33 443,1.46%
01/09/2022,4.78,4.78,4.80,4.70,420,1 995,-0.42%
31/08/2022,4.80,4.80,4.80,4.79,1,5,0.21%
30/08/2022,4.79,4.79,4.80,4.79,33,158,-0.21%
29/08/2022,4.80,4.80,4.80,4.80,40,192,0.00%
26/08/2022,4.80,4.80,4.84,4.65,1 046,4 963,0.42%
25/08/2022,4.78,4.78,4.79,4.78,10,48,-0.21%
24/08/2022,4.79,4.79,4.80,4.64,11,52,-0.21%
23/08/2022,4.80,4.80,4.84,4.80,130,627,-0.83%
18/08/2022,4.83,4.83,4.84,4.80,1 633,7 871,-0.21%
17/08/2022,4.84,4.84,4.84,4.80,10,48,0.83%
16/08/2022,4.80,4.80,4.84,4.80,176,848,0.00%
15/08/2022,4.80,4.80,4.84,4.79,315,1 517,-0.83%
12/08/2022,4.84,4.84,4.84,4.76,1 064,5 107,1.68%
11/08/2022,4.76,4.76,4.84,4.74,15 074,72 204,0.42%
10/08/2022,4.74,4.74,4.74,4.60,130,607,3.04%
09/08/2022,4.60,4.60,4.75,4.60,4 960,23 188,-3.16%
08/08/2022,4.75,4.75,4.75,4.60,862,4 030,0.21%
05/08/2022,4.74,4.74,4.75,4.62,191,895,-0.21%
04/08/2022,4.75,4.75,4.75,4.70,5,24,1.06%
03/08/2022,4.70,4.70,4.75,4.60,2 356,11 014,-0.21%
02/08/2022,4.71,4.71,4.71,4.56,2 437,11 295,0.21%
01/08/2022,4.70,4.70,4.71,4.55,2 180,10 093,2.17%
29/07/2022,4.60,4.60,4.69,4.60,201,934,0.00%
28/07/2022,4.60,4.60,4.74,4.60,239,1 116,-2.95%
26/07/2022,4.74,4.74,4.75,4.74,1 700,8 067,-0.21%
21/07/2022,4.75,4.75,4.75,4.75,529,2 513,0.00%
19/07/2022,4.75,4.75,4.77,4.75,5,24,-0.42%
18/07/2022,4.77,4.77,4.77,4.70,1,5,1.49%
15/07/2022,4.70,4.70,4.70,4.65,50,234,1.08%
14/07/2022,4.65,4.65,4.65,4.65,320,1 488,0.00%
13/07/2022,4.65,4.65,4.65,4.58,1,5,1.53%
12/07/2022,4.58,4.58,4.64,4.58,1 353,6 237,-1.29%
11/07/2022,4.64,4.64,4.64,4.50,4 775,21 822,1.53%
07/07/2022,4.57,4.57,4.58,4.31,164,729,-0.22%
06/07/2022,4.58,4.58,4.65,4.58,2 000,9 230,-1.51%
05/07/2022,4.65,4.65,4.65,4.39,250,1 130,5.92%
01/07/2022,4.39,4.39,4.39,4.18,1 765,7 563,1.15%
30/06/2022,4.34,4.34,4.34,4.14,2,8,0.00%
29/06/2022,4.34,4.34,4.34,4.28,900,3 879,3.33%
28/06/2022,4.20,4.20,4.30,4.15,787,3 325,-2.33%
27/06/2022,4.30,4.30,4.30,4.30,511,2 197,-0.46%
24/06/2022,4.32,4.32,4.32,4.31,40,173,0.23%
23/06/2022,4.31,4.31,4.42,4.31,531,2 318,-2.49%
22/06/2022,4.42,4.42,4.42,4.26,205,890,4.74%
21/06/2022,4.22,4.22,4.41,4.22,1 466,6 326,-4.31%
20/06/2022,4.41,4.41,4.50,4.41,200,891,-2.00%
17/06/2022,4.50,4.50,4.57,4.50,1 380,6 258,-1.53%
15/06/2022,4.57,4.57,4.57,4.32,5,22,-0.65%
13/06/2022,4.60,4.60,4.60,4.31,220 720,983 308,3.37%
10/06/2022,4.45,4.45,4.45,4.45,300,1 335,0.00%
09/06/2022,4.45,4.45,4.60,4.45,485,2 195,0.00%
08/06/2022,4.45,4.45,4.45,4.35,5 844,25 714,1.60%
07/06/2022,4.38,4.38,4.45,4.38,1 673,7 386,-0.90%
06/06/2022,4.42,4.42,4.58,4.42,14,63,-1.78%
31/05/2022,4.50,4.50,4.58,4.50,4 000,18 160,0.00%
26/05/2022,4.50,4.50,4.60,4.50,6 029,27 432,-1.96%
24/05/2022,4.59,4.59,4.59,4.59,188,863,2.00%
23/05/2022,4.50,4.50,4.59,4.50,360,1 636,0.00%
18/05/2022,4.59,4.59,4.59,4.50,83,377,0.22%
17/05/2022,4.58,4.58,4.58,4.41,869,3 906,0.66%
16/05/2022,4.55,4.55,4.59,4.38,730,3 274,-0.44%
13/05/2022,4.57,4.57,4.60,4.38,853,3 830,-0.65%
12/05/2022,4.60,4.60,4.64,4.42,106,480,4.07%
11/05/2022,4.42,4.42,4.64,4.42,2 176,9 857,-1.78%
10/05/2022,4.50,4.50,4.50,4.42,4 985,22 233,1.12%
09/05/2022,4.45,4.45,4.70,4.45,2 347,10 738,-5.32%
05/05/2022,4.70,4.70,4.70,4.70,50,235,0.00%
04/05/2022,4.70,4.70,4.70,4.66,5,23,0.86%
27/04/2022,4.66,4.66,4.66,4.50,17 065,78 158,3.56%
26/04/2022,4.50,4.50,4.59,4.40,2 661,11 961,-1.96%
22/04/2022,4.59,4.59,4.60,4.50,371,1 688,-0.22%
21/04/2022,4.60,4.60,4.66,4.60,530,2 454,-1.29%
19/04/2022,4.66,4.66,4.66,4.49,2,9,1.53%
18/04/2022,4.59,4.59,4.60,4.59,5 500,25 273,-0.22%
15/04/2022,4.60,4.60,4.66,4.60,1 149,5 320,-1.29%
14/04/2022,4.66,4.66,4.66,4.55,716,3 297,0.00%
13/04/2022,4.66,4.66,4.66,4.66,5,23,0.00%
08/04/2022,4.66,4.66,4.75,4.66,576,2 710,-1.89%
07/04/2022,4.75,4.75,4.85,4.66,20,95,-4.04%
04/04/2022,4.95,4.95,4.95,4.90,5,25,0.00%
24/03/2022,4.95,4.95,4.95,4.85,105,515,0.20%
18/03/2022,4.94,4.94,4.95,4.94,386,1 909,-0.20%
16/03/2022,4.95,4.95,4.99,4.79,1 004,4 910,-0.80%
15/03/2022,4.99,4.99,4.99,4.80,1 170,5 727,0.20%
14/03/2022,4.98,4.98,4.98,4.85,355,1 745,1.84%
11/03/2022,4.89,4.89,4.90,4.89,1 950,9 545,-0.20%
10/03/2022,4.90,4.90,4.90,4.80,1 173,5 689,0.00%
09/03/2022,4.90,4.90,4.90,4.90,1 000,4 900,0.00%
08/03/2022,4.90,4.90,4.90,4.85,387,1 887,0.00%
07/03/2022,4.90,4.90,4.98,4.90,4 005,19 785,-0.20%
04/03/2022,4.91,4.91,5.00,4.91,31,154,-1.80%
02/03/2022,5.00,5.00,5.10,4.97,6 120,30 814,0.60%
01/03/2022,4.97,4.97,4.99,4.97,14,70,-0.40%
28/02/2022,4.99,4.99,4.99,4.90,2 500,12 363,1.84%
25/02/2022,4.90,4.90,4.99,4.90,4 375,21 634,-1.80%
24/02/2022,4.99,4.99,4.99,4.80,9 055,44 324,2.25%
23/02/2022,4.88,4.88,4.98,4.88,290,1 430,-1.61%
22/02/2022,4.96,4.96,4.98,4.91,2 080,10 286,-0.40%
21/02/2022,4.98,4.98,4.99,4.86,9 824,48 383,1.84%
17/02/2022,4.95,4.95,4.95,4.95,1 111,5 499,0.00%
16/02/2022,4.95,4.95,4.95,4.90,290,1 428,0.00%
15/02/2022,4.95,4.95,4.99,4.90,615,3 041,-0.80%
14/02/2022,4.99,4.99,5.00,4.98,8 500,42 415,-0.20%
11/02/2022,5.00,5.00,5.00,4.90,650,3 218,0.00%
10/02/2022,5.00,5.00,5.00,5.00,2 175,10 875,0.00%
09/02/2022,5.00,5.00,5.00,4.99,7 200,35 964,0.00%
08/02/2022,5.00,5.00,5.00,4.99,1,5,0.20%
07/02/2022,4.99,4.99,4.99,4.87,3 190,15 727,0.20%
04/02/2022,4.98,4.98,4.98,4.90,351,1 734,0.00%
03/02/2022,4.98,4.98,4.98,4.90,2 702,13 348,1.63%
02/02/2022,4.90,4.90,4.98,4.89,4 673,23 061,0.20%
01/02/2022,4.89,4.89,5.00,4.89,5 140,25 417,-2.20%
31/01/2022,5.00,5.00,5.00,4.99,21 750,108 641,0.20%
28/01/2022,4.99,4.99,5.00,4.90,1 661,8 222,-0.20%
27/01/2022,5.00,5.00,5.00,4.90,2 850,14 108,0.00%
26/01/2022,5.00,5.00,5.00,4.90,3 325,16 459,0.00%
25/01/2022,5.00,5.00,5.00,4.88,325,1 605,3.09%
21/01/2022,4.85,4.85,5.00,4.80,6 693,32 796,-1.02%
20/01/2022,4.90,4.90,5.15,4.86,15 439,77 272,-4.85%
19/01/2022,5.15,5.15,5.15,5.00,2 391,12 134,3.00%
18/01/2022,5.00,5.00,5.15,4.99,31 453,159 467,-2.91%
17/01/2022,5.15,5.15,5.15,5.04,3 458,17 619,0.98%
14/01/2022,5.10,5.10,5.15,5.00,3 581,18 174,0.00%
13/01/2022,5.10,5.10,5.10,5.03,3 073,15 565,0.00%
12/01/2022,5.10,5.10,5.20,5.10,1 499,7 720,0.00%
11/01/2022,5.10,5.10,5.20,5.03,12 690,64 909,-1.92%
10/01/2022,5.20,5.20,5.20,5.06,1 851,9 496,2.77%
07/01/2022,5.06,5.06,5.20,5.05,12 760,65 395,-0.59%
06/01/2022,5.09,5.09,5.09,4.99,7 216,36 369,2.00%
05/01/2022,4.99,4.99,5.07,4.94,22 426,112 242,-0.20%
04/01/2022,5.00,5.00,5.18,5.00,765,3 894,-3.47%
03/01/2022,5.18,5.18,5.25,5.18,2 494,13 006,-0.38%
31/12/2021,5.20,5.20,5.30,5.10,670,3 484,-1.89%
30/12/2021,5.30,5.30,5.44,5.20,5 201,27 669,-1.30%
29/12/2021,5.37,5.37,5.39,5.25,1 942,10 331,-0.37%
28/12/2021,5.39,5.39,5.50,5.28,16 812,90 617,2.08%
27/12/2021,5.28,5.28,5.29,5.19,10 816,56 676,1.73%
24/12/2021,5.19,5.19,5.25,5.00,1 098,5 627,0.00%
23/12/2021,5.19,5.19,5.19,4.90,14 484,73 072,3.80%
22/12/2021,5.00,5.00,5.04,4.82,29 312,144 508,3.73%
21/12/2021,4.82,4.82,4.84,4.80,5 231,25 213,-0.41%
20/12/2021,4.84,4.84,4.96,4.70,2 977,14 379,-1.83%
16/12/2021,4.93,4.93,4.93,4.92,1,5,0.20%
15/12/2021,4.92,4.92,4.92,4.70,1,5,4.68%
14/12/2021,4.70,4.70,4.92,4.70,1 905,9 163,-4.47%
13/12/2021,4.92,4.92,4.92,4.79,501,2 432,0.82%
09/12/2021,4.88,4.88,4.99,4.73,4 457,21 661,-2.20%
08/12/2021,4.99,4.99,4.99,4.80,2,10,0.00%
07/12/2021,4.99,4.99,4.99,4.85,511,2 514,2.89%
06/12/2021,4.85,4.85,5.00,4.85,1 549,7 629,-1.62%
03/12/2021,4.93,4.93,5.00,4.93,3 788,18 807,-1.40%
02/12/2021,5.00,5.00,5.03,5.00,4 217,21 148,-0.60%
01/12/2021,5.03,5.03,5.07,4.93,796,3 980,-0.20%
30/11/2021,5.04,5.04,5.04,4.97,1 246,6 236,0.00%
29/11/2021,5.04,5.04,5.10,5.00,2 890,14 595,0.80%
26/11/2021,5.00,5.00,5.10,5.00,517,2 611,-1.96%
25/11/2021,5.10,5.10,5.10,5.00,2 272,11 474,2.00%
24/11/2021,5.00,5.00,5.10,4.93,1 402,7 031,0.00%
23/11/2021,5.00,5.00,5.00,5.00,50,250,0.00%
22/11/2021,5.00,5.00,5.10,4.97,1 131,5 695,-1.96%
18/11/2021,5.10,5.10,5.10,5.00,1,5,2.00%
17/11/2021,5.00,5.00,5.12,4.97,6 557,33 080,-2.34%
15/11/2021,5.12,5.12,5.12,5.12,60,307,0.00%
12/11/2021,5.12,5.12,5.20,5.12,272,1 404,-1.54%
11/11/2021,5.20,5.20,5.25,5.20,157,820,-0.95%
10/11/2021,5.25,5.25,5.25,5.12,37,192,0.19%
09/11/2021,5.24,5.24,5.24,5.05,11 505,59 193,3.76%
08/11/2021,5.05,5.05,5.20,5.05,7 669,39 304,-2.88%
05/11/2021,5.20,5.20,5.21,5.10,186,959,-0.19%
04/11/2021,5.21,5.21,5.30,5.20,10 830,56 858,-1.70%
03/11/2021,5.30,5.30,5.34,5.09,184,960,4.13%
02/11/2021,5.09,5.09,5.35,5.09,8 185,42 726,-4.86%
01/11/2021,5.35,5.35,5.35,5.15,1,5,3.88%
29/10/2021,5.15,5.15,5.15,4.80,8 189,40 740,3.00%
28/10/2021,5.00,5.00,5.00,4.90,1,5,2.04%
27/10/2021,4.90,4.90,4.90,4.90,1,5,0.00%
26/10/2021,4.90,4.90,5.15,4.67,98,481,-1.21%
25/10/2021,4.96,4.96,4.96,4.90,1,5,1.22%
22/10/2021,4.90,4.90,5.11,4.90,1 114,5 576,-3.73%
21/10/2021,5.09,5.09,5.09,4.95,14 602,73 302,0.20%
20/10/2021,5.08,5.08,5.11,5.08,23,117,0.00%
19/10/2021,5.08,5.08,5.15,5.08,1 210,6 189,-1.36%
14/10/2021,5.15,5.15,5.20,5.11,5 292,27 280,-0.96%
13/10/2021,5.20,5.20,5.40,5.15,2 310,12 185,-3.70%
12/10/2021,5.40,5.40,5.40,5.30,3 251,17 393,1.89%
11/10/2021,5.30,5.30,5.30,5.01,7 426,38 281,5.79%
08/10/2021,5.01,5.01,5.10,4.80,16 422,81 289,3.30%
07/10/2021,4.85,4.85,4.85,4.80,4 374,21 105,0.83%
06/10/2021,4.81,4.81,4.84,4.71,2 135,10 195,0.84%
05/10/2021,4.77,4.77,4.77,4.70,5 052,23 921,1.49%
04/10/2021,4.70,4.70,4.75,4.70,3 125,14 766,0.00%
01/10/2021,4.70,4.70,4.70,4.60,2 041,9 491,1.29%
30/09/2021,4.64,4.58,4.64,4.58,3 654,16 845,0.00%
29/09/2021,4.64,4.70,4.70,4.60,1 292,6 008,-0.43%
28/09/2021,4.66,4.66,4.67,4.60,464,2 151,1.30%
27/09/2021,4.60,4.60,4.60,4.60,2 848,13 101,-1.92%
24/09/2021,4.69,4.70,4.70,4.55,2 472,11 433,0.64%
23/09/2021,4.66,4.70,4.70,4.66,566,2 649,0.00%
22/09/2021,4.66,4.61,4.66,4.60,2 042,9 454,0.00%
21/09/2021,4.66,4.66,4.66,4.66,2 500,11 650,0.00%
20/09/2021,4.66,4.70,4.75,4.66,1 167,5 491,-0.85%
17/09/2021,4.70,4.62,4.71,4.62,6 252,29 166,1.95%
16/09/2021,4.61,4.62,4.62,4.49,2 453,11 173,-0.22%
15/09/2021,4.62,4.62,4.62,4.55,975,4 470,0.00%
14/09/2021,4.62,4.71,4.71,4.62,2 954,13 780,-2.53%
13/09/2021,4.74,4.80,4.80,4.66,5 364,25 372,-1.25%
10/09/2021,4.80,4.65,4.80,4.40,236 346,1 087 192,5.49%
09/09/2021,4.55,4.59,4.59,4.45,3 009,13 601,1.11%
08/09/2021,4.50,4.69,4.69,4.50,1 846,8 482,-2.17%
07/09/2021,4.60,4.55,4.60,4.55,834,3 816,-1.50%
06/09/2021,4.67,4.65,4.67,4.60,2 502,11 597,-0.64%
03/09/2021,4.70,4.77,4.77,4.69,16 569,78 371,-0.84%
02/09/2021,4.74,4.74,4.74,4.73,1 069,5 062,1.07%
01/09/2021,4.69,4.78,4.78,4.69,2 101,9 948,0.00%
31/08/2021,4.69,4.69,4.82,4.69,3 200,15 216,-0.21%
30/08/2021,4.70,4.70,4.74,4.70,1 000,4 720,-0.84%
27/08/2021,4.74,4.63,4.76,4.63,11 525,54 110,5.33%
26/08/2021,4.50,4.44,4.50,4.44,863,3 858,-1.53%
25/08/2021,4.57,4.60,4.60,4.47,1 762,7 991,-0.65%
24/08/2021,4.60,4.65,4.70,4.60,1 373,6 384,0.00%
23/08/2021,4.60,4.50,4.60,4.50,10 713,48 744,4.55%
19/08/2021,4.28,4.28,4.28,4.25,7 425,31 668,0.00%
18/08/2021,4.28,4.27,4.28,4.26,2 413,10 304,0.47%
17/08/2021,4.26,4.20,4.28,4.20,2 872,12 177,2.40%
16/08/2021,4.16,4.04,4.16,4.04,6 646,27 249,2.97%
12/08/2021,4.04,4.03,4.14,4.03,6 615,27 022,0.25%
11/08/2021,4.03,3.92,4.03,3.92,1 400,5 565,-0.25%
09/08/2021,4.04,4.01,4.04,4.01,3 800,15 295,1.00%
06/08/2021,4.00,3.95,4.00,3.88,958,3 775,0.00%
05/08/2021,4.00,4.02,4.02,4.00,245,982,-0.50%
04/08/2021,4.02,4.02,4.02,4.02,50,201,-0.74%
30/07/2021,4.05,4.05,4.05,4.05,56,227,0.00%
29/07/2021,4.05,4.05,4.05,4.05,10,41,0.50%
28/07/2021,4.03,4.07,4.07,4.03,120,486,-0.98%
27/07/2021,4.07,3.94,4.07,3.94,8 001,32 044,2.78%
26/07/2021,3.96,4.08,4.08,3.96,1 876,7 542,-2.94%
23/07/2021,4.08,4.27,4.27,4.08,2 769,11 561,-1.69%
22/07/2021,4.15,4.26,4.38,4.14,6 333,26 979,-2.58%
19/07/2021,4.26,4.10,4.27,4.10,683,2 858,5.71%
16/07/2021,4.03,3.91,4.03,3.91,38 926,154 536,1.51%
15/07/2021,3.97,3.98,3.98,3.97,394,1 566,-0.50%
14/07/2021,3.99,3.98,4.00,3.98,1 310,5 227,0.00%
13/07/2021,3.99,3.88,3.99,3.88,21 943,86 346,2.84%
12/07/2021,3.88,3.89,3.89,3.83,2 614,10 090,1.31%
09/07/2021,3.83,3.81,3.83,3.75,10 972,41 584,0.26%
08/07/2021,3.82,3.80,3.83,3.80,6 293,24 008,-1.55%
07/07/2021,3.88,3.82,3.88,3.82,11 049,42 539,1.57%
06/07/2021,3.82,3.80,3.85,3.80,7 169,27 421,0.00%
05/07/2021,3.82,3.93,3.93,3.82,7 699,29 834,0.00%
02/07/2021,3.82,3.82,3.90,3.80,2 775,10 684,0.26%
01/07/2021,3.81,3.80,3.85,3.80,7 577,28 982,0.26%
30/06/2021,3.80,3.80,3.80,3.80,740,2 812,0.00%
29/06/2021,3.80,3.77,3.88,3.76,30 186,115 311,2.15%
28/06/2021,3.72,3.62,3.72,3.56,27 528,100 202,4.49%
24/06/2021,3.56,3.40,3.56,3.40,93 019,323 706,5.95%
23/06/2021,3.36,3.22,3.36,3.22,10 859,35 726,4.35%
22/06/2021,3.22,3.22,3.22,3.15,999,3 182,2.22%
21/06/2021,3.15,3.15,3.16,3.15,2 109,6 654,-2.17%
18/06/2021,3.22,3.19,3.22,3.19,721,2 311,0.63%
17/06/2021,3.20,3.19,3.22,3.19,1 092,3 500,-0.31%
16/06/2021,3.21,3.20,3.21,3.20,130,417,0.31%
15/06/2021,3.20,3.13,3.20,3.13,371,1 174,0.63%
14/06/2021,3.18,3.23,3.23,3.18,32 044,102 701,-1.85%
11/06/2021,3.24,3.30,3.30,3.24,1 430,4 676,-0.61%
10/06/2021,3.26,3.26,3.26,3.26,50,163,1.24%
09/06/2021,3.22,3.14,3.22,3.14,4 547,14 459,1.26%
08/06/2021,3.18,3.17,3.18,3.15,4 930,15 603,0.00%
07/06/2021,3.18,3.22,3.31,3.16,3 499,11 319,-1.24%
04/06/2021,3.22,3.25,3.25,3.21,1 241,4 008,-0.92%
03/06/2021,3.25,3.35,3.35,3.25,176,581,-0.31%
02/06/2021,3.26,3.33,3.33,3.24,3 955,12 992,-2.10%
01/06/2021,3.33,3.34,3.34,3.33,265,884,-0.30%
31/05/2021,3.34,3.30,3.34,3.30,11 434,37 961,-0.30%
28/05/2021,3.35,3.43,3.43,3.33,1 813,6 128,-0.59%
27/05/2021,3.37,3.37,3.41,3.32,3 141,10 569,0.00%
26/05/2021,3.37,3.30,3.38,3.29,823,2 745,2.43%
25/05/2021,3.29,3.20,3.29,3.20,4 328,14 044,2.81%
24/05/2021,3.20,3.19,3.20,3.19,2 023,6 463,0.31%
20/05/2021,3.19,3.09,3.19,3.09,3 200,10 048,1.92%
19/05/2021,3.13,3.00,3.13,3.00,3 279,10 050,1.29%
18/05/2021,3.09,3.00,3.09,2.95,3 992,12 056,2.66%
17/05/2021,3.01,3.00,3.09,3.00,3 550,10 810,-2.59%
11/05/2021,3.09,3.05,3.09,2.96,5 954,18 011,1.31%
10/05/2021,3.05,3.05,3.05,3.05,985,3 004,-2.87%
07/05/2021,3.14,3.05,3.14,2.98,3 276,10 025,2.95%
06/05/2021,3.05,3.14,3.14,3.05,4 043,12 513,-2.87%
05/05/2021,3.14,3.14,3.14,3.14,250,785,-0.32%
04/05/2021,3.15,3.25,3.26,3.10,7 106,22 597,-1.25%
03/05/2021,3.19,3.24,3.24,3.15,1 733,5 537,-4.49%
30/04/2021,3.34,3.29,3.35,3.26,79,261,-1.47%
29/04/2021,3.39,3.38,3.44,3.38,4 213,14 366,-1.17%
28/04/2021,3.43,3.35,3.43,3.35,2 276,7 716,1.18%
27/04/2021,3.39,3.44,3.45,3.31,16 964,57 338,2.42%
26/04/2021,3.31,3.18,3.31,3.18,10 812,35 085,4.75%
23/04/2021,3.16,3.07,3.16,3.07,21 792,67 882,3.27%
22/04/2021,3.06,3.04,3.06,3.00,22 146,67 102,2.68%
21/04/2021,2.98,3.03,3.03,2.98,1 023,3 074,-0.67%
20/04/2021,3.00,2.99,3.01,2.99,30 094,90 282,1.35%
19/04/2021,2.96,3.00,3.00,2.91,3 983,11 770,1.02%
16/04/2021,2.93,2.93,2.93,2.91,3 772,11 014,-2.01%
15/04/2021,2.99,2.97,2.99,2.93,6 547,19 379,-0.33%
14/04/2021,3.00,2.95,3.00,2.95,2 762,8 217,0.67%
13/04/2021,2.98,2.99,3.00,2.98,1 045,3 125,-0.67%
12/04/2021,3.00,2.91,3.00,2.91,3 277,9 684,0.33%
08/04/2021,2.99,2.88,2.99,2.86,15 326,44 829,2.75%
07/04/2021,2.91,2.93,2.98,2.91,40 311,118 716,-2.68%
06/04/2021,2.99,3.05,3.05,2.99,7 676,23 182,-2.92%
05/04/2021,3.08,3.13,3.13,3.08,2 151,6 679,-1.28%
02/04/2021,3.12,3.18,3.18,3.12,5 054,15 920,-1.58%
01/04/2021,3.17,3.18,3.18,3.15,567,1 795,-0.63%
31/03/2021,3.19,3.20,3.20,3.11,6 646,20 968,-0.31%
30/03/2021,3.20,3.29,3.29,3.20,201,652,0.00%
29/03/2021,3.20,3.21,3.30,3.20,5 879,19 107,-0.31%
26/03/2021,3.21,3.21,3.21,3.20,3 473,11 131,0.00%
25/03/2021,3.21,3.30,3.30,3.21,651,2 119,0.00%
24/03/2021,3.21,3.30,3.30,3.21,5 122,16 672,0.00%
23/03/2021,3.21,3.30,3.30,3.21,1 636,5 325,0.00%
22/03/2021,3.21,3.30,3.30,3.21,7 949,25 874,-2.13%
19/03/2021,3.28,3.28,3.28,3.28,100,328,-0.30%
18/03/2021,3.29,3.29,3.38,3.29,2 101,7 007,0.00%
17/03/2021,3.29,3.25,3.29,3.25,603,1 972,1.23%
16/03/2021,3.25,3.29,3.29,3.25,3 797,12 416,-1.22%
15/03/2021,3.29,3.29,3.29,3.26,752,2 463,0.00%
12/03/2021,3.29,3.28,3.29,3.27,2 569,8 426,0.00%
11/03/2021,3.29,3.30,3.38,3.29,3 128,10 432,-1.79%
10/03/2021,3.35,3.35,3.35,3.30,525,1 746,2.13%
09/03/2021,3.28,3.30,3.30,3.28,3 327,10 946,-2.09%
08/03/2021,3.35,3.35,3.35,3.25,187,617,1.52%
05/03/2021,3.30,3.38,3.38,3.30,3 607,12 047,-2.37%
04/03/2021,3.38,3.38,3.38,3.38,100,338,0.00%
03/03/2021,3.38,3.37,3.38,3.37,201,678,2.74%
02/03/2021,3.29,3.38,3.38,3.29,1 159,3 865,0.00%
01/03/2021,3.29,3.30,3.30,3.29,524,1 727,-2.95%
26/02/2021,3.39,3.39,3.39,3.39,5,17,2.73%
25/02/2021,3.30,3.34,3.34,3.30,1 750,5 810,-2.94%
24/02/2021,3.40,3.40,3.40,3.40,270,918,0.00%
23/02/2021,3.40,3.40,3.40,3.40,81,275,0.00%
22/02/2021,3.40,3.47,3.47,3.37,865,2 958,-2.02%
18/02/2021,3.47,3.30,3.47,3.28,6 501,21 941,2.97%
17/02/2021,3.37,3.37,3.37,3.37,400,1 348,-0.88%
15/02/2021,3.40,3.39,3.40,3.38,23 644,80 153,-1.16%
12/02/2021,3.44,3.44,3.44,3.44,5,17,2.69%
11/02/2021,3.35,3.35,3.35,3.35,750,2 513,-2.90%
10/02/2021,3.45,3.30,3.45,3.30,31,105,1.47%
09/02/2021,3.40,3.40,3.45,3.40,2 385,8 169,0.00%
08/02/2021,3.40,3.45,3.45,3.40,13 203,45 220,1.49%
05/02/2021,3.35,3.40,3.40,3.34,8 653,29 161,0.00%
04/02/2021,3.35,3.37,3.37,3.35,8 278,27 814,-1.18%
03/02/2021,3.39,3.31,3.40,3.30,2 417,8 097,-0.29%
02/02/2021,3.40,3.30,3.40,3.30,105,352,0.59%
01/02/2021,3.38,3.38,3.39,3.30,14 220,47 566,-0.29%
29/01/2021,3.39,3.40,3.40,3.39,495,1 681,0.59%
28/01/2021,3.37,3.50,3.50,3.37,23 190,79 658,-2.88%
27/01/2021,3.47,3.47,3.47,3.47,10,35,0.29%
26/01/2021,3.46,3.49,3.49,3.46,287,997,0.29%
25/01/2021,3.45,3.45,3.45,3.45,4 050,13 973,0.00%
22/01/2021,3.45,3.30,3.45,3.30,17 426,58 813,1.47%
21/01/2021,3.40,3.42,3.42,3.40,500,1 705,-1.16%
20/01/2021,3.44,3.35,3.45,3.35,5 249,17 847,2.69%
19/01/2021,3.35,3.39,3.40,3.35,2 400,8 100,-1.47%
18/01/2021,3.40,3.40,3.40,3.30,1 590,5 326,0.00%
15/01/2021,3.40,3.39,3.40,3.31,1 831,6 143,0.00%
13/01/2021,3.40,3.35,3.40,3.35,2 174,7 337,0.00%
12/01/2021,3.40,3.40,3.50,3.33,8 138,27 791,0.00%
11/01/2021,3.40,3.45,3.45,3.40,398,1 363,-2.86%
08/01/2021,3.50,3.54,3.54,3.45,1 246,4 355,-1.41%
07/01/2021,3.55,3.60,3.60,3.51,600,2 133,-1.66%
06/01/2021,3.61,3.61,3.61,3.51,1 284,4 571,0.00%
05/01/2021,3.61,3.72,3.72,3.61,2 957,10 837,-3.22%
04/01/2021,3.73,3.81,3.81,3.73,1 775,6 692,-2.86%
31/12/2020,3.84,3.95,4.06,3.84,17 374,68 627,-1.03%
30/12/2020,3.88,3.99,3.99,3.88,8 678,34 148,-2.76%
29/12/2020,3.99,4.00,4.00,3.84,12 669,49 662,1.79%
28/12/2020,3.92,4.04,4.04,3.92,1 000,3 980,-1.75%
25/12/2020,3.99,3.92,4.03,3.90,16 653,66 029,3.64%
24/12/2020,3.85,3.75,3.86,3.70,29 961,113 253,5.48%
23/12/2020,3.65,3.50,3.65,3.50,13 015,46 529,5.80%
22/12/2020,3.45,3.50,3.50,3.40,3 970,13 697,-0.86%
21/12/2020,3.48,3.48,3.48,3.48,25,87,-0.57%
18/12/2020,3.50,3.38,3.50,3.32,2 817,9 606,3.55%
17/12/2020,3.38,3.35,3.43,3.33,22 727,76 817,-0.59%
16/12/2020,3.40,3.35,3.45,3.35,1 834,6 236,-1.45%
15/12/2020,3.45,3.36,3.45,3.36,329,1 120,-0.86%
14/12/2020,3.48,3.43,3.48,3.34,1 362,4 644,2.96%
11/12/2020,3.38,3.37,3.38,3.30,2 492,8 323,0.30%
10/12/2020,3.37,3.38,3.40,3.37,1 635,5 534,-0.88%
09/12/2020,3.40,3.40,3.40,3.40,297,1 010,-2.86%
08/12/2020,3.50,3.50,3.50,3.50,5,18,2.94%
07/12/2020,3.40,3.49,3.49,3.40,425,1 464,-2.58%
04/12/2020,3.49,3.40,3.49,3.40,2 982,10 273,1.45%
03/12/2020,3.44,3.37,3.44,3.37,6 143,20 917,0.00%
02/12/2020,3.44,3.37,3.44,3.37,451,1 536,-0.29%
01/12/2020,3.45,3.40,3.45,3.37,155,529,-0.29%
30/11/2020,3.46,3.45,3.46,3.37,3 168,10 819,2.67%
27/11/2020,3.37,3.41,3.41,3.37,7 460,25 289,-2.88%
26/11/2020,3.47,3.44,3.47,3.44,1 092,3 773,0.00%
25/11/2020,3.47,3.45,3.47,3.45,385,1 332,0.00%
24/11/2020,3.47,3.45,3.47,3.45,10 905,37 731,-0.86%
23/11/2020,3.50,3.50,3.50,3.40,1 731,5 972,0.86%
19/11/2020,3.49,3.38,3.49,3.38,2 256,7 749,-1.13%
18/11/2020,3.53,3.38,3.53,3.38,5 637,19 476,0.00%
17/11/2020,3.53,3.53,3.53,3.48,15 199,53 272,0.00%
16/11/2020,3.53,3.58,3.58,3.53,610,2 169,0.00%
13/11/2020,3.53,3.53,3.53,3.53,269,950,-1.40%
12/11/2020,3.58,3.58,3.58,3.58,944,3 380,0.00%
11/11/2020,3.58,3.53,3.58,3.53,490,1 742,0.00%
10/11/2020,3.58,3.53,3.58,3.53,231,821,-1.38%
09/11/2020,3.63,3.63,3.63,3.63,30,109,1.11%
05/11/2020,3.59,3.63,3.63,3.47,35 238,125 095,0.00%
04/11/2020,3.59,3.60,3.60,3.56,1 685,6 032,-1.91%
03/11/2020,3.66,3.67,3.67,3.66,130,476,1.67%
02/11/2020,3.60,3.55,3.60,3.49,5 166,18 313,0.84%
30/10/2020,3.57,3.57,3.57,3.57,5,18,2.88%
28/10/2020,3.47,3.58,3.58,3.47,623,2 196,-0.29%
27/10/2020,3.48,3.58,3.58,3.48,84,297,-0.57%
26/10/2020,3.50,3.51,3.58,3.50,1 999,7 076,-0.28%
23/10/2020,3.51,3.48,3.55,3.48,702,2 468,-1.96%
21/10/2020,3.58,3.55,3.60,3.54,5 070,18 100,0.85%
20/10/2020,3.55,3.54,3.55,3.54,700,2 482,-1.11%
16/10/2020,3.59,3.50,3.60,3.50,5 302,18 822,2.87%
14/10/2020,3.49,3.49,3.49,3.49,156,544,0.00%
13/10/2020,3.49,3.49,3.49,3.49,5,17,1.45%
09/10/2020,3.44,3.44,3.44,3.44,51,175,-0.29%
08/10/2020,3.45,3.34,3.45,3.34,526,1 786,-1.15%
07/10/2020,3.49,3.23,3.49,3.23,592,1 989,3.25%
06/10/2020,3.38,3.38,3.38,3.38,700,2 366,-2.87%
05/10/2020,3.48,3.48,3.48,3.48,5,17,0.87%
02/10/2020,3.45,3.35,3.45,3.27,3 333,11 199,2.99%
01/10/2020,3.35,3.38,3.38,3.28,416,1 385,-0.30%
30/09/2020,3.36,3.37,3.37,3.30,388,1 294,-0.59%
28/09/2020,3.38,3.33,3.38,3.33,145,486,0.00%
25/09/2020,3.38,3.30,3.38,3.30,33,110,2.74%
24/09/2020,3.29,3.27,3.29,3.20,2 381,7 726,0.00%
23/09/2020,3.29,3.39,3.39,3.29,249,832,-0.30%
22/09/2020,3.30,3.30,3.40,3.30,928,3 109,-2.94%
18/09/2020,3.40,3.40,3.40,3.40,10,34,2.72%
17/09/2020,3.31,3.41,3.45,3.31,11 336,38 316,-2.65%
16/09/2020,3.40,3.40,3.40,3.40,98,333,0.00%
15/09/2020,3.40,3.41,3.41,3.40,372,1 267,-2.86%
14/09/2020,3.50,3.51,3.51,3.41,764,2 643,2.64%
11/09/2020,3.41,3.32,3.41,3.32,5 068,17 054,2.71%
10/09/2020,3.32,3.35,3.35,3.31,2 019,6 723,-2.64%
09/09/2020,3.41,3.41,3.41,3.35,2 124,7 179,0.00%
08/09/2020,3.41,3.55,3.55,3.41,216,752,-1.16%
07/09/2020,3.45,3.55,3.55,3.45,1 379,4 827,-2.82%
04/09/2020,3.55,3.55,3.55,3.55,1 226,4 352,-2.74%
03/09/2020,3.65,3.65,3.65,3.65,1 250,4 563,0.00%
02/09/2020,3.65,3.50,3.65,3.50,75,268,2.82%
01/09/2020,3.55,3.47,3.55,3.45,322,1 127,0.00%
31/08/2020,3.55,3.65,3.65,3.55,899,3 236,-2.74%
28/08/2020,3.65,3.64,3.80,3.64,4 451,16 558,-2.67%
27/08/2020,3.75,3.75,3.75,3.75,10,38,-0.79%
26/08/2020,3.78,3.80,3.80,3.78,8 102,30 707,-0.53%
25/08/2020,3.80,3.48,3.80,3.48,17 587,64 017,4.40%
24/08/2020,3.64,3.65,3.65,3.55,422,1 519,-0.27%
19/08/2020,3.76,3.76,3.76,3.76,2,8,-1.05%
14/08/2020,3.80,3.79,3.80,3.79,529,2 008,-2.56%
12/08/2020,3.90,3.89,3.90,3.84,720,2 786,-1.27%
11/08/2020,3.95,3.78,3.95,3.78,4 151,16 044,1.54%
10/08/2020,3.89,3.86,3.97,3.86,36,141,-2.26%
07/08/2020,3.98,3.99,3.99,3.79,1 359,5 287,-0.25%
05/08/2020,3.99,3.93,3.99,3.93,2 473,9 793,1.53%
04/08/2020,3.93,3.89,3.93,3.80,669,2 586,1.03%
03/08/2020,3.89,3.89,3.89,3.89,13,51,-1.02%
30/07/2020,3.93,3.73,3.93,3.73,2 601,9 962,2.34%
29/07/2020,3.84,3.74,3.84,3.74,1 235,4 681,2.95%
28/07/2020,3.73,3.73,3.73,3.73,950,3 544,-0.27%
27/07/2020,3.74,3.74,3.74,3.64,951,3 509,0.00%
24/07/2020,3.74,3.74,3.74,3.63,5 086,18 742,0.00%
23/07/2020,3.74,3.85,3.85,3.74,21 986,83 437,-2.86%
22/07/2020,3.85,3.85,3.85,3.85,12,46,0.00%
21/07/2020,3.85,3.85,3.85,3.85,1,4,-2.04%
20/07/2020,3.93,3.93,3.93,3.93,10,39,2.08%
17/07/2020,3.85,3.92,3.92,3.81,372,1 438,-1.03%
16/07/2020,3.89,3.93,3.93,3.80,2 459,9 504,1.30%
15/07/2020,3.84,3.94,3.94,3.84,473,1 840,-2.78%
14/07/2020,3.95,3.95,3.95,3.95,14,55,-2.47%
13/07/2020,4.05,3.93,4.05,3.93,1 000,3 990,0.25%
10/07/2020,4.04,4.05,4.05,4.04,1 414,5 720,1.00%
09/07/2020,4.00,3.99,4.10,3.98,9 463,38 231,0.25%
08/07/2020,3.99,4.00,4.00,3.99,2 593,10 359,0.00%
07/07/2020,3.99,3.95,4.06,3.95,4 501,18 027,2.31%
06/07/2020,3.90,3.81,3.97,3.80,10 860,42 191,0.00%
03/07/2020,3.90,3.77,3.90,3.77,162,621,-1.02%
02/07/2020,3.94,3.88,3.95,3.88,551,2 157,-1.50%
01/07/2020,4.00,3.87,4.00,3.87,1 562,6 146,1.52%
30/06/2020,3.94,4.00,4.00,3.93,3 738,14 821,-1.99%
29/06/2020,4.02,3.94,4.02,3.94,5 720,22 766,2.03%
26/06/2020,3.94,3.87,3.98,3.80,11 581,45 050,1.81%
25/06/2020,3.87,3.81,3.87,3.74,51 770,196 985,1.04%
24/06/2020,3.83,3.76,3.83,3.74,21 215,80 299,-0.52%
23/06/2020,3.85,3.72,3.85,3.70,7 959,30 045,2.39%
22/06/2020,3.76,3.87,3.87,3.76,1 719,6 558,-3.09%
18/06/2020,3.88,3.78,3.88,3.67,10 556,39 849,2.11%
17/06/2020,3.80,3.71,3.85,3.70,18 047,68 127,-1.81%
16/06/2020,3.87,3.90,3.90,3.70,6 180,23 484,0.00%
15/06/2020,3.87,3.98,3.98,3.87,6 305,24 747,-0.77%
12/06/2020,3.90,3.94,3.94,3.86,12 972,50 591,-1.52%
11/06/2020,3.96,3.96,3.96,3.96,1 100,4 356,0.25%
10/06/2020,3.95,3.87,3.95,3.87,5 544,21 677,-0.75%
09/06/2020,3.98,3.80,3.98,3.79,2 186,8 493,2.05%
08/06/2020,3.90,4.02,4.10,3.90,13 576,54 304,-5.80%
05/06/2020,4.14,4.05,4.14,4.00,10 814,44 013,3.50%
04/06/2020,4.00,4.00,4.02,3.92,6 443,25 579,2.30%
03/06/2020,3.91,3.91,3.91,3.90,18 522,72 328,2.89%
02/06/2020,3.80,3.58,3.80,3.58,22 956,84 708,2.98%
01/06/2020,3.69,3.69,3.69,3.69,232,856,-2.89%
29/05/2020,3.80,3.80,3.80,3.69,4 082,15 287,0.00%
28/05/2020,3.80,3.86,3.89,3.76,1 337,5 114,-1.55%
27/05/2020,3.86,3.86,3.86,3.86,3 005,11 599,-1.03%
26/05/2020,3.90,3.90,3.92,3.80,7 137,27 549,2.36%
21/05/2020,3.80,3.74,3.81,3.74,2 815,10 627,0.00%
20/05/2020,3.80,3.72,3.80,3.72,782,2 940,2.15%
19/05/2020,3.72,3.80,3.80,3.59,2 665,9 847,-2.36%
15/05/2020,3.81,3.81,3.81,3.81,25,95,-2.31%
14/05/2020,3.90,3.90,3.90,3.90,25,98,-0.76%
13/05/2020,3.93,3.82,3.93,3.82,121,469,2.88%
12/05/2020,3.82,3.82,3.82,3.74,2 781,10 512,-0.78%
11/05/2020,3.85,3.85,3.85,3.85,26,100,-1.28%
07/05/2020,3.90,3.90,3.90,3.90,10,39,-0.51%
06/05/2020,3.92,3.82,3.92,3.82,256,991,-0.51%
30/04/2020,3.94,3.98,4.15,3.94,665,2 690,-2.96%
29/04/2020,4.06,4.29,4.30,4.06,70,293,-10.96%
24/04/2020,4.56,4.56,4.56,4.56,25,114,-2.98%
22/04/2020,4.70,4.70,4.70,4.70,5,24,2.17%
21/04/2020,4.60,4.60,4.60,4.60,16,74,1.77%
20/04/2020,4.52,4.52,4.52,4.52,5,23,-0.88%
17/04/2020,4.56,4.56,4.56,4.56,1,5,2.01%
16/04/2020,4.47,4.47,4.47,4.47,10,45,0.45%
15/04/2020,4.45,4.45,4.45,4.45,15,67,2.30%
14/04/2020,4.35,4.35,4.35,4.35,9,39,-2.90%
13/04/2020,4.48,4.48,4.48,4.48,4,18,2.75%
08/04/2020,4.36,4.14,4.36,4.14,660,2 805,-3.11%
03/04/2020,4.50,4.39,4.50,4.39,80,356,2.51%
02/04/2020,4.39,4.54,4.54,4.39,12,54,-1.13%
01/04/2020,4.44,4.22,4.44,4.22,1 829,7 920,2.07%
31/03/2020,4.35,4.47,4.47,4.25,722,3 148,0.00%
30/03/2020,4.35,4.35,4.35,4.35,5,22,2.84%
27/03/2020,4.23,4.35,4.35,4.23,6,26,0.00%
26/03/2020,4.23,4.48,4.48,4.23,257,1 119,-2.98%
25/03/2020,4.36,4.36,4.36,4.36,10,44,2.83%
24/03/2020,4.24,4.24,4.24,4.00,820,3 378,2.91%
23/03/2020,4.12,4.00,4.12,4.00,267,1 084,-2.83%
19/03/2020,4.24,4.24,4.24,4.24,4,17,2.91%
18/03/2020,4.12,3.88,4.12,3.88,2 760,11 040,3.00%
17/03/2020,4.00,4.12,4.12,4.00,1 293,5 250,-5.66%
16/03/2020,4.24,4.41,4.41,4.24,134,580,-4.29%
13/03/2020,4.43,4.56,4.56,4.43,379,1 704,-0.45%
12/03/2020,4.45,4.58,4.58,4.45,143,646,-2.84%
11/03/2020,4.58,4.49,4.58,4.36,787,3 518,2.00%
10/03/2020,4.49,4.50,4.50,4.47,170,762,-1.97%
09/03/2020,4.58,4.72,4.72,4.58,878,4 083,-2.55%
06/03/2020,4.70,4.72,4.72,4.62,1 545,7 215,-1.05%
05/03/2020,4.75,4.76,4.76,4.75,2 079,9 886,-2.86%
04/03/2020,4.89,4.89,4.95,4.75,5 229,25 361,0.20%
03/03/2020,4.88,4.87,4.90,4.75,14 902,71 902,0.21%
02/03/2020,4.87,4.95,4.95,4.85,7 449,36 500,0.41%
28/02/2020,4.85,4.89,4.90,4.85,8 588,41 867,0.00%
27/02/2020,4.85,4.85,4.85,4.80,1 256,6 060,-1.02%
26/02/2020,4.90,4.95,4.95,4.80,2 779,13 548,1.03%
25/02/2020,4.85,4.85,4.95,4.84,2 570,12 580,-1.02%
24/02/2020,4.90,4.95,4.95,4.90,1 800,8 865,-1.01%
20/02/2020,4.98,4.90,4.98,4.90,413,2 040,1.63%
19/02/2020,4.90,4.91,4.99,4.90,2 457,12 150,-1.80%
18/02/2020,4.99,4.99,5.00,4.99,964,4 815,0.81%
17/02/2020,4.95,4.85,4.95,4.85,2 087,10 226,0.00%
14/02/2020,4.95,4.95,4.95,4.95,30,149,0.00%
13/02/2020,4.95,4.90,5.00,4.86,599,2 953,2.06%
12/02/2020,4.85,4.85,4.97,4.85,1 348,6 619,-3.00%
11/02/2020,5.00,4.90,5.00,4.85,3 709,18 267,0.00%
06/02/2020,5.00,5.00,5.00,4.85,119,586,1.21%
05/02/2020,4.94,4.82,4.95,4.82,4 026,19 667,2.92%
04/02/2020,4.80,4.85,4.85,4.72,1 021,4 885,-1.03%
03/02/2020,4.85,5.00,5.00,4.85,1 498,7 378,-3.00%
31/01/2020,5.00,5.18,5.18,5.00,1 591,8 098,-1.96%
30/01/2020,5.10,5.25,5.25,5.00,4 644,23 801,-2.86%
29/01/2020,5.25,5.20,5.29,5.10,811,4 213,3.55%
28/01/2020,5.07,5.20,5.20,5.07,1 995,10 244,-2.87%
27/01/2020,5.22,5.30,5.30,5.22,1 210,6 365,-2.97%
23/01/2020,5.38,5.38,5.39,5.38,566,3 048,-0.19%
22/01/2020,5.39,5.15,5.39,5.15,156,822,1.70%
21/01/2020,5.30,5.38,5.38,5.30,959,5 121,-1.67%
20/01/2020,5.39,5.40,5.40,5.21,605,3 210,0.75%
17/01/2020,5.35,5.35,5.35,5.35,25,134,2.69%
16/01/2020,5.21,5.21,5.35,5.21,2 937,15 507,0.00%
15/01/2020,5.21,5.25,5.25,5.21,1 942,10 157,-2.07%
13/01/2020,5.32,5.48,5.48,5.32,733,3 958,-0.19%
10/01/2020,5.33,5.33,5.33,5.33,448,2 388,0.00%
09/01/2020,5.33,5.33,5.33,5.33,76,405,-0.19%
08/01/2020,5.34,5.34,5.34,5.34,508,2 713,-2.91%
07/01/2020,5.50,5.52,5.52,5.46,2 392,13 132,-1.79%
06/01/2020,5.60,5.86,5.86,5.60,2 606,14 932,-2.95%
03/01/2020,5.77,5.94,5.94,5.77,14 140,82 790,-2.20%
02/01/2020,5.90,5.90,5.90,5.90,3 900,23 010,1.72%
31/12/2019,5.80,5.81,5.89,5.80,6 051,35 368,-0.17%
30/12/2019,5.81,5.82,5.85,5.65,1 379,7 929,-0.17%
27/12/2019,5.82,5.70,5.82,5.60,37 290,212 926,1.57%
26/12/2019,5.73,5.77,5.77,5.60,17 362,98 703,0.53%
25/12/2019,5.70,5.75,5.75,5.70,17 294,99 008,-0.52%
24/12/2019,5.73,5.76,5.77,5.70,20 892,119 816,-0.17%
23/12/2019,5.74,5.38,5.77,5.38,35 543,198 152,3.80%
20/12/2019,5.53,5.70,5.75,5.53,3 249,18 324,-2.12%
19/12/2019,5.65,5.60,5.65,5.50,1 455,8 112,0.89%
18/12/2019,5.60,5.65,5.65,5.50,57,318,-1.23%
17/12/2019,5.67,5.48,5.69,5.48,2 007,11 209,0.53%
16/12/2019,5.64,5.52,5.67,5.52,257,1 438,-0.88%
13/12/2019,5.69,5.60,5.70,5.60,625,3 531,1.61%
12/12/2019,5.60,5.60,5.60,5.60,350,1 960,2.56%
11/12/2019,5.46,5.62,5.62,5.46,8 615,47 727,0.00%
10/12/2019,5.46,5.56,5.56,5.45,598,3 292,-2.33%
09/12/2019,5.59,5.51,5.59,5.51,110,611,-0.53%
06/12/2019,5.62,5.70,5.70,5.55,7 011,39 437,0.18%
05/12/2019,5.61,5.45,5.61,5.45,25 655,141 872,2.94%
04/12/2019,5.45,5.55,5.55,5.45,90,495,0.00%
03/12/2019,5.45,5.45,5.45,5.45,10 500,57 225,0.93%
02/12/2019,5.40,5.40,5.45,5.39,15 090,81 788,-2.70%
29/11/2019,5.55,5.50,5.55,5.30,37 079,201 154,0.91%
28/11/2019,5.50,5.59,5.59,5.50,24 892,138 026,0.00%
27/11/2019,5.50,5.40,5.50,5.40,16 516,90 012,0.92%
26/11/2019,5.45,5.40,5.45,5.40,55,298,0.93%
25/11/2019,5.40,5.17,5.40,5.17,37 614,198 790,1.50%
21/11/2019,5.33,5.36,5.36,5.28,6 150,32 718,-0.56%
20/11/2019,5.36,5.39,5.39,5.24,4 355,23 147,1.13%
19/11/2019,5.30,5.33,5.37,5.28,16 129,85 887,0.38%
18/11/2019,5.28,5.18,5.30,5.18,2 079,10 894,-1.12%
15/11/2019,5.34,5.15,5.35,5.13,38 545,201 976,1.71%
14/11/2019,5.25,5.33,5.33,5.15,10 206,53 479,0.57%
13/11/2019,5.22,5.26,5.33,5.11,28 550,149 031,-1.51%
11/11/2019,5.30,5.34,5.34,5.29,8 501,45 183,0.19%
08/11/2019,5.29,5.30,5.33,5.11,46 228,241 310,0.95%
07/11/2019,5.24,5.19,5.24,5.05,13 001,66 890,0.96%
06/11/2019,5.19,5.10,5.20,5.10,17 731,91 315,1.76%
05/11/2019,5.10,5.10,5.13,5.02,3 168,16 078,-0.78%
04/11/2019,5.14,5.14,5.14,5.14,10,51,0.00%
01/11/2019,5.14,5.00,5.15,5.00,850,4 314,-0.19%
31/10/2019,5.15,5.15,5.15,5.15,1,5,3.00%
30/10/2019,5.00,5.14,5.15,5.00,8 771,44 513,-2.91%
29/10/2019,5.15,5.15,5.15,5.15,3 168,16 315,-2.65%
28/10/2019,5.29,5.29,5.29,5.29,1,5,1.73%
25/10/2019,5.20,5.20,5.20,5.20,5,26,-1.33%
24/10/2019,5.27,5.28,5.28,5.27,221,1 166,-0.19%
23/10/2019,5.28,5.29,5.29,5.28,8 090,42 756,-0.38%
22/10/2019,5.30,5.35,5.35,5.20,2 500,13 188,-0.75%
21/10/2019,5.34,5.20,5.35,5.19,7 233,38 118,-0.19%
18/10/2019,5.35,5.28,5.35,5.28,573,3 045,1.33%
17/10/2019,5.28,5.07,5.28,5.00,55 181,283 630,2.92%
16/10/2019,5.13,5.13,5.13,5.12,24 456,125 337,0.20%
14/10/2019,5.12,5.06,5.13,5.06,662,3 373,-0.19%
11/10/2019,5.13,5.12,5.13,5.12,3 954,20 264,0.59%
10/10/2019,5.10,5.12,5.12,5.10,1 001,5 115,0.99%
09/10/2019,5.05,5.05,5.05,5.05,2 509,12 670,0.60%
08/10/2019,5.02,5.13,5.13,5.00,11 339,57 432,0.40%
07/10/2019,5.00,4.98,5.00,4.98,7 799,38 917,-1.96%
03/10/2019,5.10,4.95,5.10,4.95,1 263,6 347,0.00%
02/10/2019,5.10,4.99,5.13,4.99,2 272,11 496,-0.78%
01/10/2019,5.14,5.04,5.14,5.04,2,10,4.90%
30/09/2019,4.90,5.20,5.20,4.90,9 178,46 349,-2.97%
27/09/2019,5.05,5.05,5.18,5.05,4 958,25 360,-2.88%
26/09/2019,5.20,5.13,5.25,5.13,96,498,1.36%
25/09/2019,5.13,5.13,5.13,5.13,3 795,19 468,0.00%
24/09/2019,5.13,5.13,5.28,5.13,9 258,48 188,-2.84%
23/09/2019,5.28,5.29,5.29,5.28,206,1 089,-0.38%
20/09/2019,5.30,5.30,5.30,5.30,44,233,0.00%
19/09/2019,5.30,5.31,5.31,5.05,16 600,85 988,2.71%
18/09/2019,5.16,5.16,5.16,5.16,402,2 074,-0.77%
16/09/2019,5.20,5.20,5.30,5.20,11 093,58 238,0.00%
13/09/2019,5.20,5.16,5.20,5.16,676,3 502,0.00%
12/09/2019,5.20,5.33,5.33,5.20,618,3 254,-2.44%
11/09/2019,5.33,5.18,5.33,5.17,8 745,45 911,2.90%
10/09/2019,5.18,5.04,5.18,5.02,22 172,113 077,2.78%
09/09/2019,5.04,5.04,5.04,5.04,20,101,0.00%
05/09/2019,5.04,5.17,5.17,5.02,2 615,13 323,0.20%
04/09/2019,5.03,5.05,5.10,5.03,4 818,24 403,-2.90%
30/08/2019,5.18,5.20,5.20,5.18,2 107,10 935,-1.33%
29/08/2019,5.25,5.27,5.27,5.25,500,2 630,-0.38%
28/08/2019,5.27,5.26,5.28,5.26,6 010,31 673,0.00%
22/08/2019,5.28,5.28,5.28,5.28,815,4 303,-0.38%
20/08/2019,5.30,5.30,5.30,5.30,83,440,0.00%
19/08/2019,5.30,5.28,5.30,5.28,3 000,15 870,0.00%
16/08/2019,5.30,5.10,5.30,5.08,284,1 474,2.91%
14/08/2019,5.15,5.10,5.15,5.00,10 592,53 754,3.00%
09/08/2019,5.00,5.00,5.00,4.98,13 244,66 088,-1.96%
08/08/2019,5.10,5.10,5.10,5.10,3 300,16 830,0.00%
06/08/2019,5.10,5.10,5.10,5.10,59,301,-2.86%
05/08/2019,5.25,5.25,5.25,5.25,261,1 370,0.00%
02/08/2019,5.25,5.25,5.33,5.25,7 127,37 702,-1.69%
01/08/2019,5.34,5.19,5.34,5.19,2 505,13 189,-0.19%
31/07/2019,5.35,5.30,5.35,5.30,249,1 326,0.00%
30/07/2019,5.35,5.35,5.38,5.34,3 835,20 556,-0.74%
26/07/2019,5.39,5.35,5.40,5.23,23 472,124 754,0.00%
24/07/2019,5.39,5.20,5.40,5.20,7 804,41 361,3.26%
23/07/2019,5.22,5.35,5.35,5.22,2 197,11 611,-3.33%
22/07/2019,5.40,5.30,5.44,5.30,3 050,16 379,1.89%
19/07/2019,5.30,5.48,5.49,5.30,3 672,19 810,-0.75%
18/07/2019,5.34,5.50,5.50,5.34,6 990,37 886,-3.61%
17/07/2019,5.54,5.50,5.54,5.40,1 605,8 779,0.00%
16/07/2019,5.54,5.40,5.56,5.30,13 925,75 613,-0.36%
15/07/2019,5.56,5.58,5.58,5.40,1 770,9 717,1.09%
12/07/2019,5.50,5.63,5.63,5.47,1 338,7 426,-2.48%
11/07/2019,5.64,5.62,5.70,5.45,15 483,86 318,0.53%
10/07/2019,5.61,5.61,5.77,5.61,471,2 680,-9.52%
09/07/2019,6.20,6.25,6.25,6.20,45,280,0.00%
08/07/2019,6.20,6.20,6.20,6.20,10,62,0.00%
05/07/2019,6.20,6.25,6.25,6.19,3 350,20 837,0.81%
04/07/2019,6.15,6.19,6.19,6.01,4 190,25 559,-0.65%
03/07/2019,6.19,6.26,6.26,6.10,4 210,26 018,0.16%
02/07/2019,6.18,6.00,6.18,6.00,12 210,74 359,0.00%
01/07/2019,6.18,6.28,6.28,6.18,850,5 296,0.00%
28/06/2019,6.18,6.10,6.28,6.00,16 158,99 210,1.31%
27/06/2019,6.10,6.22,6.38,6.04,31 628,196 410,-1.61%
26/06/2019,6.20,6.14,6.21,6.14,11 261,69 537,2.82%
25/06/2019,6.03,6.18,6.18,6.03,6 484,39 585,-2.43%
24/06/2019,6.18,6.21,6.21,6.03,12 869,78 758,-0.64%
21/06/2019,6.22,5.95,6.26,5.95,51 672,315 458,1.97%
20/06/2019,6.10,6.18,6.18,6.10,632,3 880,-1.29%
19/06/2019,6.18,5.90,6.24,5.90,38 796,235 492,4.92%
18/06/2019,5.89,5.99,6.00,5.83,16 494,97 562,1.03%
17/06/2019,5.83,5.45,5.83,5.45,39 144,220 772,6.00%
14/06/2019,5.50,5.46,5.50,5.46,2 110,11 563,0.55%
13/06/2019,5.47,5.47,5.47,5.33,310,1 674,0.00%
12/06/2019,5.47,5.40,5.47,5.40,1 321,7 180,1.30%
11/06/2019,5.40,5.29,5.50,5.20,5 739,30 704,1.89%
10/06/2019,5.30,5.45,5.45,5.29,1 130,6 068,0.00%
07/06/2019,5.30,5.30,5.30,5.24,1 175,6 192,-1.85%
03/06/2019,5.40,5.40,5.40,5.40,446,2 408,0.00%
31/05/2019,5.40,5.45,5.45,5.40,754,4 090,-0.92%
30/05/2019,5.45,5.40,5.50,5.40,11 656,63 525,0.18%
29/05/2019,5.44,5.32,5.44,5.32,2 317,12 465,-0.73%
28/05/2019,5.48,5.45,5.48,5.45,39,213,0.55%
27/05/2019,5.45,5.15,5.45,5.15,11 227,59 503,2.83%
23/05/2019,5.45,5.33,5.45,5.33,3 230,17 410,-0.73%
22/05/2019,5.49,5.50,5.50,5.49,374,2 055,0.92%
21/05/2019,5.44,5.40,5.44,5.40,110,596,-0.18%
20/05/2019,5.45,5.45,5.45,5.45,1 340,7 303,-0.91%
17/05/2019,5.50,5.54,5.54,5.50,100,552,-0.72%
16/05/2019,5.54,5.45,5.54,5.43,2 960,16 236,-0.89%
15/05/2019,5.59,5.40,5.59,5.40,260,1 429,-1.06%
14/05/2019,5.65,5.69,5.69,5.65,4 800,27 216,-0.70%
13/05/2019,5.69,5.69,5.69,5.69,5,28,0.18%
10/05/2019,5.68,5.50,5.68,5.50,1 400,7 826,1.43%
09/05/2019,5.60,5.60,5.60,5.60,8 820,49 392,-1.58%
08/05/2019,5.69,5.74,5.74,5.60,792,4 491,-1.22%
07/05/2019,5.76,5.63,5.76,5.63,5 855,33 344,-0.69%
06/05/2019,5.80,5.52,5.80,5.52,980,5 547,0.52%
03/05/2019,5.77,5.80,5.80,5.72,4 748,27 348,-0.52%
02/05/2019,5.80,5.88,5.88,5.79,14 167,82 664,-2.36%
30/04/2019,5.94,5.84,5.94,5.78,29 043,170 192,-0.17%
29/04/2019,5.95,5.98,5.98,5.86,22 673,134 224,-0.50%
26/04/2019,5.98,5.69,5.98,5.69,12 776,74 548,2.05%
25/04/2019,5.86,6.04,6.04,5.86,5 422,32 261,-3.14%
24/04/2019,6.05,6.04,6.15,5.95,102 499,620 119,1.17%
23/04/2019,5.98,5.87,5.98,5.80,40 564,238 922,3.10%
22/04/2019,5.80,5.70,5.80,5.69,33 120,190 274,1.93%
19/04/2019,5.69,5.55,5.71,5.55,36 466,205 304,3.64%
18/04/2019,5.49,5.40,5.50,5.40,41 572,226 567,1.67%
17/04/2019,5.40,5.30,5.40,5.24,147 760,786 083,3.05%
16/04/2019,5.24,5.18,5.31,5.18,46 371,243 216,2.75%
15/04/2019,5.10,5.17,5.17,5.10,300,1 541,1.19%
12/04/2019,5.04,5.18,5.18,5.03,4 585,23 406,-1.95%
11/04/2019,5.14,4.90,5.16,4.89,45 213,227 195,2.59%
10/04/2019,5.01,4.90,5.01,4.90,1 350,6 689,-0.60%
08/04/2019,5.04,5.00,5.04,5.00,2 177,10 929,0.80%
05/04/2019,5.00,5.03,5.03,4.89,4 230,20 981,-0.79%
04/04/2019,5.04,5.07,5.07,5.03,3 146,15 887,-0.79%
03/04/2019,5.08,4.90,5.08,4.90,6 995,34 905,2.63%
02/04/2019,4.95,4.81,4.95,4.81,470,2 294,0.00%
01/04/2019,4.95,4.85,4.95,4.85,5 644,27 656,-0.80%
29/03/2019,4.99,5.00,5.00,4.99,550,2 747,-1.19%
28/03/2019,5.05,5.08,5.17,5.05,7 890,40 318,1.00%
27/03/2019,5.00,5.05,5.20,5.00,55 888,285 029,0.20%
26/03/2019,4.99,4.90,5.04,4.80,24 468,120 383,1.84%
25/03/2019,4.90,4.94,4.94,4.82,3 610,17 617,-0.41%
22/03/2019,4.92,4.83,4.92,4.76,10 985,53 167,1.03%
21/03/2019,4.87,4.82,4.91,4.82,8 938,43 483,-1.42%
19/03/2019,4.94,4.81,4.94,4.81,5 415,26 398,2.92%
18/03/2019,4.80,4.80,4.89,4.80,909,4 404,-2.04%
15/03/2019,4.90,4.94,4.94,4.85,17 796,87 111,0.00%
14/03/2019,4.90,4.95,4.95,4.84,20 775,101 694,-1.01%
13/03/2019,4.95,5.00,5.00,4.85,53 000,261 025,-0.40%
12/03/2019,4.97,5.08,5.08,4.92,17 439,87 195,-1.97%
11/03/2019,5.07,5.10,5.10,4.95,20 107,101 038,-0.59%
08/03/2019,5.10,5.11,5.26,4.96,32 694,167 066,-0.20%
07/03/2019,5.11,4.85,5.13,4.81,117 838,585 655,5.58%
06/03/2019,4.84,4.85,4.90,4.76,23 793,114 920,-0.21%
05/03/2019,4.85,4.80,4.89,4.78,23 738,114 773,1.04%
04/03/2019,4.80,4.90,4.90,4.76,29 325,141 640,-0.21%
01/03/2019,4.81,4.90,4.90,4.76,21 242,102 599,0.21%
28/02/2019,4.80,4.63,4.89,4.50,121 744,571 588,3.67%
27/02/2019,4.63,4.60,4.86,4.59,75 158,355 122,0.87%
26/02/2019,4.59,4.52,4.59,4.52,116 939,532 657,6.00%
25/02/2019,4.33,4.27,4.33,4.27,23 495,101 029,5.87%
21/02/2019,3.86,3.65,3.86,3.60,152 162,567 564,6.04%
20/02/2019,3.64,3.64,3.64,3.64,3,11,1.11%
19/02/2019,3.60,3.64,3.64,3.55,10 138,36 446,0.00%
18/02/2019,3.60,3.50,3.60,3.50,463,1 644,0.28%
15/02/2019,3.59,3.52,3.59,3.49,3 652,12 928,0.00%
14/02/2019,3.59,3.51,3.59,3.51,297,1 054,1.99%
13/02/2019,3.52,3.52,3.52,3.52,1 604,5 646,-1.68%
12/02/2019,3.58,3.52,3.59,3.52,4 521,16 072,0.00%
11/02/2019,3.58,3.55,3.61,3.55,6 793,24 319,1.99%
08/02/2019,3.51,3.47,3.58,3.47,7 716,27 199,0.86%
07/02/2019,3.48,3.45,3.48,3.43,2 090,7 221,0.00%
06/02/2019,3.48,3.48,3.48,3.48,108,376,-0.57%
05/02/2019,3.50,3.47,3.50,3.45,3 266,11 349,0.86%
04/02/2019,3.47,3.57,3.57,3.39,2 441,8 495,-0.57%
01/02/2019,3.49,3.58,3.58,3.49,157,555,-0.29%
31/01/2019,3.50,3.56,3.56,3.48,5 127,18 047,-2.23%
29/01/2019,3.58,3.48,3.58,3.38,5 647,19 652,2.87%
28/01/2019,3.48,3.48,3.50,3.48,4 109,14 340,-2.79%
25/01/2019,3.58,3.42,3.58,3.41,2 350,8 213,0.28%
24/01/2019,3.57,3.50,3.57,3.50,2 310,8 166,-0.28%
23/01/2019,3.58,3.58,3.58,3.58,500,1 790,0.28%
22/01/2019,3.57,3.48,3.57,3.45,4 348,15 261,2.59%
21/01/2019,3.48,3.58,3.58,3.48,202,713,-2.25%
18/01/2019,3.56,3.56,3.56,3.56,71,253,0.85%
17/01/2019,3.53,3.50,3.56,3.50,634,2 238,-0.28%
16/01/2019,3.54,3.53,3.54,3.50,673,2 369,0.00%
15/01/2019,3.54,3.64,3.64,3.54,4 513,16 202,-1.39%
11/01/2019,3.59,3.75,3.75,3.58,6 704,24 570,-4.01%
10/01/2019,3.74,3.75,3.75,3.69,1 796,6 681,1.36%
09/01/2019,3.69,3.60,3.70,3.59,7 581,27 633,2.79%
08/01/2019,3.59,3.50,3.60,3.41,13 958,48 923,2.87%
07/01/2019,3.49,3.40,3.50,3.38,13 987,48 115,3.25%
04/01/2019,3.38,3.39,3.39,3.30,5 167,17 284,2.42%
03/01/2019,3.30,3.30,3.31,3.30,550,1 818,-2.94%
02/01/2019,3.40,3.32,3.45,3.32,457,1 547,-0.58%
28/12/2018,3.42,3.35,3.42,3.35,10 808,36 585,1.48%
27/12/2018,3.37,3.37,3.37,3.37,2 939,9 904,-0.59%
26/12/2018,3.39,3.39,3.39,3.39,50,170,0.00%
25/12/2018,3.39,3.40,3.40,3.35,1 002,3 382,0.00%
24/12/2018,3.39,3.30,3.39,3.30,5 661,18 936,2.73%
21/12/2018,3.30,3.29,3.30,3.21,1 253,4 079,0.00%
20/12/2018,3.30,3.25,3.30,3.25,356,1 166,1.54%
19/12/2018,3.25,3.23,3.25,3.20,2 706,8 727,0.00%
18/12/2018,3.25,3.26,3.26,3.25,5 000,16 275,-1.52%
17/12/2018,3.30,3.24,3.30,3.24,2 239,7 322,0.00%
14/12/2018,3.30,3.30,3.30,3.30,1,3,-0.90%
13/12/2018,3.33,3.33,3.33,3.25,2 002,6 587,2.78%
12/12/2018,3.24,3.25,3.25,3.24,7 928,25 726,-2.70%
11/12/2018,3.33,3.25,3.33,3.24,9 546,31 359,-0.30%
10/12/2018,3.34,3.35,3.35,3.25,170,561,0.30%
07/12/2018,3.33,3.33,3.33,3.24,1 553,5 102,0.00%
06/12/2018,3.33,3.25,3.33,3.25,2 668,8 778,-0.60%
05/12/2018,3.35,3.25,3.35,3.25,3 155,10 412,0.90%
04/12/2018,3.32,3.22,3.33,3.22,1 556,5 096,2.47%
03/12/2018,3.24,3.25,3.25,3.24,397,1 288,-2.70%
30/11/2018,3.33,3.20,3.33,3.20,5 796,18 924,2.78%
29/11/2018,3.24,3.15,3.24,3.15,1 154,3 687,2.86%
28/11/2018,3.15,3.15,3.15,3.15,147,463,-1.56%
27/11/2018,3.20,3.13,3.20,3.13,295,934,0.00%
26/11/2018,3.20,3.14,3.20,3.14,1 204,3 817,-0.62%
22/11/2018,3.22,3.22,3.22,3.10,449,1 419,2.88%
21/11/2018,3.13,3.25,3.25,3.13,85,271,-2.80%
16/11/2018,3.22,3.09,3.22,3.09,3 599,11 355,1.26%
15/11/2018,3.18,3.18,3.18,3.05,428,1 333,1.60%
14/11/2018,3.13,3.08,3.13,3.02,4 882,15 012,2.96%
13/11/2018,3.04,3.00,3.09,3.00,426,1 297,-0.98%
12/11/2018,3.07,3.11,3.13,3.05,11 453,35 390,-4.06%
09/11/2018,3.20,3.20,3.20,3.20,133,426,-2.74%
06/11/2018,3.29,3.11,3.29,3.11,29,93,2.81%
01/11/2018,3.20,3.20,3.20,3.20,2,6,-2.74%
31/10/2018,3.29,3.29,3.29,3.29,267,878,0.00%
30/10/2018,3.29,3.20,3.29,3.20,102,331,3.13%
29/10/2018,3.19,3.25,3.34,3.19,186,607,-1.85%
26/10/2018,3.25,3.16,3.25,3.16,913,2 926,0.00%
25/10/2018,3.25,3.25,3.25,3.25,50,163,-1.81%
24/10/2018,3.31,3.31,3.31,3.31,5,17,0.00%
23/10/2018,3.31,3.31,3.31,3.31,316,1 046,0.61%
22/10/2018,3.29,3.24,3.31,3.24,1 500,4 913,1.86%
19/10/2018,3.23,3.14,3.23,3.14,15 737,50 122,2.87%
18/10/2018,3.14,3.14,3.14,3.14,1,3,0.00%
16/10/2018,3.14,3.08,3.14,3.08,250,778,1.29%
12/10/2018,3.10,3.10,3.10,3.10,9 035,28 009,-0.32%
11/10/2018,3.11,3.16,3.16,3.11,1 204,3 775,-2.81%
08/10/2018,3.20,3.10,3.20,3.10,2 231,7 028,0.31%
05/10/2018,3.19,3.22,3.22,3.19,36,115,1.59%
04/10/2018,3.14,3.11,3.14,3.06,5 415,16 787,0.00%
03/10/2018,3.14,3.14,3.14,3.14,50,157,-1.88%
02/10/2018,3.20,3.23,3.23,3.14,15 522,49 438,-1.23%
01/10/2018,3.24,3.15,3.24,3.07,39 776,125 493,2.53%
28/09/2018,3.16,3.30,3.30,3.16,8 290,26 777,-2.77%
27/09/2018,3.25,3.40,3.40,3.25,812,2 700,-2.99%
26/09/2018,3.35,3.28,3.37,3.19,777,2 549,4.69%
24/09/2018,3.20,3.10,3.20,3.07,1 205,3 778,1.59%
20/09/2018,3.15,3.10,3.15,3.10,106,331,1.61%
19/09/2018,3.10,3.15,3.20,3.10,1 162,3 660,-1.59%
18/09/2018,3.15,3.10,3.15,3.10,6 775,21 172,0.00%
17/09/2018,3.15,3.20,3.20,3.12,9 176,28 996,-1.56%
14/09/2018,3.20,3.15,3.20,3.15,668,2 121,0.31%
13/09/2018,3.19,3.20,3.20,3.11,3 099,9 777,-0.31%
12/09/2018,3.20,3.16,3.20,3.07,10 808,33 883,-1.54%
10/09/2018,3.25,3.40,3.40,3.25,9 783,32 528,-2.99%
07/09/2018,3.35,3.36,3.36,3.29,6 454,21 460,-1.47%
06/09/2018,3.40,3.50,3.50,3.40,105,362,0.00%
05/09/2018,3.40,3.44,3.44,3.40,1 184,4 049,-2.86%
04/09/2018,3.50,3.52,3.52,3.50,320,1 123,-2.78%
03/09/2018,3.60,3.50,3.60,3.50,21 811,77 429,0.00%
31/08/2018,3.60,3.58,3.60,3.40,32 942,115 297,2.86%
30/08/2018,3.50,3.58,3.58,3.50,460,1 628,0.00%
29/08/2018,3.50,3.51,3.51,3.50,524,1 837,-2.78%
23/08/2018,3.50,3.50,3.50,3.50,50,175,2.04%
17/08/2018,3.43,3.40,3.43,3.40,14 210,48 527,0.88%
16/08/2018,3.40,3.40,3.42,3.40,307,1 047,-0.87%
15/08/2018,3.43,3.40,3.43,3.40,2 120,7 240,0.29%
14/08/2018,3.42,3.42,3.42,3.42,76,260,1.79%
10/08/2018,3.36,3.43,3.43,3.36,5 120,17 382,0.00%
09/08/2018,3.36,3.35,3.40,3.35,2 902,9 794,-4.00%
07/08/2018,3.50,3.41,3.50,3.35,376,1 288,1.45%
06/08/2018,3.45,3.65,3.65,3.45,572,2 031,-1.43%
03/08/2018,3.50,3.50,3.50,3.50,2 703,9 461,-1.41%
02/08/2018,3.55,3.64,3.64,3.55,2 105,7 567,0.00%
01/08/2018,3.55,3.64,3.64,3.55,1 857,6 676,-2.47%
31/07/2018,3.64,3.65,3.65,3.52,213,764,0.55%
30/07/2018,3.62,3.62,3.62,3.62,2 660,9 629,0.00%
27/07/2018,3.62,3.63,3.64,3.62,6 055,21 980,-1.63%
26/07/2018,3.68,3.70,3.70,3.68,5 100,18 819,-0.54%
24/07/2018,3.70,3.70,3.70,3.61,407,1 488,1.09%
23/07/2018,3.66,3.69,3.80,3.60,10 855,40 164,0.00%
20/07/2018,3.66,3.68,3.68,3.63,6 172,22 559,-0.54%
19/07/2018,3.68,3.59,3.69,3.59,18 675,67 977,2.51%
18/07/2018,3.59,3.61,3.61,3.59,5 833,20 999,0.00%
17/07/2018,3.59,3.50,3.59,3.50,12 099,42 891,2.57%
16/07/2018,3.50,3.41,3.50,3.41,6 916,23 895,2.94%
13/07/2018,3.40,3.38,3.40,3.38,129,437,1.80%
12/07/2018,3.34,3.34,3.41,3.34,1 028,3 470,0.00%
11/07/2018,3.34,3.34,3.34,3.34,507,1 693,-2.05%
10/07/2018,3.41,3.35,3.41,3.35,218,737,-0.58%
06/07/2018,3.43,3.43,3.43,3.42,6 940,23 770,-0.29%
05/07/2018,3.44,3.44,3.44,3.44,44,151,-7.03%
04/07/2018,3.70,3.70,3.73,3.68,6 041,22 382,1.09%
03/07/2018,3.66,3.66,3.66,3.62,2 461,8 958,0.55%
02/07/2018,3.64,3.73,3.73,3.64,155,571,-1.36%
29/06/2018,3.69,3.67,3.69,3.66,1 300,4 778,-0.27%
28/06/2018,3.70,3.67,3.72,3.67,1 425,5 265,-0.80%
27/06/2018,3.73,3.73,3.80,3.72,4 097,15 405,0.00%
26/06/2018,3.73,3.64,3.73,3.63,5 701,20 980,0.81%
25/06/2018,3.70,3.74,3.74,3.63,3 664,13 502,0.82%
22/06/2018,3.67,3.74,3.74,3.67,3 884,14 390,-0.27%
21/06/2018,3.68,3.74,3.74,3.68,14 391,53 391,-0.27%
20/06/2018,3.69,3.75,3.75,3.69,1 965,7 310,-0.27%
19/06/2018,3.70,3.70,3.70,3.70,107,396,0.00%
18/06/2018,3.70,3.70,3.73,3.70,2 344,8 708,1.37%
14/06/2018,3.65,3.65,3.65,3.65,884,3 227,0.83%
13/06/2018,3.62,3.69,3.73,3.62,3 836,14 097,-2.16%
11/06/2018,3.70,3.62,3.70,3.60,913,3 332,0.00%
08/06/2018,3.70,3.70,3.73,3.70,2 611,9 700,0.00%
07/06/2018,3.70,3.70,3.70,3.70,602,2 227,0.00%
05/06/2018,3.70,3.62,3.70,3.62,575,2 105,-0.54%
04/06/2018,3.72,3.65,3.74,3.65,7 780,28 747,1.92%
01/06/2018,3.65,3.69,3.69,3.58,5 663,20 585,-1.35%
31/05/2018,3.70,3.61,3.70,3.60,8 295,30 277,-0.27%
30/05/2018,3.71,3.73,3.74,3.71,1 600,5 960,0.82%
29/05/2018,3.68,3.61,3.70,3.60,7 758,28 317,0.00%
28/05/2018,3.68,3.61,3.68,3.61,8,29,0.00%
24/05/2018,3.68,3.70,3.70,3.60,42 785,156 165,1.66%
23/05/2018,3.62,3.54,3.70,3.54,2 100,7 602,0.00%
22/05/2018,3.62,3.53,3.62,3.50,31 775,113 119,0.00%
21/05/2018,3.62,3.62,3.62,3.62,100,362,0.00%
18/05/2018,3.62,3.57,3.65,3.55,8 755,31 518,-0.55%
17/05/2018,3.64,3.68,3.68,3.56,1 933,6 997,-0.55%
16/05/2018,3.66,3.63,3.72,3.63,30 222,111 066,1.10%
15/05/2018,3.62,3.51,3.62,3.51,4 503,16 053,2.26%
14/05/2018,3.54,3.55,3.55,3.48,26 676,93 766,-1.12%
11/05/2018,3.58,3.62,3.62,3.50,2 486,8 850,0.00%
10/05/2018,3.58,3.47,3.61,3.47,4 803,17 003,0.28%
09/05/2018,3.57,3.63,3.63,3.57,4 195,15 102,-2.46%
08/05/2018,3.66,3.56,3.66,3.50,14 531,52 021,1.67%
07/05/2018,3.60,3.70,3.70,3.59,2 605,9 495,-1.10%
04/05/2018,3.64,3.74,3.74,3.58,42 744,156 443,1.68%
03/05/2018,3.58,3.50,3.58,3.50,120 418,426 280,5.92%
02/05/2018,3.38,3.25,3.38,3.25,58 860,195 121,5.96%
30/04/2018,3.19,3.18,3.20,3.15,2 930,9 303,0.31%
27/04/2018,3.18,3.20,3.20,3.15,820,2 604,-0.31%
26/04/2018,3.19,3.20,3.24,3.12,3 873,12 316,-0.31%
25/04/2018,3.20,3.15,3.20,3.15,5 161,16 386,0.00%
24/04/2018,3.20,3.25,3.25,3.20,3 657,11 794,-1.84%
23/04/2018,3.26,3.28,3.28,3.19,8 536,27 614,-0.61%
20/04/2018,3.28,3.22,3.28,3.20,4 002,12 966,-0.30%
19/04/2018,3.29,3.27,3.30,3.26,2 314,7 590,0.00%
18/04/2018,3.29,3.26,3.29,3.26,1 401,4 588,0.30%
17/04/2018,3.28,3.28,3.28,3.28,150,492,-0.61%
16/04/2018,3.30,3.24,3.33,3.19,8 042,26 217,3.45%
13/04/2018,3.19,3.10,3.19,3.10,28 630,90 041,2.90%
12/04/2018,3.10,3.10,3.10,3.10,1 135,3 519,0.00%
11/04/2018,3.10,3.11,3.11,3.06,6 691,20 642,-0.32%
10/04/2018,3.11,3.12,3.12,3.10,5 318,16 539,-0.32%
06/04/2018,3.12,3.18,3.18,3.12,5 269,16 597,-1.27%
05/04/2018,3.16,3.20,3.20,3.16,4 701,14 949,-0.94%
04/04/2018,3.19,3.19,3.20,3.18,9 910,31 613,2.57%
03/04/2018,3.11,3.24,3.26,3.11,12 021,38 287,-2.81%
02/04/2018,3.20,3.28,3.28,3.20,10 970,35 543,-2.74%
30/03/2018,3.29,3.22,3.30,3.20,11 182,36 342,2.81%
29/03/2018,3.20,3.03,3.21,3.03,91 634,285 898,3.90%
28/03/2018,3.08,3.02,3.08,3.02,5 745,17 522,2.67%
27/03/2018,3.00,3.07,3.08,3.00,9 562,29 068,-2.91%
23/03/2018,3.09,3.10,3.10,3.09,20,62,0.00%
22/03/2018,3.09,3.03,3.09,3.00,8 951,27 256,3.00%
21/03/2018,3.00,3.00,3.00,3.00,2 450,7 350,-1.32%
19/03/2018,3.04,3.04,3.04,3.00,323,975,0.00%
16/03/2018,3.04,3.00,3.04,3.00,3 458,10 443,1.33%
15/03/2018,3.00,3.04,3.04,3.00,1 400,4 228,-1.32%
14/03/2018,3.04,3.03,3.12,2.99,7 320,22 363,-1.62%
13/03/2018,3.09,3.16,3.16,3.07,300,935,0.00%
12/03/2018,3.09,3.09,3.09,3.05,895,2 748,0.65%
09/03/2018,3.07,3.15,3.15,3.07,2 620,8 148,0.33%
08/03/2018,3.06,3.06,3.06,3.06,590,1 805,-2.86%
07/03/2018,3.15,3.17,3.18,3.08,6 665,20 861,-0.63%
06/03/2018,3.17,3.10,3.18,3.10,4 605,14 460,1.93%
05/03/2018,3.11,3.20,3.28,3.11,3 157,10 087,-2.81%
02/03/2018,3.20,3.20,3.24,3.20,11 014,35 465,0.63%
01/03/2018,3.18,3.10,3.18,3.10,24 770,77 778,2.91%
28/02/2018,3.09,3.05,3.09,3.02,2 126,6 495,1.64%
27/02/2018,3.04,3.08,3.08,3.04,1 143,3 498,-1.94%
26/02/2018,3.10,3.05,3.10,3.05,3 164,9 729,1.64%
22/02/2018,3.10,3.02,3.10,3.00,5 129,15 643,0.65%
21/02/2018,3.08,3.02,3.08,3.02,824,2 513,0.00%
20/02/2018,3.08,3.02,3.08,3.02,5 285,16 119,0.00%
19/02/2018,3.08,3.08,3.10,3.01,2 334,7 130,0.00%
16/02/2018,3.08,3.08,3.08,3.08,10,31,0.00%
15/02/2018,3.08,3.02,3.08,3.02,520,1 586,-0.32%
14/02/2018,3.09,3.00,3.09,2.99,12 787,38 872,3.00%
13/02/2018,3.00,3.02,3.02,3.00,3 066,9 229,-1.96%
12/02/2018,3.06,3.15,3.15,3.06,2 099,6 517,-2.86%
09/02/2018,3.15,3.10,3.15,3.02,573,1 768,1.61%
08/02/2018,3.10,3.08,3.10,3.08,1 444,4 462,0.00%
07/02/2018,3.10,3.10,3.10,3.10,230,713,-2.82%
06/02/2018,3.19,3.20,3.20,3.11,1 182,3 729,-0.31%
05/02/2018,3.20,3.14,3.23,3.14,1 239,3 946,1.91%
02/02/2018,3.14,3.06,3.14,3.00,5 511,16 919,2.61%
01/02/2018,3.06,3.15,3.15,3.06,3 544,11 004,-2.86%
31/01/2018,3.15,3.13,3.19,3.13,2 997,9 471,-1.25%
30/01/2018,3.19,3.19,3.19,3.19,1 000,3 190,-1.54%
29/01/2018,3.24,3.28,3.28,3.24,503,1 640,-1.22%
25/01/2018,3.28,3.28,3.28,3.20,1 870,6 059,0.92%
24/01/2018,3.25,3.30,3.30,3.25,11 959,39 166,-1.52%
23/01/2018,3.30,3.30,3.35,3.23,41 975,138 098,0.00%
22/01/2018,3.30,3.25,3.33,3.24,10 102,33 185,2.48%
19/01/2018,3.22,3.20,3.29,3.20,26 711,86 677,3.54%
18/01/2018,3.11,3.07,3.11,3.07,9 575,29 587,5.78%
17/01/2018,2.94,3.00,3.02,2.93,3 595,10 695,-2.65%
16/01/2018,3.02,2.94,3.02,2.94,12 673,37 766,0.00%
15/01/2018,3.02,3.04,3.04,2.93,4 586,13 689,1.34%
12/01/2018,2.98,2.88,2.98,2.88,15 946,46 722,2.76%
11/01/2018,2.90,2.90,2.95,2.90,4 800,14 040,-1.36%
10/01/2018,2.94,2.94,2.94,2.94,81,238,-1.01%
09/01/2018,2.97,3.04,3.04,2.97,3 000,9 015,-1.00%
08/01/2018,3.00,3.00,3.00,3.00,1 399,4 197,-0.33%
05/01/2018,3.01,3.02,3.02,3.01,2 525,7 613,-2.90%
04/01/2018,3.10,3.03,3.10,3.03,6 349,19 460,2.31%
03/01/2018,3.03,3.03,3.03,3.03,65,197,-2.88%
02/01/2018,3.12,3.15,3.15,3.06,2 717,8 436,1.96%
29/12/2017,3.06,3.15,3.15,3.06,1 214,3 769,-1.29%
28/12/2017,3.10,3.02,3.10,3.01,1 401,4 280,0.00%
27/12/2017,3.10,3.15,3.17,3.10,15 658,49 088,0.00%
26/12/2017,3.10,3.01,3.10,3.01,3 715,11 349,0.00%
25/12/2017,3.10,3.10,3.10,3.10,400,1 240,-1.59%
22/12/2017,3.15,3.17,3.19,3.15,17 372,55 069,1.61%
21/12/2017,3.10,3.14,3.14,3.10,451,1 407,-2.52%
20/12/2017,3.18,3.10,3.18,3.09,14 607,45 793,2.91%
19/12/2017,3.09,3.05,3.09,3.05,15 859,48 687,3.00%
18/12/2017,3.00,3.09,3.09,2.92,766,2 302,0.00%
15/12/2017,3.00,3.08,3.08,3.00,455,1 383,-1.64%
14/12/2017,3.05,3.01,3.12,2.96,44 256,134 538,0.66%
13/12/2017,3.03,2.87,3.03,2.85,27 242,80 091,4.48%
12/12/2017,2.90,2.92,2.94,2.90,7 819,22 831,0.00%
11/12/2017,2.90,2.90,2.93,2.90,1 156,3 370,-0.34%
08/12/2017,2.91,2.91,2.91,2.91,3 843,11 183,-3.00%
07/12/2017,3.00,3.00,3.00,3.00,25,75,0.00%
05/12/2017,3.00,3.00,3.02,3.00,4 504,13 557,0.00%
04/12/2017,3.00,3.00,3.00,3.00,100,300,0.00%
30/11/2017,3.00,2.92,3.00,2.92,2 560,7 578,1.69%
29/11/2017,2.95,2.91,3.00,2.91,1 692,5 000,-1.67%
28/11/2017,3.00,2.91,3.01,2.91,12 804,37 900,0.00%
27/11/2017,3.00,3.05,3.05,3.00,2 222,6 722,-1.32%
22/11/2017,2.97,2.97,2.97,2.97,10,30,1.37%
21/11/2017,2.93,2.93,2.93,2.93,25,73,-0.34%
20/11/2017,2.94,2.94,2.94,2.94,33,97,1.38%
17/11/2017,2.90,2.95,2.96,2.90,13 292,38 946,-2.36%
16/11/2017,2.97,2.97,2.97,2.97,80,238,0.68%
15/11/2017,2.95,2.93,2.95,2.93,5 590,16 435,0.34%
14/11/2017,2.94,2.87,2.94,2.87,3 190,9 267,0.00%
13/11/2017,2.94,2.95,2.95,2.94,95,280,0.00%
10/11/2017,2.94,2.99,2.99,2.91,1 150,3 393,-1.67%
09/11/2017,2.99,2.91,2.99,2.91,46,136,-0.33%
08/11/2017,3.00,3.01,3.01,2.94,6 620,19 694,0.00%
07/11/2017,3.00,2.91,3.00,2.88,16 372,48 134,0.33%
06/11/2017,2.99,2.99,2.99,2.99,30,90,1.36%
03/11/2017,2.95,2.95,2.99,2.93,24 835,73 512,0.00%
02/11/2017,2.95,3.00,3.00,2.92,36 788,108 892,1.03%
01/11/2017,2.92,2.77,2.92,2.76,38 842,110 311,5.80%
31/10/2017,2.76,2.65,2.76,2.65,6 011,16 260,2.99%
30/10/2017,2.68,2.75,2.75,2.67,1 780,4 824,-2.55%
27/10/2017,2.75,2.72,2.80,2.72,4 574,12 624,3.00%
26/10/2017,2.67,2.52,2.67,2.50,24 273,62 746,3.09%
25/10/2017,2.59,2.59,2.59,2.59,100,259,0.00%
24/10/2017,2.59,2.51,2.59,2.51,4 853,12 375,2.78%
23/10/2017,2.52,2.59,2.59,2.52,6 610,16 889,-2.70%
20/10/2017,2.59,2.52,2.59,2.52,101,258,0.00%
19/10/2017,2.59,2.53,2.59,2.53,1 060,2 714,0.00%
18/10/2017,2.59,2.58,2.59,2.58,460,1 189,0.00%
17/10/2017,2.59,2.59,2.59,2.59,1 742,4 512,0.00%
16/10/2017,2.59,2.59,2.59,2.54,4 959,12 720,2.78%
13/10/2017,2.52,2.52,2.59,2.52,905,2 312,-2.70%
12/10/2017,2.59,2.59,2.59,2.59,10,26,-3.00%
10/10/2017,2.67,2.67,2.67,2.67,1,3,1.91%
06/10/2017,2.62,2.62,2.62,2.62,50,131,2.75%
05/10/2017,2.55,2.55,2.55,2.55,200,510,-1.16%
04/10/2017,2.58,2.55,2.58,2.55,355,911,2.79%
03/10/2017,2.51,2.52,2.52,2.51,4 843,12 180,-1.18%
02/10/2017,2.54,2.55,2.55,2.54,1 467,3 734,-2.68%
29/09/2017,2.61,2.61,2.61,2.61,50,131,0.38%
28/09/2017,2.60,2.54,2.61,2.54,433,1 115,0.00%
27/09/2017,2.60,2.61,2.61,2.55,1 584,4 087,0.00%
26/09/2017,2.60,2.57,2.60,2.55,2 235,5 755,-0.38%
25/09/2017,2.61,2.64,2.64,2.60,7 247,18 987,-1.14%
22/09/2017,2.64,2.72,2.72,2.64,20 963,56 181,-1.86%
20/09/2017,2.69,2.69,2.77,2.69,10 876,29 691,1.13%
19/09/2017,2.66,2.55,2.66,2.55,9 177,23 906,3.91%
18/09/2017,2.56,2.50,2.56,2.50,1 838,4 650,-0.39%
15/09/2017,2.57,2.58,2.58,2.57,35,90,-0.39%
14/09/2017,2.58,2.58,2.58,2.55,526,1 349,0.00%
13/09/2017,2.58,2.55,2.58,2.55,780,2 001,1.18%
12/09/2017,2.55,2.55,2.55,2.55,367,936,-1.54%
11/09/2017,2.59,2.52,2.59,2.52,1 823,4 658,0.00%
08/09/2017,2.59,2.59,2.59,2.59,10,26,1.57%
07/09/2017,2.55,2.60,2.60,2.39,2 436,6 078,2.00%
06/09/2017,2.50,2.60,2.60,2.50,2 101,5 358,-3.85%
05/09/2017,2.60,2.60,2.60,2.60,501,1 303,0.00%
04/09/2017,2.60,2.60,2.60,2.60,140,364,-0.76%
30/08/2017,2.62,2.62,2.62,2.62,10,26,0.38%
29/08/2017,2.61,2.54,2.61,2.54,3 307,8 516,2.76%
28/08/2017,2.54,2.50,2.54,2.48,2 107,5 289,0.00%
24/08/2017,2.54,2.45,2.54,2.45,6 010,14 995,1.60%
23/08/2017,2.50,2.52,2.54,2.50,5 843,14 724,-0.79%
22/08/2017,2.52,2.53,2.57,2.52,433,1 102,-1.95%
21/08/2017,2.57,2.57,2.57,2.54,1 938,4 952,0.00%
18/08/2017,2.57,2.62,2.62,2.57,733,1 902,-1.91%
17/08/2017,2.62,2.57,2.62,2.57,13,34,0.00%
15/08/2017,2.62,2.65,2.65,2.57,1 337,3 490,-0.38%
14/08/2017,2.63,2.69,2.69,2.63,403,1 072,0.00%
11/08/2017,2.63,2.63,2.63,2.63,5,13,-2.23%
10/08/2017,2.69,2.63,2.69,2.63,3,8,0.00%
09/08/2017,2.69,2.69,2.69,2.69,20,54,2.67%
08/08/2017,2.62,2.70,2.78,2.62,8 574,23 150,-2.96%
07/08/2017,2.70,2.70,2.74,2.70,1 166,3 172,0.00%
04/08/2017,2.70,2.63,2.70,2.63,2 108,5 618,2.66%
03/08/2017,2.63,2.62,2.63,2.62,864,2 268,-2.23%
02/08/2017,2.69,2.65,2.69,2.65,224,598,1.51%
01/08/2017,2.65,2.65,2.65,2.65,10,27,0.00%
31/07/2017,2.65,2.62,2.65,2.62,319,841,0.00%
28/07/2017,2.65,2.69,2.69,2.64,1 209,3 222,-1.49%
27/07/2017,2.69,2.70,2.70,2.62,641,1 705,-1.10%
26/07/2017,2.72,2.70,2.72,2.70,3 651,9 894,0.00%
24/07/2017,2.72,2.68,2.72,2.68,139,375,1.49%
21/07/2017,2.68,2.70,2.71,2.57,5 134,13 554,1.52%
20/07/2017,2.64,2.72,2.72,2.64,603,1 616,-2.94%
19/07/2017,2.72,2.71,2.72,2.70,2 977,8 068,0.00%
18/07/2017,2.72,2.74,2.75,2.72,3 360,9 190,-2.86%
17/07/2017,2.80,2.83,2.83,2.80,1 240,3 491,-1.06%
13/07/2017,2.83,2.88,2.88,2.82,6 114,17 425,-3.41%
12/07/2017,2.93,2.89,2.95,2.88,5 589,16 292,-0.68%
11/07/2017,2.95,2.98,2.98,2.90,7 585,22 300,-1.67%
10/07/2017,3.00,3.00,3.00,2.95,3 102,9 228,1.69%
07/07/2017,2.95,3.13,3.13,2.95,790,2 402,-14.74%
06/07/2017,3.46,3.37,3.47,3.37,21 405,73 205,5.49%
05/07/2017,3.28,3.37,3.47,3.28,7 041,23 763,0.00%
04/07/2017,3.28,3.17,3.31,3.16,8 767,28 361,3.47%
03/07/2017,3.17,3.13,3.17,3.05,5 055,15 721,0.00%
30/06/2017,3.17,3.17,3.17,3.14,850,2 682,0.00%
29/06/2017,3.17,3.16,3.17,3.16,185,586,0.00%
28/06/2017,3.17,3.19,3.19,3.16,1 833,5 820,0.32%
22/06/2017,3.16,3.16,3.16,3.15,1 700,5 364,0.32%
21/06/2017,3.15,3.16,3.16,3.15,844,2 663,-0.32%
20/06/2017,3.16,3.16,3.16,3.16,557,1 760,-0.32%
19/06/2017,3.17,3.15,3.17,3.10,1 665,5 220,0.00%
16/06/2017,3.17,3.16,3.17,3.16,373,1 181,0.32%
15/06/2017,3.16,3.16,3.16,3.16,350,1 106,0.00%
14/06/2017,3.16,3.16,3.16,3.14,1 510,4 757,-0.63%
13/06/2017,3.18,3.15,3.18,3.15,720,2 279,0.95%
12/06/2017,3.15,3.15,3.16,3.15,1 155,3 644,-1.25%
09/06/2017,3.19,3.19,3.19,3.19,1 125,3 589,0.00%
08/06/2017,3.19,3.20,3.20,3.19,583,1 863,-0.31%
07/06/2017,3.20,3.23,3.23,3.20,80,257,0.00%
06/06/2017,3.20,3.11,3.23,3.11,1 351,4 283,0.00%
05/06/2017,3.20,3.24,3.24,3.15,477,1 524,-1.23%
02/06/2017,3.24,3.20,3.24,3.20,294,947,0.00%
01/06/2017,3.24,3.20,3.24,3.20,1 001,3 223,-0.31%
31/05/2017,3.25,3.20,3.25,3.20,331,1 067,0.00%
30/05/2017,3.25,3.19,3.25,3.19,113,364,0.00%
29/05/2017,3.25,3.25,3.25,3.18,772,2 482,0.31%
25/05/2017,3.19,3.19,3.19,3.19,10,32,0.00%
24/05/2017,3.19,3.15,3.19,3.14,4 370,13 831,0.00%
22/05/2017,3.19,3.18,3.19,3.15,4 509,14 294,0.31%
19/05/2017,3.18,3.20,3.20,3.17,4 831,15 387,0.32%
18/05/2017,3.17,3.18,3.18,3.17,4 420,14 034,-0.94%
17/05/2017,3.20,3.24,3.24,3.20,495,1 594,-1.54%
16/05/2017,3.25,3.20,3.25,3.19,3 901,12 561,0.00%
15/05/2017,3.25,3.25,3.25,3.21,835,2 697,0.31%
12/05/2017,3.24,3.24,3.24,3.24,1 967,6 373,-0.31%
11/05/2017,3.25,3.26,3.26,3.24,1 042,3 387,0.00%
10/05/2017,3.25,3.24,3.25,3.24,3 803,12 341,0.00%
09/05/2017,3.25,3.22,3.25,3.20,4 313,13 909,0.31%
08/05/2017,3.24,3.20,3.24,3.19,713,2 292,-0.31%
05/05/2017,3.25,3.24,3.25,3.24,250,811,1.25%
04/05/2017,3.21,3.21,3.21,3.12,3 345,10 587,2.88%
03/05/2017,3.12,3.12,3.12,3.10,9 341,29 051,0.00%
02/05/2017,3.12,3.24,3.24,3.12,16 935,53 853,-0.95%
28/04/2017,3.15,3.28,3.28,3.15,22 609,72 688,-2.78%
27/04/2017,3.24,3.19,3.24,3.19,201,646,-1.22%
26/04/2017,3.28,3.13,3.28,3.11,7 122,22 755,2.50%
25/04/2017,3.20,3.27,3.27,3.20,808,2 614,0.63%
24/04/2017,3.18,3.28,3.28,3.10,18 717,59 707,-0.63%
21/04/2017,3.20,3.21,3.26,3.20,5 535,17 878,-2.74%
20/04/2017,3.29,3.30,3.30,3.21,4 617,15 028,1.86%
19/04/2017,3.23,3.23,3.30,3.23,11 890,38 821,-1.52%
18/04/2017,3.28,3.21,3.30,3.21,4 772,15 533,1.55%
17/04/2017,3.23,3.27,3.30,3.22,28 184,91 880,0.94%
14/04/2017,3.20,3.20,3.25,3.16,8 633,27 669,0.00%
13/04/2017,3.20,3.20,3.20,3.14,3 012,9 548,0.00%
12/04/2017,3.20,3.20,3.29,3.20,3 027,9 823,0.00%
11/04/2017,3.20,3.19,3.24,3.19,3 703,11 905,0.31%
10/04/2017,3.19,3.16,3.19,3.07,753,2 357,-1.54%
07/04/2017,3.24,3.24,3.24,3.24,1 000,3 240,-0.31%
06/04/2017,3.25,3.20,3.25,3.19,685,2 206,0.31%
05/04/2017,3.24,3.27,3.28,3.24,8 239,26 859,-1.52%
04/04/2017,3.29,3.20,3.29,3.20,13 180,42 769,0.00%
03/04/2017,3.29,3.16,3.29,3.16,743,2 396,1.23%
30/03/2017,3.25,3.16,3.25,3.16,2 410,7 724,0.00%
29/03/2017,3.25,3.25,3.25,3.25,1,3,1.56%
28/03/2017,3.20,3.22,3.25,3.20,22 436,72 356,-1.23%
27/03/2017,3.24,3.37,3.37,3.22,1 195,3 938,-1.52%
24/03/2017,3.29,3.22,3.31,3.22,5 780,18 872,-0.30%
23/03/2017,3.30,3.28,3.30,3.25,6 266,20 521,0.61%
22/03/2017,3.28,3.43,3.43,3.28,49 527,166 163,-3.53%
21/03/2017,3.40,3.40,3.40,3.30,27 791,93 100,-0.58%
17/03/2017,3.42,3.52,3.52,3.42,6 099,21 164,-2.29%
16/03/2017,3.50,3.49,3.53,3.42,75 127,261 066,3.55%
15/03/2017,3.38,3.12,3.38,3.12,58 927,191 513,5.96%
14/03/2017,3.19,3.19,3.19,3.19,22,70,1.27%
13/03/2017,3.15,3.02,3.15,3.00,34 288,105 436,1.94%
09/03/2017,3.09,3.18,3.18,3.09,5 829,18 274,-0.64%
08/03/2017,3.11,3.11,3.11,3.11,8 697,27 048,-2.81%
07/03/2017,3.20,3.14,3.20,3.12,6 600,20 856,1.91%
06/03/2017,3.14,3.20,3.20,3.13,7 801,24 690,-0.95%
03/03/2017,3.17,3.15,3.17,3.15,16 554,52 311,0.63%
02/03/2017,3.15,3.24,3.24,3.15,35 961,114 895,0.32%
01/03/2017,3.14,3.18,3.18,3.14,1 450,4 582,-2.79%
28/02/2017,3.23,3.19,3.23,3.19,3 584,11 505,1.25%
27/02/2017,3.19,3.10,3.20,3.10,14 413,45 401,0.31%
22/02/2017,3.27,3.15,3.27,3.10,3 352,10 676,3.81%
21/02/2017,3.15,2.96,3.15,2.96,68 746,210 019,3.28%
20/02/2017,3.05,2.99,3.07,2.96,38 790,116 952,1.67%
17/02/2017,3.00,2.96,3.04,2.96,1 935,5 805,-1.64%
16/02/2017,3.05,3.06,3.10,3.02,28 599,87 513,-1.93%
15/02/2017,3.11,3.17,3.17,3.08,7 519,23 497,0.00%
14/02/2017,3.11,3.20,3.20,3.11,7 056,22 262,-2.81%
13/02/2017,3.20,3.15,3.20,3.15,600,1 905,0.31%
10/02/2017,3.19,3.15,3.20,3.14,8 671,27 487,0.31%
09/02/2017,3.18,3.29,3.29,3.18,3 500,11 323,-0.93%
08/02/2017,3.21,3.19,3.21,3.17,258,823,0.00%
07/02/2017,3.21,3.25,3.25,3.21,1 407,4 545,-1.23%
06/02/2017,3.25,3.25,3.25,3.20,1 285,4 144,0.31%
03/02/2017,3.24,3.24,3.24,3.24,1 375,4 455,-2.99%
02/02/2017,3.34,3.34,3.34,3.34,1,3,2.77%
01/02/2017,3.25,3.20,3.25,3.16,3 221,10 323,2.85%
31/01/2017,3.16,3.19,3.20,3.16,1 189,3 781,-1.25%
30/01/2017,3.20,3.20,3.20,3.20,2 800,8 960,0.00%
27/01/2017,3.20,3.28,3.30,3.20,4 301,13 978,-2.44%
26/01/2017,3.28,3.34,3.34,3.26,5 000,16 500,-0.61%
25/01/2017,3.30,3.34,3.34,3.30,3 325,11 039,0.00%
24/01/2017,3.30,3.34,3.35,3.30,4 924,16 372,-1.49%
23/01/2017,3.35,3.40,3.40,3.30,6 739,22 576,-1.47%
20/01/2017,3.40,3.37,3.40,3.30,32 565,109 093,0.59%
19/01/2017,3.38,3.29,3.38,3.29,10 822,36 091,2.42%
18/01/2017,3.30,3.29,3.30,3.29,9 860,32 489,0.00%
17/01/2017,3.30,3.26,3.37,3.26,10 370,34 377,0.00%
16/01/2017,3.30,3.27,3.36,3.26,7 762,25 692,0.00%
13/01/2017,3.30,3.26,3.39,3.26,6 796,22 597,-0.90%
12/01/2017,3.33,3.26,3.44,3.25,21 029,70 342,0.91%
11/01/2017,3.30,3.38,3.38,3.30,2 940,9 820,-2.94%
10/01/2017,3.40,3.46,3.47,3.40,14 995,51 508,0.00%
09/01/2017,3.40,3.24,3.45,3.24,124 456,416 305,4.29%
06/01/2017,3.26,3.27,3.27,3.26,3 330,10 872,-1.21%
05/01/2017,3.30,3.29,3.30,3.29,3 660,12 060,0.00%
04/01/2017,3.30,3.34,3.35,3.30,3 044,10 121,-2.65%
03/01/2017,3.39,3.39,3.39,3.39,45,153,0.00%
02/01/2017,3.39,3.36,3.39,3.36,201,678,1.19%
30/12/2016,3.35,3.24,3.35,3.24,13 165,43 379,3.40%
29/12/2016,3.24,3.25,3.25,3.16,3 980,12 756,-0.31%
28/12/2016,3.25,3.34,3.34,3.16,1 331,4 326,0.00%
27/12/2016,3.25,3.27,3.27,3.25,1 356,4 421,-2.99%
26/12/2016,3.35,3.35,3.35,3.35,100,335,0.00%
23/12/2016,3.35,3.33,3.35,3.32,1 708,5 696,-1.47%
22/12/2016,3.40,3.50,3.50,3.40,2 643,9 118,-1.45%
21/12/2016,3.45,3.35,3.45,3.35,1 181,4 015,2.99%
20/12/2016,3.35,3.35,3.35,3.25,13 641,45 015,0.00%
19/12/2016,3.35,3.26,3.35,3.26,22 220,73 437,4.36%
16/12/2016,3.21,3.14,3.21,3.14,14 564,46 241,1.58%
15/12/2016,3.16,3.12,3.16,3.05,5 416,16 817,-0.94%
14/12/2016,3.19,3.19,3.19,3.19,170,542,-2.15%
13/12/2016,3.26,3.22,3.26,3.20,974,3 146,-0.61%
08/12/2016,3.28,3.19,3.28,3.19,2 310,7 473,0.00%
06/12/2016,3.28,3.24,3.28,3.21,5 850,18 983,-0.61%
05/12/2016,3.30,3.23,3.30,3.22,2 100,6 846,0.00%
02/12/2016,3.30,3.27,3.30,3.26,501,1 643,0.00%
01/12/2016,3.30,3.26,3.30,3.26,505,1 656,0.00%
30/11/2016,3.30,3.40,3.40,3.30,1 839,6 161,-1.49%
29/11/2016,3.35,3.34,3.35,3.31,8 424,28 052,-1.76%
28/11/2016,3.41,3.41,3.41,3.41,1 330,4 535,0.00%
24/11/2016,3.41,3.40,3.41,3.40,4 143,14 107,0.00%
23/11/2016,3.41,3.41,3.41,3.41,370,1 262,-2.57%
22/11/2016,3.50,3.55,3.55,3.50,487,1 717,0.00%
18/11/2016,3.50,3.50,3.50,3.42,3 003,10 390,0.00%
17/11/2016,3.50,3.45,3.57,3.45,13 326,46 774,0.00%
16/11/2016,3.50,3.51,3.65,3.45,14 891,52 863,-1.41%
15/11/2016,3.55,3.65,3.65,3.52,4 156,14 899,-1.93%
14/11/2016,3.62,3.63,3.63,3.55,18 671,67 029,-0.82%
11/11/2016,3.65,3.68,3.68,3.65,2 323,8 514,-2.41%
10/11/2016,3.74,3.68,3.74,3.68,565,2 096,-1.32%
09/11/2016,3.79,3.92,3.92,3.79,7 196,27 741,-2.82%
08/11/2016,3.90,3.75,3.93,3.75,13 378,51 372,2.09%
28/10/2016,3.82,3.82,3.82,3.71,390,1 468,2.69%
27/10/2016,3.72,3.80,3.84,3.72,1 066,4 029,-2.11%
25/10/2016,3.80,3.71,3.80,3.71,1 005,3 774,0.00%
24/10/2016,3.80,3.70,3.80,3.70,570,2 138,0.53%
21/10/2016,3.78,3.78,3.78,3.78,1 218,4 604,-1.82%
20/10/2016,3.85,3.89,3.89,3.78,1 823,6 991,-0.77%
19/10/2016,3.88,3.89,3.89,3.80,12 338,47 440,-0.51%
18/10/2016,3.90,3.98,3.98,3.90,300,1 182,-2.01%
17/10/2016,3.98,3.95,3.99,3.88,245,964,2.58%
14/10/2016,3.88,3.95,3.95,3.84,3 040,11 841,0.00%
13/10/2016,3.88,3.87,3.94,3.80,15 874,61 432,1.31%
12/10/2016,3.83,3.75,3.83,3.70,24 679,92 916,3.23%
11/10/2016,3.71,3.52,3.71,3.51,6 722,24 266,5.70%
10/10/2016,3.51,3.52,3.52,3.32,22 797,77 966,2.63%
07/10/2016,3.42,3.58,3.58,3.42,625,2 188,-4.47%
06/10/2016,3.58,3.58,3.58,3.58,40,143,0.85%
05/10/2016,3.55,3.45,3.55,3.40,256,890,2.60%
04/10/2016,3.46,3.56,3.56,3.46,6 640,23 306,-2.81%
30/09/2016,3.56,3.66,3.69,3.56,3 479,12 611,0.00%
29/09/2016,3.56,3.73,3.78,3.56,2 720,9 982,-3.00%
28/09/2016,3.67,3.67,3.67,3.67,100,367,-1.34%
27/09/2016,3.72,3.72,3.72,3.72,175,651,0.00%
26/09/2016,3.72,3.72,3.72,3.53,80,290,2.48%
23/09/2016,3.63,3.62,3.72,3.62,5 079,18 640,-6.92%
19/09/2016,3.90,3.90,3.90,3.90,1 000,3 900,1.56%
09/09/2016,3.84,3.80,3.91,3.80,2 251,8 678,-1.79%
01/09/2016,3.91,3.91,3.91,3.91,220,860,2.89%
31/08/2016,3.80,3.70,3.80,3.70,40,150,0.00%
30/08/2016,3.80,3.80,3.80,3.80,105,399,0.00%
29/08/2016,3.80,3.80,3.80,3.80,50,190,1.33%
25/08/2016,3.71,3.82,3.82,3.71,387,1 457,-1.85%
24/08/2016,3.78,3.78,3.78,3.78,76,287,0.00%
23/08/2016,3.78,3.78,3.78,3.78,644,2 434,-5.26%
22/08/2016,3.99,3.99,3.99,3.99,326,1 301,-0.25%
18/08/2016,4.00,4.00,4.00,4.00,210,840,0.76%
17/08/2016,3.97,3.88,3.97,3.88,1 484,5 825,2.32%
16/08/2016,3.88,3.88,3.88,3.88,7 098,27 540,0.00%
15/08/2016,3.88,3.88,3.88,3.88,301,1 168,2.37%
12/08/2016,3.79,3.79,3.79,3.79,2 032,7 701,-0.79%
11/08/2016,3.82,3.82,3.82,3.82,700,2 674,0.26%
10/08/2016,3.81,3.81,3.81,3.81,150,572,-1.80%
09/08/2016,3.88,3.88,3.88,3.88,1 300,5 044,-3.00%
03/08/2016,4.00,3.79,4.00,3.78,3 922,15 257,2.83%
02/08/2016,3.89,3.89,3.89,3.89,300,1 167,-1.52%
01/08/2016,3.95,3.95,3.95,3.95,172,679,0.00%
29/07/2016,3.95,3.91,3.95,3.90,630,2 473,0.00%
28/07/2016,3.95,4.04,4.04,3.95,1 300,5 194,1.54%
27/07/2016,3.89,4.00,4.00,3.89,1 805,7 121,-0.26%
26/07/2016,3.90,4.00,4.00,3.90,579,2 287,-2.50%
22/07/2016,4.00,4.00,4.00,3.90,941,3 717,0.25%
21/07/2016,3.99,3.95,3.99,3.95,1 025,4 069,1.01%
20/07/2016,3.95,3.95,3.95,3.95,1 950,7 703,0.00%
19/07/2016,3.95,3.95,3.95,3.95,1 112,4 392,0.00%
18/07/2016,3.95,3.91,3.95,3.91,448,1 761,-1.25%
15/07/2016,4.00,4.00,4.00,4.00,696,2 784,-1.48%
14/07/2016,4.06,4.06,4.06,4.06,605,2 456,2.78%
13/07/2016,3.95,3.80,3.95,3.75,5 110,19 674,1.02%
12/07/2016,3.91,3.91,3.91,3.91,100,391,-2.25%
11/07/2016,4.00,3.89,4.00,3.89,600,2 367,3.90%
08/07/2016,3.85,3.89,3.89,3.85,2 000,7 740,0.00%
01/07/2016,3.85,3.78,3.85,3.78,1 560,5 951,0.00%
28/06/2016,3.85,3.75,3.85,3.75,11 300,42 940,0.00%
27/06/2016,3.85,3.75,3.85,3.75,1 800,6 840,1.58%
24/06/2016,3.79,3.79,3.79,3.75,4 975,18 756,-1.56%
23/06/2016,3.85,3.77,3.85,3.77,1 825,6 953,-1.28%
22/06/2016,3.90,3.80,3.90,3.80,4 950,19 058,0.00%
21/06/2016,3.90,3.90,3.90,3.84,1 839,7 117,-1.27%
20/06/2016,3.95,3.96,3.96,3.95,10 660,42 160,3.95%
16/06/2016,3.80,3.80,3.98,3.80,4 069,15 828,-2.31%
15/06/2016,3.89,3.88,3.89,3.88,302,1 173,0.00%
14/06/2016,3.89,3.70,3.89,3.70,7 075,26 850,2.37%
13/06/2016,3.80,3.78,3.80,3.77,1 664,6 298,0.53%
10/06/2016,3.78,3.69,3.79,3.69,1 520,5 685,0.27%
09/06/2016,3.77,3.70,3.77,3.68,3 420,12 740,-0.53%
08/06/2016,3.79,3.79,3.79,3.79,10,38,0.00%
07/06/2016,3.79,3.79,3.79,3.79,650,2 464,0.00%
06/06/2016,3.79,3.78,3.79,3.78,200,757,0.53%
03/06/2016,3.77,3.70,3.78,3.57,2 505,9 206,-1.82%
02/06/2016,3.84,3.84,3.85,3.70,2 955,11 155,1.32%
01/06/2016,3.79,3.91,3.91,3.74,1 217,4 655,-3.07%
31/05/2016,3.91,3.96,3.96,3.91,555,2 184,0.00%
30/05/2016,3.91,3.88,3.96,3.80,1 836,7 124,3.71%
26/05/2016,3.94,3.83,3.94,3.83,270,1 049,-0.76%
25/05/2016,3.97,4.00,4.00,3.88,1 950,7 683,-0.75%
24/05/2016,4.00,4.01,4.02,3.89,863,3 413,2.56%
23/05/2016,3.90,3.99,4.02,3.90,3 501,13 864,0.52%
20/05/2016,3.88,3.96,4.00,3.88,1 211,4 771,-3.00%
19/05/2016,4.00,4.02,4.02,4.00,852,3 417,-2.20%
18/05/2016,4.09,4.09,4.09,4.02,12 751,51 705,-0.24%
17/05/2016,4.10,4.13,4.13,4.10,4 299,17 690,-0.97%
16/05/2016,4.14,4.14,4.23,4.05,1 472,6 094,-0.24%
13/05/2016,4.15,4.27,4.27,4.15,1 493,6 286,-1.89%
12/05/2016,4.23,4.23,4.23,4.23,350,1 481,-2.98%
11/05/2016,4.36,4.39,4.39,4.20,694,2 981,2.35%
10/05/2016,4.26,4.39,4.39,4.26,318,1 375,-2.52%
09/05/2016,4.37,4.29,4.39,4.15,2 913,12 439,-0.46%
06/05/2016,4.39,4.40,4.40,4.29,1 084,4 710,-0.23%
05/05/2016,4.40,4.18,4.43,4.06,6 127,26 009,2.56%
04/05/2016,4.29,4.53,4.53,4.29,2 351,10 368,-2.50%
03/05/2016,4.40,4.39,4.53,4.39,2 810,12 533,0.00%
02/05/2016,4.40,4.30,4.41,4.19,1 982,8 523,-0.45%
29/04/2016,4.42,4.61,4.68,4.42,3 660,16 653,-7.92%
28/04/2016,4.80,4.69,4.83,4.68,11 931,56 732,-2.04%
27/04/2016,4.90,5.05,5.05,4.90,1 253,6 234,-2.97%
26/04/2016,5.05,5.01,5.16,4.86,16 861,84 474,3.70%
25/04/2016,4.87,4.74,4.89,4.73,18 918,90 996,5.64%
22/04/2016,4.61,4.42,4.61,4.29,41 340,183 963,4.30%
21/04/2016,4.42,4.21,4.42,4.21,2 199,9 489,1.84%
20/04/2016,4.34,4.38,4.38,4.25,791,3 413,1.40%
19/04/2016,4.28,4.28,4.28,4.28,1,4,1.90%
18/04/2016,4.20,4.20,4.20,4.08,4 159,17 218,0.00%
15/04/2016,4.20,4.32,4.41,4.20,10 186,43 851,-4.98%
14/04/2016,4.42,4.50,4.50,4.42,9 922,44 252,-2.86%
13/04/2016,4.55,4.69,4.69,4.55,2 750,12 705,-0.44%
12/04/2016,4.57,4.60,4.60,4.57,12 955,59 399,-2.97%
11/04/2016,4.71,4.71,4.71,4.71,1,5,-2.89%
04/04/2016,4.85,4.85,4.85,4.85,100,485,-1.02%
01/04/2016,4.90,4.90,4.90,4.85,110,536,1.03%
31/03/2016,4.85,4.85,4.85,4.85,5,24,1.04%
30/03/2016,4.80,4.61,4.85,4.60,3 150,14 884,1.91%
29/03/2016,4.71,4.80,4.80,4.66,799,3 779,-0.21%
28/03/2016,4.72,4.72,4.75,4.72,740,3 504,0.00%
25/03/2016,4.72,4.72,4.86,4.72,755,3 616,-2.88%
24/03/2016,4.86,4.86,4.86,4.58,3 886,18 342,2.97%
23/03/2016,4.72,4.81,4.81,4.72,170,810,-2.88%
22/03/2016,4.86,4.90,4.90,4.86,908,4 431,0.00%
21/03/2016,4.86,4.88,4.88,4.74,2 775,13 348,1.04%
18/03/2016,4.81,4.88,4.88,4.81,247,1 197,-0.82%
17/03/2016,4.85,4.88,4.88,4.85,1 325,6 446,-3.00%
14/03/2016,5.00,5.01,5.01,4.99,19 273,96 365,1.42%
11/03/2016,4.93,4.90,4.97,4.75,1 452,7 057,0.82%
10/03/2016,4.89,4.97,4.97,4.89,1 032,5 088,-1.41%
08/03/2016,4.96,4.94,4.97,4.94,1 820,9 018,1.43%
07/03/2016,4.89,4.89,4.90,4.89,1 366,6 687,0.00%
04/03/2016,4.89,4.89,4.89,4.89,2 000,9 780,0.82%
03/03/2016,4.85,4.94,4.99,4.85,19 236,94 641,-2.81%
02/03/2016,4.99,4.86,4.99,4.86,2 005,9 875,0.20%
01/03/2016,4.98,4.99,4.99,4.85,3 796,18 676,-0.40%
29/02/2016,5.00,4.95,5.04,4.95,25 178,125 764,2.25%
25/02/2016,5.03,5.03,5.03,5.03,654,3 290,-2.90%
24/02/2016,5.18,5.18,5.18,5.18,3 072,15 913,-0.19%
23/02/2016,5.19,5.19,5.34,5.19,85,448,-2.99%
22/02/2016,5.35,5.35,5.35,5.35,80,428,1.71%
19/02/2016,5.26,5.35,5.35,5.26,1 381,7 326,-2.95%
17/02/2016,5.42,5.42,5.42,5.42,50,271,-2.87%
12/02/2016,5.58,5.58,5.58,5.58,100,558,2.39%
11/02/2016,5.45,5.69,5.69,5.45,350,1 950,-4.39%
09/02/2016,5.70,5.60,5.70,5.60,500,2 825,4.78%
08/02/2016,5.44,5.44,5.44,5.44,500,2 720,-2.86%
05/02/2016,5.60,5.54,5.60,5.54,1 940,10 806,0.90%
04/02/2016,5.55,5.60,5.60,5.55,950,5 296,0.18%
03/02/2016,5.54,5.40,5.55,5.24,7 285,39 303,2.59%
02/02/2016,5.40,5.60,5.60,5.40,159,875,-2.53%
01/02/2016,5.54,5.80,5.80,5.54,13 051,73 999,-5.46%
29/01/2016,5.86,5.53,5.86,5.53,4 324,24 625,0.00%
28/01/2016,5.86,5.70,5.87,5.53,16 580,94 506,2.81%
27/01/2016,5.70,5.80,5.80,5.70,25 700,147 775,-3.39%
26/01/2016,5.90,5.90,5.90,5.90,15 000,88 500,0.00%
22/01/2016,5.90,5.95,5.95,5.90,61 580,364 862,-0.84%
21/01/2016,5.95,5.95,6.00,5.95,1 371,8 192,0.00%
20/01/2016,5.95,5.90,5.95,5.90,198,1 173,-0.34%
19/01/2016,5.97,5.90,5.97,5.90,15 202,90 224,-0.50%
18/01/2016,6.00,5.98,6.00,5.98,420,2 516,0.33%
15/01/2016,5.98,6.00,6.00,5.97,10 800,64 638,-1.97%
13/01/2016,6.10,6.12,6.12,6.10,1 230,7 515,0.00%
12/01/2016,6.10,5.97,6.13,5.80,4 595,27 409,2.18%
11/01/2016,5.97,5.97,5.99,5.97,1 486,8 886,0.17%
08/01/2016,5.96,5.96,5.96,5.79,1 602,9 412,0.00%
07/01/2016,5.96,5.98,5.98,5.79,1 729,10 175,2.58%
06/01/2016,5.81,5.98,6.00,5.81,3 449,20 366,0.00%
05/01/2016,5.81,5.65,5.81,5.65,5 400,30 942,7.00%
04/01/2016,5.43,5.40,5.44,5.40,1 751,9 490,4.83%
31/12/2015,5.18,5.03,5.18,4.90,2 815,14 188,5.50%
30/12/2015,4.91,5.04,5.06,4.91,1 044,5 204,-2.58%
29/12/2015,5.04,5.04,5.04,5.04,6 631,33 420,0.00%
28/12/2015,5.04,5.04,5.04,5.03,11 118,55 979,0.00%
25/12/2015,5.04,5.04,5.04,5.04,350,1 764,2.86%
23/12/2015,4.90,5.00,5.00,4.90,2 800,13 860,-2.00%
22/12/2015,5.00,5.00,5.00,5.00,500,2 500,0.00%
21/12/2015,5.00,4.89,5.03,4.89,4 602,22 826,0.00%
18/12/2015,5.00,5.10,5.10,5.00,90,455,-0.20%
17/12/2015,5.01,5.01,5.01,4.95,6 140,30 577,2.87%
16/12/2015,4.87,5.00,5.00,4.87,2 188,10 798,-2.60%
15/12/2015,5.00,5.22,5.22,5.00,5 172,26 429,-1.77%
14/12/2015,5.09,5.20,5.20,5.09,911,4 687,0.00%
11/12/2015,5.09,5.24,5.24,5.09,3 200,16 528,0.00%
10/12/2015,5.09,5.05,5.20,5.00,25 094,127 979,3.25%
09/12/2015,4.93,4.94,4.94,4.93,500,2 468,-2.95%
08/12/2015,5.08,5.10,5.10,4.95,715,3 593,0.00%
07/12/2015,5.08,5.11,5.11,5.08,1 250,6 369,-0.59%
04/12/2015,5.11,5.15,5.15,5.11,749,3 842,-2.85%
03/12/2015,5.26,5.30,5.30,5.26,273,1 441,-0.75%
02/12/2015,5.30,5.30,5.30,5.30,653,3 461,0.00%
01/12/2015,5.30,5.44,5.45,5.30,700,3 763,0.00%
30/11/2015,5.30,5.50,5.50,5.30,1 191,6 431,-3.64%
24/11/2015,5.50,5.50,5.50,5.50,445,2 448,0.00%
23/11/2015,5.50,5.50,5.50,5.50,10,55,0.00%
20/11/2015,5.50,5.46,5.50,5.42,755,4 122,-1.43%
19/11/2015,5.58,5.75,5.75,5.58,985,5 580,-2.96%
18/11/2015,5.75,5.75,5.75,5.75,415,2 386,-1.20%
17/11/2015,5.82,5.82,5.82,5.82,200,1 164,-3.00%
16/11/2015,6.00,5.79,6.00,5.79,260,1 533,0.84%
13/11/2015,5.95,5.95,6.12,5.95,891,5 377,-2.94%
12/11/2015,6.13,5.97,6.13,5.96,272,1 644,-0.16%
11/11/2015,6.14,5.97,6.14,5.97,94,569,-0.16%
10/11/2015,6.15,6.15,6.15,6.15,300,1 845,-2.84%
09/11/2015,6.33,6.33,6.33,6.33,85,538,0.00%
06/11/2015,6.33,6.33,6.33,6.33,100,633,-2.91%
05/11/2015,6.52,6.21,6.52,6.13,460,2 909,0.31%
04/11/2015,6.50,6.50,6.50,6.50,60,390,-1.52%
02/11/2015,6.60,6.64,6.64,6.60,405,2 681,-0.60%
30/10/2015,6.64,6.64,6.64,6.64,25,166,-0.15%
29/10/2015,6.65,6.65,6.65,6.65,100,665,-0.60%
27/10/2015,6.69,6.60,6.69,6.60,510,3 389,1.36%
23/10/2015,6.60,6.60,6.60,6.60,50,330,0.00%
22/10/2015,6.60,6.60,6.60,6.60,90,594,-1.49%
21/10/2015,6.70,6.70,6.70,6.70,200,1 340,0.00%
20/10/2015,6.70,6.75,6.75,6.70,1 380,9 281,-0.74%
19/10/2015,6.75,6.75,6.75,6.75,100,675,-1.60%
16/10/2015,6.86,6.70,6.86,6.70,320,2 170,0.00%
13/10/2015,6.86,6.88,6.88,6.75,350,2 385,0.88%
12/10/2015,6.80,6.59,6.80,6.59,366,2 450,-1.16%
02/10/2015,6.88,6.88,6.88,6.88,100,688,2.84%
01/10/2015,6.69,6.69,6.89,6.69,4 660,31 641,2.14%
30/09/2015,6.55,6.47,6.55,6.47,1 443,9 394,0.00%
21/09/2015,6.55,6.55,6.55,6.55,122,799,0.77%
18/09/2015,6.50,6.36,6.50,6.36,3 765,24 209,2.36%
17/09/2015,6.35,6.30,6.37,6.30,1 507,9 547,0.79%
16/09/2015,6.30,6.30,6.30,6.20,9 442,59 013,-1.10%
14/09/2015,6.37,6.30,6.37,6.20,2 598,16 328,1.11%
11/09/2015,6.30,6.30,6.30,6.30,400,2 520,-1.10%
10/09/2015,6.37,6.38,6.38,6.37,400,2 550,-0.16%
09/09/2015,6.38,6.38,6.38,6.38,100,638,-0.31%
08/09/2015,6.40,6.40,6.40,6.40,200,1 280,0.00%
07/09/2015,6.40,6.50,6.50,6.40,297,1 916,-1.54%
04/09/2015,6.50,6.55,6.55,6.50,455,2 969,-1.52%
03/09/2015,6.60,6.60,6.84,6.60,300,2 016,-2.94%
02/09/2015,6.80,6.87,6.87,6.80,1 530,10 458,-1.31%
01/09/2015,6.89,6.90,6.90,6.55,1 200,8 070,2.84%
27/08/2015,6.70,6.80,6.80,6.70,225,1 519,-1.33%
26/08/2015,6.79,6.80,6.80,6.79,249,1 692,-0.15%
24/08/2015,6.80,6.75,6.80,6.60,1 482,9 929,2.72%
21/08/2015,6.62,6.61,6.79,6.61,350,2 345,0.15%
20/08/2015,6.61,6.79,6.80,6.61,649,4 352,-2.65%
19/08/2015,6.79,6.79,6.80,6.66,7 451,50 145,0.00%
18/08/2015,6.79,6.75,6.79,6.75,1 698,11 495,0.59%
17/08/2015,6.75,6.75,6.75,6.75,10,68,-0.15%
14/08/2015,6.76,6.76,6.76,6.76,400,2 704,0.00%
13/08/2015,6.76,6.76,6.76,6.76,10,68,0.00%
12/08/2015,6.76,6.76,6.76,6.76,10,68,0.15%
11/08/2015,6.75,6.75,6.75,6.75,300,2 025,0.15%
10/08/2015,6.74,6.77,6.77,6.74,2 764,18 671,-0.15%
07/08/2015,6.75,6.75,6.75,6.75,400,2 700,-0.44%
05/08/2015,6.78,6.80,6.80,6.61,1 073,7 194,-0.29%
04/08/2015,6.80,6.80,6.80,6.80,210,1 428,0.00%
31/07/2015,6.80,6.80,6.80,6.80,650,4 420,2.87%
30/07/2015,6.61,6.60,6.80,6.60,605,4 053,-2.79%
28/07/2015,6.80,6.80,6.80,6.80,400,2 720,-0.73%
24/07/2015,6.85,6.84,6.85,6.84,1 117,7 646,0.00%
23/07/2015,6.85,6.85,6.85,6.70,5 540,37 534,0.00%
21/07/2015,6.85,6.80,6.85,6.70,2 396,16 233,0.74%
20/07/2015,6.80,6.80,6.80,6.80,489,3 325,0.00%
16/07/2015,6.80,6.80,6.80,6.80,417,2 836,0.00%
15/07/2015,6.80,6.80,6.80,6.80,570,3 876,-1.16%
14/07/2015,6.88,6.88,6.88,6.88,100,688,-0.29%
13/07/2015,6.90,6.85,6.90,6.85,159,1 093,0.73%
10/07/2015,6.85,6.94,6.94,6.85,1 229,8 474,-1.44%
09/07/2015,6.95,6.95,6.95,6.80,1 091,7 501,-0.14%
08/07/2015,6.96,6.96,6.97,6.96,1 941,13 519,-0.57%
07/07/2015,7.00,6.87,7.00,6.87,1 100,7 629,-1.41%
06/07/2015,7.10,7.10,7.10,7.10,790,5 609,1.72%
03/07/2015,6.98,6.90,6.99,6.85,268,1 855,-0.29%
02/07/2015,7.00,7.00,7.00,7.00,200,1 400,0.00%
01/07/2015,7.00,6.80,7.00,6.80,2 380,16 422,2.19%
30/06/2015,6.85,7.00,7.00,6.85,98,679,-2.14%
29/06/2015,7.00,7.00,7.00,6.79,3 174,21 885,0.00%
25/06/2015,7.00,7.00,7.00,7.00,500,3 500,0.00%
24/06/2015,7.00,7.00,7.00,7.00,4 500,31 500,0.00%
23/06/2015,7.00,7.00,7.00,7.00,382,2 674,0.00%
22/06/2015,7.00,7.00,7.00,7.00,4 724,33 068,-2.51%
19/06/2015,7.18,7.18,7.18,6.90,610,4 294,2.57%
18/06/2015,7.00,7.26,7.26,7.00,655,4 670,-1.41%
17/06/2015,7.10,7.00,7.10,7.00,3 458,24 379,0.00%
15/06/2015,7.10,7.10,7.10,7.10,20,142,1.28%
12/06/2015,7.01,6.90,7.20,6.90,2 970,20 939,0.00%
11/06/2015,7.01,7.01,7.01,7.01,170,1 192,0.14%
10/06/2015,7.00,7.00,7.00,7.00,150,1 050,-2.78%
08/06/2015,7.20,7.10,7.20,7.10,120,858,-1.10%
04/06/2015,7.28,7.17,7.28,7.17,79,571,1.53%
03/06/2015,7.17,7.17,7.20,7.17,4 105,29 494,0.56%
02/06/2015,7.13,6.98,7.13,6.98,2 077,14 653,-0.28%
01/06/2015,7.15,6.99,7.15,6.98,3 821,26 995,-0.56%
28/05/2015,7.19,7.15,7.19,7.15,2 520,18 068,0.00%
27/05/2015,7.19,7.19,7.19,7.19,44,316,0.00%
26/05/2015,7.19,7.15,7.19,7.00,1 960,13 906,0.56%
25/05/2015,7.15,7.15,7.15,7.15,2 000,14 300,0.00%
21/05/2015,7.15,7.15,7.15,6.95,6 647,46 861,2.14%
20/05/2015,7.00,7.00,7.00,6.95,2 518,17 563,-0.71%
19/05/2015,7.05,6.90,7.05,6.90,6 266,43 705,1.44%
18/05/2015,6.95,6.82,6.95,6.82,847,5 832,0.00%
15/05/2015,6.95,7.00,7.00,6.95,400,2 790,-0.71%
14/05/2015,7.00,7.08,7.09,6.95,19 680,138 154,-1.27%
13/05/2015,7.09,7.09,7.09,6.92,749,5 247,1.29%
11/05/2015,7.00,7.19,7.19,6.97,6 105,43 223,-2.51%
08/05/2015,7.18,7.18,7.18,6.99,70,496,0.56%
07/05/2015,7.14,7.20,7.20,7.00,23 742,168 568,-0.83%
06/05/2015,7.20,7.07,7.20,7.00,3 436,24 396,1.69%
05/05/2015,7.08,7.08,7.08,7.08,6 500,46 020,0.00%
04/05/2015,7.08,7.10,7.10,7.08,10 000,70 900,-0.42%
30/04/2015,7.11,7.11,7.11,7.11,200,1 422,-1.25%
29/04/2015,7.20,7.20,7.30,7.20,4 368,31 668,-0.14%
28/04/2015,7.21,7.21,7.21,7.10,17 343,124 089,0.14%
27/04/2015,7.20,7.20,7.35,7.20,48 611,353 645,0.00%
24/04/2015,7.20,7.30,7.35,7.03,9 124,65 602,0.14%
23/04/2015,7.19,7.03,7.23,7.03,5 932,42 295,2.71%
22/04/2015,7.00,6.99,7.00,6.99,1 753,12 262,0.00%
21/04/2015,7.00,6.99,7.00,6.99,1 150,8 044,0.00%
20/04/2015,7.00,7.00,7.00,7.00,5 000,35 000,0.00%
17/04/2015,7.00,7.00,7.00,7.00,1 080,7 560,-1.96%
16/04/2015,7.14,7.14,7.14,7.14,10,71,2.00%
15/04/2015,7.00,7.00,7.00,6.91,1 417,9 855,0.00%
14/04/2015,7.00,7.00,7.00,7.00,353,2 471,0.86%
13/04/2015,6.94,6.94,6.94,6.94,3 011,20 896,0.00%
10/04/2015,6.94,6.95,7.14,6.94,12 580,88 563,-2.80%
08/04/2015,7.14,7.14,7.14,7.14,100,714,2.73%
07/04/2015,6.95,7.00,7.00,6.92,5 572,38 781,0.43%
06/04/2015,6.92,7.00,7.00,6.92,1 209,8 415,-1.14%
03/04/2015,7.00,7.20,7.20,7.00,4 190,29 749,0.00%
02/04/2015,7.00,7.24,7.24,7.00,2 000,14 240,-1.41%
01/04/2015,7.10,7.10,7.10,7.00,3 872,27 298,0.00%
31/03/2015,7.10,7.10,7.10,7.10,1 101,7 817,-2.34%
30/03/2015,7.27,7.27,7.27,7.27,10,73,0.00%
26/03/2015,7.27,7.28,7.28,7.27,419,3 048,-0.14%
25/03/2015,7.28,7.27,7.28,7.27,433,3 150,2.82%
24/03/2015,7.08,7.07,7.20,7.07,1 785,12 736,-2.75%
19/03/2015,7.28,7.28,7.28,7.28,70,510,0.00%
18/03/2015,7.28,7.23,7.28,7.02,1 316,9 409,0.69%
17/03/2015,7.23,7.03,7.35,7.03,1 941,13 956,0.00%
16/03/2015,7.23,7.25,7.25,7.23,1 110,8 036,-0.82%
13/03/2015,7.29,7.29,7.29,7.29,3 000,21 870,-0.14%
12/03/2015,7.30,7.23,7.40,7.23,501,3 665,0.97%
11/03/2015,7.23,7.20,7.23,7.20,2 050,14 791,0.42%
10/03/2015,7.20,7.16,7.20,7.16,302,2 168,0.56%
09/03/2015,7.16,7.16,7.25,7.16,1 896,13 661,0.00%
06/03/2015,7.16,7.03,7.19,7.02,7 000,49 735,1.85%
05/03/2015,7.03,7.10,7.10,7.03,665,4 698,-0.99%
04/03/2015,7.10,7.10,7.11,7.10,2 442,17 350,1.14%
03/03/2015,7.02,7.19,7.19,7.02,1 227,8 718,-2.36%
02/03/2015,7.19,7.20,7.20,7.19,1 343,9 663,-0.14%
26/02/2015,7.12,7.20,7.20,7.12,3 500,25 060,-1.11%
25/02/2015,7.20,7.28,7.28,7.20,1 095,7 928,-1.10%
24/02/2015,7.28,7.35,7.35,7.28,5 716,41 813,-0.27%
23/02/2015,7.30,7.34,7.34,7.30,1 156,8 462,-0.54%
20/02/2015,7.34,7.28,7.35,7.28,1 180,8 632,0.96%
19/02/2015,7.27,7.40,7.40,7.27,2 959,21 704,-1.76%
17/02/2015,7.40,7.25,7.40,7.25,7 281,53 333,0.68%
16/02/2015,7.35,7.35,7.35,7.35,9 065,66 628,-0.54%
13/02/2015,7.39,7.39,7.39,7.25,633,4 634,0.00%
12/02/2015,7.39,7.37,7.39,7.37,1 831,13 513,0.00%
11/02/2015,7.39,7.39,7.40,7.25,1 129,8 270,-0.14%
10/02/2015,7.40,7.21,7.40,7.20,2 604,19 009,2.78%
09/02/2015,7.20,7.55,7.55,7.20,568,4 189,-2.70%
06/02/2015,7.40,7.54,7.55,7.40,3 224,24 099,-1.20%
05/02/2015,7.49,7.49,7.54,7.49,2 399,18 028,0.13%
04/02/2015,7.48,7.45,7.49,7.40,5 321,39 615,0.27%
03/02/2015,7.46,7.45,7.54,7.45,9 897,74 178,3.04%
02/02/2015,7.24,7.28,7.45,7.24,1 779,13 067,-0.96%
30/01/2015,7.31,7.30,7.31,7.30,835,6 100,0.14%
29/01/2015,7.30,7.51,7.51,7.28,4 111,30 401,-2.67%
28/01/2015,7.50,7.50,7.50,7.50,300,2 250,0.00%
27/01/2015,7.50,7.38,7.50,7.37,12 824,95 346,4.02%
26/01/2015,7.21,7.40,7.40,7.21,532,3 886,-1.23%
23/01/2015,7.30,7.11,7.32,7.11,822,5 931,0.00%
22/01/2015,7.30,7.50,7.50,7.30,1 843,13 638,-2.67%
21/01/2015,7.50,7.30,7.50,7.30,20 205,149 517,2.74%
20/01/2015,7.30,7.30,7.30,7.30,202,1 475,0.00%
19/01/2015,7.30,7.25,7.40,7.25,5 565,40 764,-1.75%
16/01/2015,7.43,7.05,7.44,7.05,11 656,84 448,2.62%
15/01/2015,7.24,7.24,7.24,7.10,145,1 040,2.26%
13/01/2015,7.08,7.27,7.27,7.08,1 219,8 746,0.28%
12/01/2015,7.06,7.20,7.20,7.06,1 001,7 137,-2.89%
09/01/2015,7.27,7.28,7.28,7.10,1 020,7 334,0.00%
08/01/2015,7.27,7.30,7.30,7.15,2 352,16 993,1.68%
07/01/2015,7.15,7.30,7.30,7.15,650,4 696,-2.72%
06/01/2015,7.35,7.39,7.39,7.20,3 669,26 765,0.96%
05/01/2015,7.28,7.50,7.50,7.28,1 015,7 501,-2.93%
02/01/2015,7.50,7.25,7.50,7.25,633,4 668,2.74%
30/12/2014,7.30,7.25,7.30,7.25,725,5 274,0.00%
29/12/2014,7.30,7.30,7.30,7.20,8 820,63 945,0.69%
26/12/2014,7.25,7.30,7.35,7.20,1 356,9 865,-0.68%
25/12/2014,7.30,7.30,7.35,7.20,3 315,24 117,0.00%
24/12/2014,7.30,7.35,7.35,7.30,270,1 978,0.27%
23/12/2014,7.28,7.30,7.30,7.28,2 090,15 236,-0.14%
22/12/2014,7.29,7.40,7.40,7.29,2 300,16 894,0.00%
19/12/2014,7.29,7.36,7.37,7.29,4 921,36 071,-1.09%
18/12/2014,7.37,7.38,7.38,7.05,26 712,192 727,1.52%
17/12/2014,7.26,7.26,7.39,7.20,8 053,58 747,0.00%
16/12/2014,7.26,7.40,7.40,7.26,5 096,37 354,-1.89%
15/12/2014,7.40,7.39,7.49,7.39,7 336,54 580,0.27%
12/12/2014,7.38,7.26,7.38,7.25,8 119,59 390,1.10%
11/12/2014,7.30,7.31,7.31,7.25,1 475,10 738,0.69%
10/12/2014,7.25,7.30,7.30,7.25,1 649,11 996,2.11%
09/12/2014,7.10,7.25,7.38,7.10,4 767,34 513,-3.92%
08/12/2014,7.39,7.40,7.40,7.22,4 437,32 434,-0.67%
05/12/2014,7.44,7.30,7.48,7.30,38 339,283 325,0.54%
04/12/2014,7.40,7.50,7.50,7.35,7 690,57 098,-1.33%
03/12/2014,7.50,7.50,7.72,7.50,38 118,290 078,0.00%
02/12/2014,7.50,7.29,7.50,7.08,109 886,801 069,2.74%
01/12/2014,7.30,7.10,7.30,7.10,4 766,34 315,2.82%
27/11/2014,6.95,6.95,6.98,6.80,7 408,51 041,0.00%
25/11/2014,6.95,6.80,6.95,6.80,1 100,7 563,-0.14%
24/11/2014,6.96,6.96,6.96,6.96,50,348,2.50%
21/11/2014,6.79,6.79,6.79,6.79,275,1 867,-2.86%
20/11/2014,6.99,6.99,6.99,6.99,2,14,-0.14%
18/11/2014,7.00,6.98,7.00,6.98,3 203,22 389,2.79%
17/11/2014,6.81,7.00,7.00,6.81,1 408,9 722,-2.71%
13/11/2014,7.00,6.81,7.00,6.81,70,483,0.00%
12/11/2014,7.00,7.05,7.08,7.00,4 107,28 913,-0.71%
11/11/2014,7.05,7.00,7.05,6.83,4 603,31 945,0.14%
10/11/2014,7.04,7.00,7.04,6.90,6 272,43 716,-0.42%
07/11/2014,7.07,7.07,7.07,7.07,50,354,1.14%
06/11/2014,6.99,7.00,7.00,6.90,8 851,61 514,1.01%
05/11/2014,6.92,6.91,7.09,6.91,700,4 900,-2.54%
04/11/2014,7.10,7.00,7.10,7.00,3 880,27 354,0.00%
03/11/2014,7.10,7.10,7.10,7.00,895,6 310,0.00%
31/10/2014,7.10,7.10,7.10,7.01,4 056,28 615,1.28%
30/10/2014,7.01,6.85,7.22,6.85,10 974,77 202,0.00%
29/10/2014,7.01,7.10,7.30,7.00,13 151,94 030,-3.97%
28/10/2014,7.30,7.00,7.30,7.00,131 738,941 927,2.82%
27/10/2014,7.10,7.05,7.10,7.00,7 587,53 488,3.65%
23/10/2014,6.85,6.99,7.00,6.85,10 600,73 405,-2.00%
22/10/2014,6.99,6.80,6.99,6.80,22,152,1.60%
21/10/2014,6.88,6.88,6.97,6.88,616,4 266,0.00%
20/10/2014,6.88,7.03,7.03,6.88,1 049,7 296,-1.71%
17/10/2014,7.00,6.88,7.04,6.88,802,5 582,-0.71%
16/10/2014,7.05,7.09,7.09,6.80,306,2 125,0.86%
14/10/2014,6.99,6.90,7.07,6.86,7 124,49 619,-1.13%
13/10/2014,7.07,6.80,7.10,6.80,7 801,54 217,2.46%
10/10/2014,6.90,6.80,6.90,6.70,9 995,67 966,1.47%
09/10/2014,6.80,6.72,6.90,6.60,4 196,28 323,1.49%
08/10/2014,6.70,6.65,6.87,6.65,4 931,33 334,-2.19%
07/10/2014,6.85,6.60,6.90,6.51,1 509,10 118,2.24%
06/10/2014,6.70,6.52,6.70,6.50,53 726,354 592,3.40%
03/10/2014,6.48,6.30,6.48,6.30,36 067,230 468,2.69%
02/10/2014,6.31,6.34,6.45,6.30,5 020,32 003,0.16%
01/10/2014,6.30,6.35,6.35,6.30,1 007,6 369,-0.79%
30/09/2014,6.35,6.35,6.35,6.16,11 863,74 203,0.79%
29/09/2014,6.30,6.30,6.30,6.30,6 740,42 462,0.00%
26/09/2014,6.30,6.30,6.30,6.30,640,4 032,-2.78%
25/09/2014,6.48,6.30,6.48,6.30,2 390,15 272,1.25%
24/09/2014,6.40,6.22,6.40,6.22,7 460,47 073,0.00%
23/09/2014,6.40,6.36,6.47,6.36,20 750,133 111,1.59%
22/09/2014,6.30,6.10,6.30,6.10,227 960,1 413 352,0.64%
19/09/2014,6.26,5.94,6.26,5.94,6 635,40 474,2.29%
18/09/2014,6.12,6.13,6.13,6.00,376,2 280,2.51%
17/09/2014,5.97,5.83,5.97,5.83,6 451,38 061,2.40%
16/09/2014,5.83,5.99,6.16,5.83,15 200,91 124,-5.51%
15/09/2014,6.17,6.17,6.17,6.17,162,1 000,-1.59%
10/09/2014,6.27,6.20,6.28,6.12,1 678,10 404,-0.48%
05/09/2014,6.30,6.30,6.30,6.30,570,3 591,0.00%
04/09/2014,6.30,6.30,6.30,6.30,20,126,0.00%
03/09/2014,6.30,6.30,6.30,6.20,816,5 100,0.00%
02/09/2014,6.30,6.30,6.30,6.30,5,32,0.16%
28/08/2014,6.29,6.30,6.30,6.29,8 030,50 549,-0.16%
27/08/2014,6.30,6.32,6.33,6.30,849,5 361,-0.47%
26/08/2014,6.33,6.33,6.33,6.33,5,32,0.48%
25/08/2014,6.30,6.20,6.30,6.20,350,2 188,2.44%
22/08/2014,6.15,6.15,6.15,6.15,500,3 075,-2.84%
21/08/2014,6.33,6.16,6.34,6.16,8 123,50 769,2.93%
20/08/2014,6.15,6.27,6.27,6.15,450,2 795,-2.84%
18/08/2014,6.33,6.15,6.33,6.15,1 400,8 736,0.00%
15/08/2014,6.33,6.15,6.33,6.15,655,4 087,-0.16%
14/08/2014,6.34,6.34,6.36,6.15,75,469,0.00%
12/08/2014,6.34,6.34,6.34,6.34,5,32,2.26%
11/08/2014,6.20,6.36,6.36,6.20,538,3 379,-2.97%
08/08/2014,6.39,6.39,6.39,6.39,81 000,517 590,-0.47%
07/08/2014,6.42,6.42,6.42,6.42,160,1 027,-0.31%
04/08/2014,6.44,6.44,6.44,6.44,50,322,0.00%
31/07/2014,6.44,6.45,6.45,6.26,12 335,78 389,0.00%
24/07/2014,6.44,6.65,6.65,6.44,2 337,15 296,-0.31%
23/07/2014,6.46,6.46,6.65,6.46,1 854,12 153,-2.86%
22/07/2014,6.65,6.60,6.65,6.59,9 500,62 890,0.45%
21/07/2014,6.62,6.42,6.62,6.41,645,4 202,0.30%
18/07/2014,6.60,6.60,6.60,6.60,1 299,8 573,0.00%
17/07/2014,6.60,6.60,6.60,6.31,3 133,20 224,0.00%
16/07/2014,6.60,6.30,6.60,6.22,2 444,15 666,2.96%
15/07/2014,6.41,6.41,6.41,6.41,140,897,-2.88%
14/07/2014,6.60,6.46,6.60,6.46,2 250,14 692,-0.75%
09/07/2014,6.65,6.70,6.70,6.36,201,1 313,1.53%
08/07/2014,6.55,6.79,6.79,6.55,2 372,15 821,-2.96%
07/07/2014,6.75,6.89,6.89,6.75,40,273,0.90%
04/07/2014,6.69,6.96,6.96,6.69,145,990,-2.90%
03/07/2014,6.89,6.97,6.97,6.77,687,4 720,-1.15%
02/07/2014,6.97,6.84,7.09,6.69,192,1 323,1.16%
01/07/2014,6.89,6.89,6.89,6.89,50,345,0.00%
30/06/2014,6.89,6.75,6.91,6.75,105,717,2.07%
27/06/2014,6.75,6.92,6.92,6.75,4 561,31 174,-2.46%
26/06/2014,6.92,6.76,6.95,6.76,1 260,8 637,-0.43%
25/06/2014,6.95,6.87,6.97,6.87,2 207,15 272,1.02%
24/06/2014,6.88,6.88,6.88,6.88,2,14,0.00%
23/06/2014,6.88,6.90,6.90,6.88,1 710,11 782,-0.15%
20/06/2014,6.89,6.90,6.90,6.58,2 510,16 917,0.00%
19/06/2014,6.89,6.88,6.89,6.88,210,1 446,-0.14%
18/06/2014,6.90,6.90,6.90,6.90,20,138,1.77%
17/06/2014,6.78,6.77,6.90,6.57,11 065,74 523,0.15%
16/06/2014,6.77,6.59,6.77,6.59,21,140,-2.87%
13/06/2014,6.97,6.97,6.97,6.97,10,70,0.72%
12/06/2014,6.92,6.92,6.92,6.72,1 370,9 343,0.29%
11/06/2014,6.90,6.80,6.90,6.80,3 676,25 181,0.29%
10/06/2014,6.88,6.80,6.88,6.64,6 418,43 386,1.93%
09/06/2014,6.75,6.64,6.88,6.64,1 120,7 571,-1.32%
06/06/2014,6.84,6.66,6.85,6.50,4 066,27 141,2.55%
05/06/2014,6.67,6.67,6.67,6.67,1 315,8 771,-2.91%
04/06/2014,6.87,6.60,6.87,6.60,33 336,224 518,1.03%
03/06/2014,6.80,6.79,6.80,6.79,405,2 752,-1.02%
02/06/2014,6.87,6.69,6.87,6.69,501,3 397,-0.29%
29/05/2014,6.74,6.75,6.75,6.74,1 610,10 859,0.15%
28/05/2014,6.73,6.73,6.73,6.73,303,2 039,-2.89%
27/05/2014,6.93,6.93,6.93,6.93,220,1 525,3.74%
26/05/2014,6.68,6.71,6.71,6.68,5 441,36 427,-2.91%
23/05/2014,6.88,6.87,6.88,6.87,400,2 750,-1.01%
22/05/2014,6.95,6.95,6.95,6.73,456,3 119,0.29%
21/05/2014,6.93,6.73,6.93,6.73,813,5 553,0.00%
20/05/2014,6.93,6.75,6.93,6.75,1 081,7 394,-0.29%
19/05/2014,6.95,6.94,6.95,6.94,1 575,10 938,0.00%
16/05/2014,6.95,6.80,6.95,6.80,2 172,14 933,0.00%
15/05/2014,6.95,6.95,6.95,6.95,650,4 518,0.00%
14/05/2014,6.95,6.95,6.95,6.76,1 365,9 357,0.00%
13/05/2014,6.95,6.95,6.95,6.88,1 735,11 998,-0.71%
12/05/2014,7.00,7.03,7.03,6.85,3 601,24 991,2.19%
09/05/2014,6.85,7.00,7.04,6.80,3 564,24 663,-2.84%
08/05/2014,7.05,7.05,7.05,7.05,1,7,0.71%
07/05/2014,7.00,7.20,7.20,6.99,10 852,76 995,-1.41%
06/05/2014,7.10,7.01,7.10,7.00,1 486,10 476,-1.25%
05/05/2014,7.19,7.29,7.29,7.08,2 153,15 469,0.14%
02/05/2014,7.18,7.05,7.20,7.05,1 691,12 048,1.27%
28/04/2014,7.09,7.05,7.14,7.00,7 356,52 007,0.28%
25/04/2014,7.07,7.00,7.07,6.99,5 821,40 922,1.43%
24/04/2014,6.97,6.81,6.97,6.81,3 156,21 745,-0.57%
23/04/2014,7.01,7.05,7.05,6.90,1 182,8 244,0.00%
22/04/2014,7.01,6.79,7.01,6.79,886,6 113,0.14%
21/04/2014,7.00,6.88,7.00,6.88,47 347,328 588,-1.27%
17/04/2014,7.09,7.09,7.09,6.90,6 249,43 712,0.00%
16/04/2014,7.09,7.20,7.20,6.99,5 144,36 497,-0.14%
15/04/2014,7.10,7.10,7.20,6.96,4 526,32 044,0.57%
14/04/2014,7.06,7.25,7.25,7.05,3 475,24 846,-3.29%
11/04/2014,7.30,7.25,7.30,7.24,6 861,49 879,-0.68%
10/04/2014,7.35,7.27,7.35,7.25,786,5 738,-0.14%
08/04/2014,7.36,7.30,7.36,7.24,9 461,69 065,0.82%
07/04/2014,7.30,7.28,7.36,7.28,1 050,7 686,-0.95%
04/04/2014,7.37,7.37,7.38,7.25,2 252,16 473,-0.27%
03/04/2014,7.39,7.24,7.44,7.24,2 806,20 596,0.96%
02/04/2014,7.32,7.46,7.55,7.32,9 814,72 967,-2.40%
01/04/2014,7.50,7.59,7.59,7.40,4 029,30 197,1.35%
31/03/2014,7.40,7.60,7.60,7.40,1 696,12 720,-2.63%
28/03/2014,7.60,7.41,7.60,7.40,1 920,14 400,0.13%
27/03/2014,7.59,7.58,7.59,7.45,2 865,21 545,-0.13%
26/03/2014,7.60,7.50,7.67,7.49,12 552,95 144,1.88%
25/03/2014,7.46,7.40,7.46,7.40,8 514,63 259,0.13%
24/03/2014,7.45,7.31,7.46,7.30,1 063,7 845,-0.93%
21/03/2014,7.52,7.40,7.54,7.21,14 846,109 489,1.62%
19/03/2014,7.40,7.54,7.59,7.40,12 315,92 301,-1.46%
18/03/2014,7.51,7.40,7.55,7.40,64 959,485 569,1.76%
17/03/2014,7.38,7.30,7.51,7.20,70 648,519 616,1.23%
14/03/2014,7.29,7.30,7.30,7.09,16 681,120 020,-0.14%
13/03/2014,7.30,7.28,7.49,7.28,39 539,291 996,0.69%
12/03/2014,7.25,7.06,7.26,7.06,20 796,148 899,2.69%
11/03/2014,7.06,7.25,7.27,7.06,14 493,103 842,-2.49%
10/03/2014,7.24,7.10,7.29,7.09,21 360,153 578,-0.82%
07/03/2014,7.30,7.30,7.30,7.22,13 492,97 952,-1.75%
06/03/2014,7.43,7.44,7.45,7.42,3 647,27 115,-0.80%
05/03/2014,7.49,7.47,7.58,7.31,36 979,275 309,0.27%
04/03/2014,7.47,7.64,7.64,7.47,19 586,147 972,-2.23%
03/03/2014,7.64,7.76,7.85,7.53,49 239,378 648,-0.52%
27/02/2014,7.55,7.65,7.85,7.51,66 019,507 026,-1.95%
26/02/2014,7.70,7.76,7.99,7.60,58 019,452 258,-0.26%
25/02/2014,7.72,7.93,8.00,7.72,48 551,381 611,-2.28%
24/02/2014,7.90,8.03,8.27,7.83,112 173,902 993,1.28%
21/02/2014,7.80,7.69,7.80,7.69,43 890,339 928,5.98%
20/02/2014,7.36,6.98,7.36,6.95,58 727,420 192,5.90%
19/02/2014,6.95,7.13,7.13,6.95,4 046,28 484,-2.52%
18/02/2014,7.13,6.95,7.14,6.95,20 005,140 935,2.15%
17/02/2014,6.98,7.17,7.17,6.98,6 002,42 464,-2.65%
14/02/2014,7.17,7.07,7.28,6.90,116 370,825 063,1.13%
13/02/2014,7.09,6.84,7.20,6.84,72 012,505 524,3.50%
12/02/2014,6.85,6.60,6.85,6.58,23 512,157 883,2.39%
11/02/2014,6.69,6.70,6.90,6.60,21 497,145 105,0.00%
10/02/2014,6.69,6.55,6.74,6.55,17 957,119 324,2.61%
07/02/2014,6.52,6.20,6.56,6.20,74 498,475 297,3.82%
06/02/2014,6.28,6.20,6.28,6.20,4 644,28 979,-0.16%
05/02/2014,6.29,6.20,6.29,6.18,38 340,239 050,1.78%
04/02/2014,6.18,6.18,6.20,6.18,15 238,94 323,0.16%
03/02/2014,6.17,6.17,6.18,6.17,10 233,63 189,-0.16%
31/01/2014,6.18,6.17,6.18,6.16,10 030,61 885,0.00%
30/01/2014,6.18,6.19,6.19,6.18,866,5 356,-0.16%
29/01/2014,6.19,6.22,6.22,6.19,1 830,11 355,-0.48%
28/01/2014,6.22,6.20,6.28,6.20,4 460,27 830,0.32%
27/01/2014,6.20,6.17,6.20,6.17,15 831,97 915,0.65%
24/01/2014,6.16,6.16,6.17,6.16,7 096,43 747,0.16%
23/01/2014,6.15,6.15,6.19,6.15,7 249,44 726,0.00%
22/01/2014,6.15,6.15,6.16,6.15,14 879,91 580,0.00%
21/01/2014,6.15,6.15,6.15,6.15,32 569,200 299,0.00%
20/01/2014,6.15,6.17,6.20,6.15,12 724,78 571,0.00%
17/01/2014,6.15,6.15,6.19,6.14,26 616,164 088,0.33%
16/01/2014,6.13,6.12,6.15,6.12,46 100,282 824,0.16%
15/01/2014,6.12,6.10,6.19,6.10,134 332,825 470,0.33%
10/01/2014,6.10,6.10,6.10,6.10,176 596,1 077 236,1.67%
