14/02/2023,5.38,5.38,5.38,5.38,5,27,0.00%
10/02/2023,5.38,5.38,5.38,5.15,5,26,4.47%
09/02/2023,5.15,5.15,5.15,5.00,220,1 117,3.00%
07/02/2023,5.00,5.00,5.20,5.00,10,51,-3.85%
06/02/2023,5.20,5.20,5.20,5.00,11,56,4.00%
03/02/2023,5.00,5.00,5.00,4.82,21,103,3.73%
02/02/2023,4.82,4.82,4.82,4.73,211,1 008,1.90%
01/02/2023,4.73,4.73,4.73,4.62,10,47,2.38%
31/01/2023,4.62,4.62,4.62,4.52,11,50,2.21%
30/01/2023,4.52,4.52,4.52,4.50,17,77,0.44%
27/01/2023,4.50,4.50,4.50,4.31,5,22,4.41%
26/01/2023,4.31,4.31,4.31,4.30,347,1 494,0.23%
25/01/2023,4.30,4.30,4.30,4.20,106,451,2.38%
24/01/2023,4.20,4.20,4.20,4.12,100,416,1.94%
23/01/2023,4.12,4.12,4.12,4.12,80,330,0.00%
11/01/2023,4.12,4.12,4.12,4.11,3,12,0.24%
02/01/2023,4.11,4.11,4.11,4.11,100,411,0.00%
26/10/2022,4.30,4.30,4.34,4.30,300,1 296,-0.92%
24/10/2022,4.34,4.34,4.34,4.30,60,259,0.93%
21/10/2022,4.30,4.30,4.30,4.28,488,2 094,4.88%
18/10/2022,4.10,4.10,4.10,4.10,61,250,0.00%
14/10/2022,4.10,4.10,4.10,4.10,10,41,0.00%
12/10/2022,4.10,4.10,4.10,3.93,50,201,4.33%
11/10/2022,3.93,3.93,3.93,3.93,7,28,0.00%
06/10/2022,3.93,3.93,3.93,3.93,7,28,0.00%
03/10/2022,3.93,3.93,3.93,3.93,5,20,-4.38%
15/09/2022,4.11,4.11,4.11,4.10,25,103,0.24%
14/09/2022,4.10,4.10,4.10,4.04,77,313,1.49%
13/09/2022,4.04,4.04,4.06,4.04,518,2 098,-0.49%
12/09/2022,4.06,4.06,4.06,3.89,57,227,4.37%
09/09/2022,3.89,3.89,3.89,3.89,5,19,0.00%
08/09/2022,3.89,3.89,3.89,3.75,34,130,8.36%
06/09/2022,3.59,3.59,3.59,3.52,280,995,11.15%
01/09/2022,3.23,3.23,3.23,3.22,5,16,0.31%
30/08/2022,3.22,3.22,3.23,3.22,33,106,-0.31%
29/08/2022,3.23,3.23,3.28,3.23,33,107,-1.52%
20/06/2022,3.59,3.59,3.65,3.59,172,623,-1.64%
17/06/2022,3.65,3.65,3.81,3.65,1 352,5 043,-4.20%
15/06/2022,3.81,3.81,3.81,3.81,148,564,0.00%
13/06/2022,3.81,3.81,3.81,3.65,57,213,4.38%
10/06/2022,3.65,3.65,3.65,3.62,19,69,0.83%
09/06/2022,3.62,3.62,3.62,3.49,100,356,3.72%
07/06/2022,3.49,3.49,3.49,3.49,6,21,-4.38%
17/05/2022,4.00,4.00,4.00,3.95,18,72,1.27%
09/05/2022,3.95,3.95,3.95,3.90,150,589,1.28%
06/05/2022,3.90,3.90,3.90,3.90,12,47,0.00%
05/05/2022,3.90,3.90,3.90,3.74,25,96,4.28%
04/05/2022,3.74,3.74,3.74,3.58,2,7,4.47%
28/04/2022,3.58,3.58,3.58,3.53,50,178,1.42%
21/04/2022,3.53,3.53,3.53,3.53,550,1 942,-0.28%
21/03/2022,3.54,3.54,3.54,3.54,100,354,8.92%
11/03/2022,3.25,3.25,3.25,3.20,100,323,1.56%
10/03/2022,3.20,3.20,3.20,3.20,26,83,0.00%
09/03/2022,3.20,3.20,3.24,3.20,210,676,-1.54%
28/02/2022,3.25,3.25,3.40,3.25,1 550,5 154,-4.41%
14/02/2022,3.69,3.69,3.69,3.68,80,295,0.27%
11/02/2022,3.68,3.68,3.73,3.68,77,285,-5.64%
04/02/2022,3.90,3.90,3.90,3.90,16,62,0.00%
31/01/2022,3.90,3.90,4.07,3.90,6,24,-30.36%
15/11/2021,5.60,5.60,5.61,5.60,6,34,-0.18%
11/11/2021,5.61,5.61,5.61,5.61,100,561,0.00%
09/11/2021,5.61,5.61,5.85,5.61,22,126,-8.33%
20/10/2021,6.12,6.12,6.12,6.12,800,4 896,0.00%
15/09/2021,6.12,6.12,6.12,6.12,46,282,0.00%
19/07/2021,6.11,6.11,6.11,6.11,1,6,2.86%
16/07/2021,5.94,5.94,5.94,5.94,1,6,2.95%
14/07/2021,5.77,5.77,5.77,5.77,2,12,2.85%
13/07/2021,5.61,5.61,5.61,5.61,200,1 122,2.94%
12/07/2021,5.45,5.45,5.45,5.45,5,27,2.83%
09/07/2021,5.30,5.30,5.30,5.30,1,5,2.91%
08/07/2021,5.15,5.15,5.15,5.15,2,10,11.47%
28/06/2021,4.62,4.62,4.62,4.62,1,5,8.96%
24/06/2021,4.24,4.12,4.24,4.12,7,29,7.34%
18/06/2021,3.95,3.95,3.95,3.95,2,8,-28.18%
17/05/2021,6.20,6.10,6.20,6.10,80,492,0.00%
11/05/2021,6.20,6.20,6.20,6.20,1,6,0.00%
10/05/2021,6.20,6.20,6.20,6.20,2,12,0.00%
07/05/2021,6.20,6.24,6.24,6.20,25,156,-0.64%
03/05/2021,6.24,6.24,6.24,6.24,2,12,0.97%
30/04/2021,6.18,6.00,6.18,6.00,52,317,0.00%
29/04/2021,6.18,6.18,6.18,6.18,2,12,3.00%
28/04/2021,6.00,6.00,6.00,6.00,18,108,0.33%
27/04/2021,5.98,5.98,5.98,5.98,20,120,0.00%
23/04/2021,5.98,5.98,5.98,5.98,160,957,0.00%
22/04/2021,5.98,5.98,5.98,5.98,100,598,0.00%
21/04/2021,5.98,5.98,5.98,5.98,90,538,0.00%
20/04/2021,5.98,5.98,5.98,5.98,12,72,2.75%
19/04/2021,5.82,5.82,5.82,5.82,2,12,2.83%
16/04/2021,5.66,5.50,5.66,5.50,40,223,3.10%
15/04/2021,5.49,5.49,5.49,5.49,40,220,1.86%
14/04/2021,5.39,5.39,5.39,5.39,2,11,2.86%
12/04/2021,5.24,5.24,5.24,5.24,11,58,2.95%
08/04/2021,5.09,4.98,5.09,4.98,103,519,3.04%
07/04/2021,4.94,4.80,4.94,4.80,133,648,2.92%
06/04/2021,4.80,4.75,4.80,4.75,113,540,1.48%
05/04/2021,4.73,4.73,4.73,4.73,25,118,0.00%
02/04/2021,4.73,4.73,4.73,4.73,2,9,2.83%
01/04/2021,4.60,4.60,4.60,4.60,122,561,2.22%
29/03/2021,4.50,4.50,4.50,4.50,122,549,0.45%
26/03/2021,4.48,4.45,4.48,4.45,117,522,0.67%
25/03/2021,4.45,4.40,4.45,4.40,352,1 558,3.49%
24/03/2021,4.30,4.28,4.30,4.28,256,1 098,2.38%
23/03/2021,4.20,4.28,4.28,4.20,101,428,0.00%
19/03/2021,4.20,4.08,4.20,4.08,296,1 225,2.94%
17/03/2021,4.08,4.08,4.08,4.08,22,90,2.26%
16/03/2021,3.99,3.88,3.99,3.88,148,582,2.84%
15/03/2021,3.88,3.88,3.88,3.88,13,50,0.00%
12/03/2021,3.88,3.88,3.88,3.88,21,81,16.87%
05/03/2021,3.32,3.32,3.32,3.32,2,7,-2.35%
04/03/2021,3.40,3.41,3.41,3.40,1 558,5 305,-2.86%
01/03/2021,3.50,3.50,3.50,3.50,2,7,-2.78%
26/02/2021,3.60,3.60,3.60,3.60,2,7,-2.70%
25/02/2021,3.70,3.70,3.70,3.70,11,41,2.78%
18/02/2021,3.60,3.60,3.60,3.60,2,7,0.00%
17/02/2021,3.60,3.60,3.60,3.60,6,22,2.86%
15/02/2021,3.50,3.50,3.50,3.50,15,53,-2.78%
11/02/2021,3.60,3.60,3.60,3.60,12,43,2.86%
08/02/2021,3.50,3.50,3.50,3.50,200,700,-2.78%
02/02/2021,3.60,3.60,3.60,3.60,6,22,-2.96%
29/01/2021,3.71,3.70,3.71,3.70,123,456,-5.84%
27/01/2021,3.94,3.94,3.94,3.94,100,394,0.00%
21/01/2021,3.94,3.94,3.94,3.94,133,524,2.87%
08/01/2021,3.83,3.83,3.83,3.83,9,34,0.00%
07/01/2021,3.83,3.83,3.83,3.83,141,540,2.68%
05/01/2021,3.73,3.73,3.73,3.73,405,1 511,-2.86%
31/12/2020,3.84,3.84,3.84,3.84,639,2 454,-5.19%
23/12/2020,4.05,4.05,4.05,4.05,20,81,0.00%
16/12/2020,4.05,4.05,4.05,4.05,222,899,-6.03%
26/11/2020,4.31,4.31,4.31,4.31,92,397,0.00%
19/11/2020,4.40,4.40,4.40,4.40,5,22,2.09%
18/11/2020,4.31,4.31,4.31,4.31,247,1 065,0.00%
17/11/2020,4.31,4.31,4.31,4.31,111,478,0.00%
16/11/2020,4.31,4.31,4.31,4.31,141,608,0.00%
13/11/2020,4.31,4.31,4.31,4.31,1,4,0.00%
11/11/2020,4.31,4.31,4.31,4.31,94,405,1.65%
10/11/2020,4.24,4.24,4.24,4.24,8,34,2.91%
09/11/2020,4.12,4.12,4.12,4.12,6,25,0.24%
06/11/2020,4.11,4.19,4.19,4.11,16,66,-4.64%
04/11/2020,4.31,4.31,4.31,4.31,106,457,0.00%
03/11/2020,4.31,4.31,4.31,4.31,10,43,-0.23%
27/10/2020,4.32,4.32,4.32,4.32,78,337,0.23%
26/10/2020,4.31,4.31,4.31,4.31,3,13,-2.27%
23/10/2020,4.41,4.29,4.41,4.29,11,48,0.46%
21/10/2020,4.39,4.39,4.39,4.39,2,9,-7.19%
20/10/2020,4.73,4.73,4.73,4.73,118,558,0.00%
19/10/2020,4.73,4.73,4.73,4.73,10,47,0.00%
16/10/2020,4.73,4.73,4.73,4.73,2,9,-7.25%
09/10/2020,5.10,5.10,5.10,5.10,174,887,0.00%
08/10/2020,5.10,5.10,5.10,5.10,25,127,0.20%
07/10/2020,5.09,4.95,5.09,4.95,51,256,2.83%
06/10/2020,4.95,4.95,4.95,4.95,8,40,0.00%
05/10/2020,4.95,4.95,4.95,4.95,1,5,-2.94%
25/09/2020,5.10,5.06,5.10,5.06,249,1 265,0.79%
24/09/2020,5.06,4.85,5.06,4.85,125,619,7.66%
23/09/2020,4.70,4.70,4.70,4.70,5,24,-2.89%
22/09/2020,4.84,4.84,4.84,4.84,420,2 033,0.00%
21/09/2020,4.84,4.84,4.84,4.84,1,5,2.98%
18/09/2020,4.70,4.57,4.70,4.57,649,3 008,9.05%
11/09/2020,4.31,4.31,4.31,4.31,25,108,0.23%
10/09/2020,4.30,4.30,4.30,4.30,11,47,-3.15%
09/09/2020,4.44,4.44,4.44,4.44,37,164,-2.84%
08/09/2020,4.57,4.57,4.57,4.57,126,576,-5.19%
04/09/2020,4.82,4.82,4.82,4.82,6,29,0.00%
27/08/2020,4.82,4.82,4.82,4.82,13,63,0.00%
19/08/2020,5.11,5.11,5.11,5.11,5,26,0.20%
11/08/2020,5.10,5.10,5.10,5.10,109,556,0.00%
07/08/2020,5.10,5.10,5.10,5.10,11,56,2.82%
05/08/2020,4.96,4.96,4.96,4.96,6,30,3.12%
03/08/2020,4.81,4.81,4.81,4.81,67,322,-2.83%
23/07/2020,4.95,4.95,4.95,4.95,74,366,0.00%
17/07/2020,4.95,4.95,4.95,4.95,10,50,-2.94%
15/07/2020,5.10,5.10,5.10,5.10,2,10,2.62%
14/07/2020,4.97,4.97,4.97,4.97,133,661,1.84%
13/07/2020,4.88,4.88,4.88,4.88,111,542,1.04%
03/07/2020,4.83,4.83,4.83,4.83,10,48,2.99%
30/06/2020,4.69,4.69,4.69,4.69,133,624,5.87%
25/06/2020,4.43,4.43,4.43,4.43,135,598,-2.85%
24/06/2020,4.56,4.70,4.70,4.56,263,1 218,-8.06%
22/06/2020,4.96,4.96,4.96,4.96,2,10,-11.43%
01/06/2020,5.60,5.60,5.60,5.60,101,566,-2.95%
29/05/2020,5.77,5.77,5.77,5.77,1,6,2.67%
14/05/2020,5.63,5.63,5.63,5.63,20,113,-2.93%
11/05/2020,5.80,5.80,5.80,5.80,1,6,2.84%
08/05/2020,5.64,5.64,5.64,5.64,1,6,2.92%
29/04/2020,5.48,5.48,5.48,5.48,119,652,0.00%
23/04/2020,5.48,5.48,5.48,5.48,1,5,2.81%
20/04/2020,5.33,5.33,5.33,5.33,1,5,2.90%
17/04/2020,5.18,5.18,5.18,5.18,5,26,-8.48%
13/04/2020,5.66,5.66,5.66,5.66,30,170,2.91%
31/03/2020,5.50,5.50,5.50,5.50,30,165,0.00%
30/03/2020,5.50,5.50,5.50,5.50,200,1 100,0.36%
27/03/2020,5.48,5.48,5.48,5.48,50,274,8.95%
24/03/2020,5.03,5.03,5.03,5.03,50,252,2.86%
19/03/2020,4.89,4.89,4.89,4.89,30,147,-2.98%
16/03/2020,5.04,4.82,5.04,4.82,42,207,-2.89%
12/03/2020,5.19,5.19,5.19,5.19,20,104,0.00%
11/03/2020,5.19,5.19,5.19,5.19,2,10,-11.28%
06/03/2020,5.85,6.01,6.01,5.85,56,332,-5.49%
05/03/2020,6.19,6.19,6.19,6.19,1,6,2.82%
04/03/2020,6.02,6.20,6.20,6.02,80,489,-2.90%
03/03/2020,6.20,5.99,6.20,5.99,85,518,4.73%
02/03/2020,5.92,5.75,5.92,5.75,311,1 815,5.90%
28/02/2020,5.59,5.59,5.59,5.59,215,1 202,0.00%
27/02/2020,5.59,5.59,5.59,5.59,80,447,0.90%
26/02/2020,5.54,5.54,5.54,5.54,160,886,2.78%
25/02/2020,5.39,5.24,5.39,5.24,1 421,7 553,4.66%
24/02/2020,5.15,5.00,5.15,5.00,920,4 669,3.00%
20/02/2020,4.99,4.99,4.99,4.99,220,1 098,0.00%
19/02/2020,4.99,4.98,4.99,4.98,125,623,0.60%
18/02/2020,4.96,4.96,4.96,4.96,460,2 282,-0.40%
17/02/2020,4.98,4.98,4.98,4.98,125,623,0.00%
14/02/2020,4.98,4.97,4.98,4.97,31,154,0.00%
11/02/2020,4.98,4.98,4.98,4.98,11,55,8.50%
07/02/2020,4.59,4.59,4.59,4.59,23,106,0.00%
06/02/2020,4.59,4.59,4.59,4.59,290,1 331,15.62%
23/01/2020,3.97,3.97,3.97,3.97,122,484,0.00%
22/01/2020,3.97,3.96,3.97,3.96,508,2 014,-2.70%
21/01/2020,4.08,4.08,4.08,4.08,112,457,2.00%
17/01/2020,4.00,3.89,4.00,3.89,16,63,-14.16%
08/01/2020,4.66,4.66,4.66,4.66,12,56,-16.19%
03/01/2020,5.56,5.40,5.56,5.40,4,22,5.90%
02/01/2020,5.25,5.25,5.25,5.25,574,3 014,4.37%
31/12/2019,5.03,4.99,5.03,4.99,1 777,8 903,4.36%
30/12/2019,4.82,4.82,4.82,4.82,355,1 711,0.00%
27/12/2019,4.82,4.70,4.82,4.70,402,1 914,3.66%
26/12/2019,4.65,4.65,4.65,4.65,136,632,3.10%
25/12/2019,4.51,4.51,4.51,4.51,350,1 579,-2.80%
24/12/2019,4.64,4.63,4.64,4.63,140,649,0.22%
23/12/2019,4.63,4.63,4.63,4.63,150,695,0.65%
20/12/2019,4.60,4.60,4.60,4.60,550,2 530,2.22%
19/12/2019,4.50,4.50,4.50,4.50,250,1 125,0.00%
18/12/2019,4.50,4.50,4.50,4.50,128,576,0.00%
17/12/2019,4.50,4.50,4.50,4.50,92,414,0.00%
16/12/2019,4.50,4.50,4.50,4.50,1 080,4 860,2.27%
13/12/2019,4.40,4.40,4.40,4.40,529,2 328,0.92%
12/12/2019,4.36,4.24,4.36,4.24,205,882,-0.23%
11/12/2019,4.37,4.37,4.37,4.37,100,437,2.82%
04/12/2019,4.25,4.25,4.25,4.25,15,64,-2.75%
03/12/2019,4.37,4.37,4.37,4.37,10,44,-1.58%
02/12/2019,4.44,4.44,4.44,4.44,806,3 579,-4.31%
29/11/2019,4.64,4.64,4.64,4.64,806,3 740,-0.22%
28/11/2019,4.65,4.65,4.65,4.65,2,9,1.09%
27/11/2019,4.60,4.45,4.60,4.45,123,557,-1.08%
26/11/2019,4.65,4.60,4.65,4.47,1 178,5 372,1.09%
25/11/2019,4.60,4.55,4.60,4.55,34,156,4.07%
21/11/2019,4.20,4.20,4.20,4.20,706,2 965,-2.33%
19/11/2019,4.30,4.21,4.30,4.21,510,2 170,2.14%
18/11/2019,4.21,4.21,4.21,4.21,278,1 170,0.00%
15/11/2019,4.21,4.21,4.21,4.21,600,2 526,-5.82%
05/11/2019,4.47,4.60,4.60,4.47,55,249,0.00%
04/11/2019,4.47,4.47,4.47,4.47,125,559,0.68%
01/11/2019,4.44,4.44,4.44,4.44,50,222,-0.67%
31/10/2019,4.47,4.36,4.47,4.36,110,486,4.44%
30/10/2019,4.28,4.16,4.28,4.16,153,646,3.38%
29/10/2019,4.14,3.97,4.14,3.97,216,876,-0.24%
24/10/2019,4.15,4.15,4.15,4.15,2,8,2.98%
23/10/2019,4.03,4.03,4.03,4.03,76,306,-4.28%
22/10/2019,4.21,4.09,4.21,4.09,502,2 083,2.93%
18/10/2019,4.09,4.09,4.09,4.09,1 800,7 362,17.87%
11/10/2019,3.47,3.47,3.47,3.47,35,121,7.43%
10/10/2019,3.23,3.23,3.23,3.23,34,110,0.00%
09/10/2019,3.23,3.23,3.23,3.23,48,155,0.94%
08/10/2019,3.20,3.14,3.20,3.14,161,510,3.23%
07/10/2019,3.10,3.05,3.10,3.05,100,308,10.71%
30/09/2019,2.80,2.80,2.80,2.80,119,333,0.36%
27/09/2019,2.79,2.80,2.80,2.79,161,450,0.00%
23/09/2019,2.79,2.79,2.79,2.79,1,3,5.68%
19/09/2019,2.64,2.64,2.64,2.64,6,16,11.86%
05/09/2019,2.36,2.36,2.36,2.36,5,12,-8.53%
03/09/2019,2.58,2.58,2.58,2.58,86,222,-2.64%
02/09/2019,2.65,2.65,2.65,2.65,155,411,-2.93%
30/08/2019,2.73,2.74,2.74,2.73,397,1 086,-5.86%
28/08/2019,2.90,2.90,2.90,2.90,340,986,-2.36%
27/08/2019,2.97,2.97,2.97,2.97,20,59,2.77%
21/08/2019,3.00,3.00,3.00,3.00,40,120,0.00%
20/08/2019,3.00,3.00,3.00,3.00,10,30,-12.28%
24/07/2019,3.42,3.42,3.42,3.42,10,34,5.56%
22/07/2019,3.24,3.24,3.24,3.24,100,324,-2.99%
18/07/2019,3.34,3.34,3.34,3.34,3,10,2.77%
17/07/2019,3.25,3.25,3.25,3.25,5,16,2.52%
16/07/2019,3.17,3.17,3.17,3.17,1,3,0.00%
15/07/2019,3.17,3.17,3.17,3.17,10,32,2.92%
12/07/2019,3.08,3.08,3.08,3.08,1 583,4 876,-2.84%
10/07/2019,3.17,3.17,3.17,3.17,1 025,3 249,-2.76%
09/07/2019,3.26,3.26,3.26,3.26,1 000,3 260,-2.98%
08/07/2019,3.36,3.36,3.36,3.36,29,97,0.00%
05/07/2019,3.36,3.36,3.36,3.36,1 000,3 360,-2.89%
04/07/2019,3.46,3.46,3.46,3.46,363,1 256,-7.24%
03/07/2019,3.73,3.73,3.73,3.73,1,4,-5.57%
28/06/2019,3.95,3.95,3.95,3.95,133,525,-1.74%
27/06/2019,4.02,4.07,4.07,4.02,711,2 876,-4.06%
20/06/2019,4.19,4.19,4.19,4.19,66,277,-4.77%
17/06/2019,4.40,4.40,4.40,4.40,113,497,-16.35%
10/06/2019,5.26,5.26,5.26,5.26,2,11,2.94%
31/05/2019,5.11,5.11,5.11,5.11,2,10,0.00%
17/05/2019,5.73,5.73,5.73,5.73,190,1 089,-2.88%
16/05/2019,5.90,5.90,5.90,5.90,5,30,-0.17%
15/05/2019,5.91,5.91,5.91,5.91,5,30,-2.96%
08/05/2019,6.09,6.09,6.09,6.09,83,505,1.50%
07/05/2019,6.00,6.00,6.00,6.00,60,360,0.00%
06/05/2019,6.00,6.00,6.00,6.00,30,180,0.67%
03/05/2019,5.96,5.96,5.96,5.96,1 195,7 122,0.00%
02/05/2019,5.96,5.96,5.96,5.96,10,60,2.94%
30/04/2019,5.79,5.63,5.79,5.63,865,4 939,2.84%
29/04/2019,5.63,5.64,5.64,5.63,820,4 621,4.26%
26/04/2019,5.40,5.40,5.40,5.40,1,5,-2.88%
25/04/2019,5.56,5.73,5.73,5.56,465,2 625,-7.33%
23/04/2019,6.00,5.90,6.00,5.90,1 650,9 818,1.87%
22/04/2019,5.89,5.72,5.89,5.72,3 391,19 685,5.94%
19/04/2019,5.56,5.40,5.56,5.40,1 910,10 467,4.51%
18/04/2019,5.32,5.32,5.32,5.32,3 750,19 950,4.31%
17/04/2019,5.10,4.96,5.10,4.96,454,2 284,2.82%
16/04/2019,4.96,4.84,4.96,4.84,758,3 714,3.33%
15/04/2019,4.80,4.80,4.83,4.80,961,4 627,2.13%
12/04/2019,4.70,4.70,4.70,4.66,390,1 825,0.86%
11/04/2019,4.66,4.57,4.66,4.57,216,997,2.42%
10/04/2019,4.55,4.42,4.55,4.42,450,2 018,0.00%
08/04/2019,4.55,4.55,4.55,4.55,250,1 138,0.66%
05/04/2019,4.52,4.52,4.52,4.52,74,334,0.00%
04/04/2019,4.52,4.44,4.53,4.44,355,1 592,2.73%
03/04/2019,4.40,4.32,4.40,4.32,240,1 046,1.85%
02/04/2019,4.32,4.29,4.32,4.29,261,1 124,2.37%
01/04/2019,4.22,4.16,4.22,4.16,1 595,6 683,1.44%
29/03/2019,4.16,4.16,4.16,4.16,419,1 743,0.24%
28/03/2019,4.15,4.10,4.15,4.10,68,281,2.47%
27/03/2019,4.05,3.94,4.05,3.94,225,899,2.79%
26/03/2019,3.94,3.93,3.94,3.93,246,968,0.51%
25/03/2019,3.92,3.93,3.93,3.92,658,2 583,-0.76%
22/03/2019,3.95,3.95,3.95,3.95,253,999,2.86%
21/03/2019,3.84,3.84,3.84,3.84,1,4,7.26%
15/03/2019,3.58,3.58,3.58,3.58,5,18,-5.79%
13/03/2019,3.80,3.80,3.80,3.80,20,76,1.60%
12/03/2019,3.74,3.74,3.74,3.74,179,669,2.75%
08/03/2019,3.64,3.75,3.75,3.64,185,684,-2.15%
07/03/2019,3.72,3.72,3.72,3.72,1,4,-4.37%
27/02/2019,3.89,3.89,3.89,3.89,100,389,1.83%
26/02/2019,3.82,3.82,3.82,3.82,1 356,5 180,1.87%
25/02/2019,3.75,3.75,3.81,3.75,450,1 701,2.74%
21/02/2019,3.54,3.45,3.54,3.45,130,454,3.81%
20/02/2019,3.41,3.40,3.41,3.40,55,187,1.49%
19/02/2019,3.36,3.27,3.36,3.27,105,348,5.66%
18/02/2019,3.18,3.09,3.18,3.09,121,379,6.00%
15/02/2019,3.00,3.00,3.00,3.00,300,900,0.00%
13/02/2019,3.00,3.04,3.04,3.00,214,646,8.70%
05/02/2019,2.76,2.76,2.76,2.76,306,845,-8.31%
17/01/2019,3.01,3.01,3.01,3.01,136,409,-2.90%
10/01/2019,3.10,3.10,3.10,3.10,10,31,0.00%
09/01/2019,3.10,3.10,3.10,3.10,394,1 221,1.64%
07/01/2019,3.05,3.05,3.05,3.05,40,122,0.33%
04/01/2019,3.04,3.00,3.04,3.00,799,2 413,3.05%
03/01/2019,2.95,2.90,2.95,2.90,188,550,1.72%
02/01/2019,2.90,2.85,2.90,2.85,105,302,1.75%
28/12/2018,2.85,2.85,2.85,2.85,240,684,2.89%
27/12/2018,2.77,2.77,2.77,2.77,50,139,2.59%
21/12/2018,2.70,2.70,2.70,2.70,1 360,3 672,0.00%
20/12/2018,2.70,2.70,2.70,2.70,522,1 409,-3.57%
19/12/2018,2.80,2.80,2.80,2.80,70,196,0.00%
18/12/2018,2.80,2.80,2.80,2.80,200,560,0.36%
14/12/2018,2.79,2.79,2.79,2.79,10,28,-0.36%
13/12/2018,2.80,2.79,2.80,2.79,200,559,0.72%
12/12/2018,2.78,2.70,2.78,2.70,615,1 685,3.35%
11/12/2018,2.69,2.69,2.69,2.69,20,54,2.67%
07/12/2018,2.62,2.62,2.62,2.62,10,26,2.75%
05/12/2018,2.55,2.55,2.55,2.55,10,26,0.00%
03/12/2018,2.55,2.55,2.55,2.55,14,36,0.39%
22/11/2018,2.61,2.61,2.61,2.61,40,104,0.00%
19/11/2018,2.61,2.61,2.61,2.61,10,26,-0.76%
16/11/2018,2.63,2.63,2.63,2.63,50,132,-0.38%
15/11/2018,2.64,2.64,2.64,2.64,684,1 806,0.00%
14/11/2018,2.64,2.64,2.64,2.64,250,660,-1.86%
09/11/2018,2.69,2.69,2.69,2.69,86,231,2.67%
07/11/2018,2.62,2.62,2.62,2.62,80,210,0.38%
02/11/2018,2.61,2.69,2.69,2.61,956,2 533,-2.97%
01/11/2018,2.69,2.69,2.69,2.69,570,1 533,0.00%
30/10/2018,2.69,2.69,2.69,2.69,85,229,0.00%
29/10/2018,2.69,2.69,2.69,2.69,629,1 692,2.28%
26/10/2018,2.63,2.63,2.63,2.63,5,13,-2.23%
25/10/2018,2.69,2.70,2.70,2.69,7,19,-2.89%
24/10/2018,2.77,2.77,2.77,2.77,140,388,0.00%
23/10/2018,2.77,2.84,2.84,2.77,3,8,-7.67%
22/10/2018,3.00,3.00,3.00,3.00,55,165,-5.36%
18/10/2018,3.17,3.17,3.17,3.17,255,808,-2.46%
17/10/2018,3.25,3.25,3.25,3.25,5,16,-4.13%
12/10/2018,3.39,3.39,3.39,3.39,20,68,0.00%
10/10/2018,3.39,3.39,3.39,3.39,285,966,-14.82%
03/10/2018,3.98,3.98,3.98,3.98,830,3 303,-2.93%
02/10/2018,4.10,4.17,4.17,4.10,219,906,-4.43%
01/10/2018,4.29,4.29,4.29,4.29,122,523,-20.41%
20/09/2018,5.39,5.39,5.39,5.39,20,108,-0.55%
19/09/2018,5.42,5.27,5.42,5.27,172,919,5.86%
18/09/2018,5.12,5.12,5.12,5.12,12,61,2.81%
17/09/2018,4.98,4.98,4.98,4.98,272,1 355,2.26%
14/09/2018,4.87,4.73,4.87,4.73,56,269,5.87%
13/09/2018,4.60,4.54,4.60,4.54,207,946,4.31%
12/09/2018,4.41,4.29,4.41,4.29,302,1 314,3.76%
10/09/2018,4.25,4.20,4.25,4.20,337,1 424,3.66%
07/09/2018,4.10,4.11,4.11,4.10,60,246,0.49%
06/09/2018,4.08,4.08,4.08,4.08,50,204,2.00%
05/09/2018,4.00,3.99,4.00,3.99,222,887,1.27%
04/09/2018,3.95,3.95,3.95,3.95,267,1 055,0.00%
03/09/2018,3.95,3.95,3.95,3.95,50,198,3.95%
23/08/2018,3.71,3.71,3.71,3.71,477,1 770,0.27%
20/08/2018,3.70,3.70,3.70,3.70,281,1 040,0.00%
17/08/2018,3.70,3.70,3.70,3.70,250,925,2.78%
16/08/2018,3.60,3.60,3.60,3.60,410,1 476,2.56%
14/08/2018,3.51,3.51,3.51,3.51,10,35,-2.77%
08/08/2018,3.61,3.61,3.61,3.61,33,119,0.00%
07/08/2018,3.61,3.61,3.61,3.61,12,43,-2.43%
06/08/2018,3.70,3.70,3.70,3.70,300,1 110,2.49%
03/08/2018,3.61,3.61,3.61,3.61,65,235,-2.43%
02/08/2018,3.70,3.60,3.70,3.60,45,164,5.71%
01/08/2018,3.50,3.50,3.50,3.50,155,543,1.74%
31/07/2018,3.44,3.43,3.44,3.43,222,763,1.78%
27/07/2018,3.38,3.38,3.38,3.38,16,54,2.74%
26/07/2018,3.29,3.29,3.29,3.29,18,59,2.81%
18/07/2018,3.20,3.20,3.20,3.20,44,141,2.89%
12/07/2018,3.11,3.11,3.11,3.11,15,47,3.32%
11/07/2018,3.01,3.00,3.01,3.00,50,150,1.69%
10/07/2018,2.96,2.96,2.96,2.96,177,524,4.23%
04/07/2018,2.84,2.84,2.84,2.84,6,17,0.00%
29/06/2018,2.84,2.84,2.84,2.84,200,568,0.35%
27/06/2018,2.83,2.83,2.83,2.83,599,1 695,-11.01%
22/06/2018,3.18,3.25,3.25,3.18,251,807,-11.67%
19/06/2018,3.60,3.60,3.60,3.60,56,202,-0.28%
14/06/2018,3.61,3.61,3.61,3.61,170,614,0.28%
13/06/2018,3.60,3.60,3.60,3.60,24,86,2.86%
11/06/2018,3.50,3.50,3.50,3.50,185,648,-5.41%
07/06/2018,3.70,3.70,3.70,3.70,88,326,-4.39%
01/06/2018,3.87,3.87,3.87,3.87,100,387,0.00%
31/05/2018,3.87,3.87,3.87,3.87,300,1 161,0.00%
30/05/2018,3.87,3.87,3.87,3.87,250,968,0.00%
29/05/2018,3.87,3.87,3.87,3.87,200,774,-2.76%
17/05/2018,3.98,3.98,3.98,3.98,111,442,-1.49%
16/05/2018,4.04,4.04,4.04,4.04,1,4,-0.25%
15/05/2018,4.05,4.05,4.05,4.05,99,401,-0.25%
11/05/2018,4.06,4.06,4.06,4.06,56,227,0.00%
10/05/2018,4.06,4.06,4.06,4.06,44,179,0.00%
08/05/2018,4.06,4.06,4.06,4.06,100,406,0.74%
07/05/2018,4.03,4.03,4.03,4.03,1 100,4 433,-8.20%
03/05/2018,4.39,4.39,4.39,4.39,26,114,0.00%
02/05/2018,4.39,4.39,4.39,4.39,29,127,-0.23%
24/04/2018,4.40,4.40,4.40,4.40,200,880,-5.17%
11/04/2018,4.64,4.64,4.64,4.64,182,844,0.00%
05/04/2018,4.64,4.64,4.64,4.64,156,724,-7.20%
30/03/2018,5.00,5.00,5.00,5.00,5,25,0.00%
27/03/2018,5.00,5.00,5.00,5.00,221,1 105,-0.20%
23/03/2018,5.01,5.01,5.01,5.01,44,220,-5.65%
15/03/2018,5.31,5.17,5.31,5.17,8,42,0.00%
09/03/2018,5.31,5.31,5.31,5.31,10,53,0.00%
06/03/2018,5.31,5.18,5.31,5.18,20,105,-0.19%
02/03/2018,5.32,5.32,5.32,5.32,100,532,0.00%
01/03/2018,5.32,5.32,5.32,5.32,3,16,-2.92%
22/02/2018,5.48,5.48,5.48,5.48,3,16,0.00%
21/02/2018,5.48,5.48,5.48,5.48,1,5,4.98%
07/02/2018,5.22,5.22,5.22,5.22,23,120,-1.88%
06/02/2018,5.32,5.32,5.32,5.32,95,505,-2.92%
30/01/2018,5.48,5.47,5.48,5.47,100,548,0.18%
29/01/2018,5.47,5.24,5.47,5.24,27,145,-0.18%
25/01/2018,5.48,5.48,5.48,5.48,10,55,0.00%
24/01/2018,5.48,5.48,5.48,5.48,5,27,-0.18%
12/01/2018,5.49,5.49,5.49,5.49,68,373,0.00%
11/01/2018,5.49,5.49,5.49,5.49,765,4 200,0.00%
10/01/2018,5.49,5.49,5.49,5.49,1,5,4.37%
09/01/2018,5.26,5.26,5.26,5.26,1,5,2.94%
08/01/2018,5.11,5.11,5.11,5.11,1,5,0.00%
04/01/2018,5.11,5.11,5.11,5.11,1,5,-0.78%
03/01/2018,5.15,5.15,5.15,5.15,1,5,-2.83%
29/12/2017,5.30,5.30,5.30,5.30,1 000,5 300,0.57%
28/12/2017,5.27,5.23,5.27,5.23,320,1 680,-2.04%
26/12/2017,5.38,5.38,5.38,5.38,413,2 222,0.00%
25/12/2017,5.38,5.38,5.38,5.38,1,5,-2.71%
22/12/2017,5.53,5.53,5.53,5.53,357,1 974,-2.98%
21/12/2017,5.70,5.70,5.70,5.70,15,86,0.00%
13/12/2017,5.70,5.70,5.70,5.70,18,103,0.35%
12/12/2017,5.68,5.68,5.68,5.68,2 449,13 910,-4.38%
08/12/2017,5.94,5.94,5.94,5.94,185,1 099,-8.47%
06/12/2017,6.49,6.49,6.49,6.49,34,221,-1.37%
05/12/2017,6.58,6.88,6.88,6.58,183,1 232,-4.78%
04/12/2017,6.91,7.02,7.02,6.91,70,488,-2.12%
20/11/2017,7.30,7.30,7.30,7.30,50,365,-2.01%
03/11/2017,7.45,7.45,7.45,7.45,8,60,0.00%
02/11/2017,7.45,7.45,7.45,7.45,112,834,0.00%
01/11/2017,7.45,7.40,7.45,7.40,150,1 114,0.00%
31/10/2017,7.45,7.45,7.45,7.45,150,1 118,-0.53%
27/10/2017,7.49,7.45,7.49,7.45,117,874,2.32%
26/10/2017,7.32,7.29,7.32,7.29,695,5 077,0.55%
25/10/2017,7.28,7.26,7.28,7.26,194,1 410,0.28%
24/10/2017,7.26,7.26,7.26,7.26,300,2 178,-0.14%
20/10/2017,7.27,7.27,7.27,7.27,5,36,2.68%
19/10/2017,7.08,7.08,7.08,7.08,3,21,0.00%
17/10/2017,7.08,7.08,7.08,7.08,430,3 044,0.00%
16/10/2017,7.08,7.08,7.08,7.08,341,2 414,0.00%
13/10/2017,7.08,7.08,7.08,7.08,30,212,2.91%
12/10/2017,6.88,6.88,6.88,6.88,14,96,0.00%
11/10/2017,6.88,6.88,6.88,6.88,67,461,2.99%
10/10/2017,6.68,6.68,6.68,6.68,5,33,2.93%
09/10/2017,6.49,6.32,6.49,6.32,146,935,2.69%
03/10/2017,6.32,6.32,6.32,6.32,6,38,0.00%
02/10/2017,6.32,6.32,6.32,6.32,5,32,5.33%
26/09/2017,6.00,5.94,6.00,5.94,145,866,0.84%
22/09/2017,5.95,5.95,5.95,5.95,1,6,-0.83%
18/09/2017,6.00,6.00,6.00,6.00,2,12,0.67%
15/09/2017,5.96,5.96,5.96,5.96,11,66,0.34%
11/09/2017,5.94,5.94,5.94,5.94,59,350,0.00%
08/09/2017,5.94,5.94,5.94,5.94,41,244,-2.94%
06/09/2017,6.12,6.12,6.12,6.12,187,1 144,-10.92%
28/07/2017,7.28,7.28,7.28,7.28,5,36,2.54%
27/07/2017,7.10,7.10,7.10,7.10,5,36,3.05%
21/07/2017,6.89,6.89,6.89,6.89,29,200,0.00%
20/07/2017,6.89,6.75,6.89,6.75,10,68,6.00%
13/07/2017,6.50,6.50,6.50,6.50,300,1 950,0.78%
11/07/2017,6.45,6.45,6.45,6.45,14,90,0.00%
07/07/2017,6.45,6.45,6.45,6.45,560,3 612,0.00%
05/07/2017,6.45,6.45,6.45,6.45,34,219,0.00%
04/07/2017,6.45,6.45,6.45,6.45,5,32,-2.42%
21/06/2017,6.61,6.80,6.80,6.61,10,67,-4.34%
20/06/2017,6.91,6.91,6.91,6.91,23,159,-2.95%
19/06/2017,7.12,7.12,7.12,7.12,40,285,-3.00%
16/06/2017,7.34,7.34,7.34,7.34,100,734,0.00%
15/06/2017,7.34,7.34,7.34,7.34,479,3 516,0.00%
14/06/2017,7.34,7.34,7.34,7.34,216,1 585,0.00%
13/06/2017,7.34,7.33,7.34,7.33,112,822,4.71%
09/06/2017,7.01,7.01,7.01,7.01,60,421,-2.77%
08/06/2017,7.21,7.21,7.21,7.21,500,3 605,3.00%
06/06/2017,7.00,7.00,7.00,7.00,5,35,1.45%
02/06/2017,6.90,6.90,6.90,6.90,1,7,1.62%
31/05/2017,6.79,6.79,6.79,6.79,100,679,-3.00%
19/05/2017,7.00,7.00,7.00,7.00,129,903,0.00%
18/05/2017,7.00,7.00,7.00,7.00,1 000,7 000,2.64%
17/05/2017,6.82,6.82,6.82,6.82,220,1 500,-2.99%
16/05/2017,7.03,7.03,7.03,7.03,11,77,3.23%
12/05/2017,6.81,6.81,6.81,6.81,81,552,0.00%
11/05/2017,6.81,6.81,6.81,6.81,420,2 860,0.00%
04/05/2017,6.81,6.81,6.81,6.81,14,95,1.49%
03/05/2017,6.71,6.71,6.71,6.71,88,590,-1.47%
02/05/2017,6.81,6.81,6.81,6.81,220,1 498,-2.99%
28/04/2017,7.02,7.02,7.02,7.02,330,2 317,2.03%
27/04/2017,6.88,6.88,6.88,6.88,70,482,2.99%
25/04/2017,6.68,6.68,6.68,6.68,6,40,0.75%
19/04/2017,6.63,6.63,6.63,6.63,11,73,5.74%
14/04/2017,6.27,6.27,6.27,6.27,11,69,-4.42%
11/04/2017,6.56,6.56,6.56,6.56,321,2 106,0.00%
10/04/2017,6.56,6.56,6.56,6.56,508,3 332,0.00%
07/04/2017,6.56,6.56,6.56,6.56,200,1 312,0.00%
04/04/2017,6.56,6.56,6.56,6.56,5,33,-5.48%
03/04/2017,6.94,6.94,6.94,6.94,1,7,1.31%
29/03/2017,6.85,6.85,6.85,6.85,1,7,15.32%
21/03/2017,5.94,5.94,5.94,5.94,823,4 889,-16.46%
15/03/2017,7.11,7.11,7.11,7.11,53,377,-9.77%
08/03/2017,7.88,7.90,7.90,7.88,93,734,-5.63%
03/03/2017,8.35,8.35,8.35,8.35,1 000,8 350,0.00%
02/03/2017,8.35,8.35,8.35,8.35,4 600,38 410,-2.91%
01/03/2017,8.60,8.60,8.60,8.60,120,1 032,0.00%
28/02/2017,8.60,8.60,8.60,8.60,6,52,0.00%
23/02/2017,8.45,7.73,8.45,7.73,214,1 731,4.45%
22/02/2017,8.09,8.09,8.09,8.09,84,680,-3.00%
20/02/2017,8.34,8.34,8.34,8.34,75,626,-3.25%
17/02/2017,8.62,8.62,8.62,8.62,55,474,2.74%
16/02/2017,8.39,8.39,8.39,8.39,22,185,-2.78%
15/02/2017,8.63,8.63,8.63,8.63,1,9,-2.92%
14/02/2017,8.89,8.89,8.89,8.89,1,9,-0.11%
08/02/2017,8.90,8.90,8.90,8.90,11,98,5.95%
07/02/2017,8.40,8.40,8.40,8.40,30,252,-2.67%
03/02/2017,8.63,8.63,8.63,8.63,5,43,-0.80%
02/02/2017,8.70,8.90,8.90,8.70,560,4 928,-2.25%
01/02/2017,8.90,8.90,8.90,8.90,273,2 430,0.00%
31/01/2017,8.90,8.89,8.90,8.89,518,4 608,0.00%
30/01/2017,8.90,8.87,8.90,8.87,825,7 330,0.34%
27/01/2017,8.87,8.87,8.87,8.87,486,4 311,0.00%
26/01/2017,8.87,8.87,8.87,8.87,30,266,0.00%
25/01/2017,8.87,8.90,8.90,8.87,270,2 399,-0.22%
24/01/2017,8.89,8.86,8.89,8.86,256,2 272,2.89%
23/01/2017,8.64,8.64,8.64,8.64,149,1 287,2.98%
20/01/2017,8.39,8.35,8.39,8.35,140,1 172,2.94%
19/01/2017,8.15,7.92,8.15,7.92,83,667,3.16%
18/01/2017,7.90,7.90,7.90,7.90,22,174,0.13%
17/01/2017,7.89,7.89,7.89,7.89,70,552,5.62%
16/01/2017,7.47,7.47,7.47,7.47,95,710,0.13%
13/01/2017,7.46,7.46,7.46,7.46,5,37,5.82%
11/01/2017,7.05,7.05,7.05,7.05,150,1 058,0.00%
04/01/2017,7.05,7.05,7.05,7.05,100,705,0.00%
28/12/2016,7.05,7.05,7.05,7.05,4,28,4.44%
23/12/2016,6.75,6.75,6.75,6.75,193,1 303,0.15%
22/12/2016,6.74,6.94,6.94,6.74,423,2 893,-12.47%
19/12/2016,7.70,7.92,7.92,7.70,1 699,13 269,-5.64%
14/12/2016,8.16,8.16,8.16,8.16,10,82,0.00%
09/12/2016,8.16,8.17,8.17,8.16,39,318,-0.24%
07/12/2016,8.18,8.18,8.18,8.18,99,810,0.12%
06/12/2016,8.17,8.17,8.17,8.17,2,16,-0.12%
05/12/2016,8.18,8.18,8.18,8.18,1,8,0.00%
02/12/2016,8.18,8.18,8.18,8.18,20,164,0.00%
28/11/2016,8.18,8.18,8.18,8.18,30,245,-2.62%
24/11/2016,8.65,8.65,8.65,8.65,1 039,8 987,0.00%
23/11/2016,8.65,8.65,8.65,8.65,980,8 477,0.00%
22/11/2016,8.65,8.65,8.65,8.65,1 100,9 515,2.98%
21/11/2016,8.40,8.40,8.40,8.40,10,84,-2.89%
18/11/2016,8.65,8.65,8.65,8.65,749,6 479,0.58%
16/11/2016,8.60,8.60,8.60,8.60,60,516,2.38%
10/11/2016,8.40,8.40,8.40,8.40,40,336,-2.89%
09/11/2016,8.65,8.40,8.65,8.40,194,1 654,6.00%
01/11/2016,8.16,8.16,8.16,8.16,16,131,-4.45%
25/10/2016,8.54,8.48,8.54,8.48,15,128,3.64%
24/10/2016,8.24,8.00,8.24,8.00,86,698,3.00%
21/10/2016,8.00,8.00,8.00,8.00,2,16,1.27%
20/10/2016,7.90,7.90,7.90,7.90,14,111,0.64%
17/10/2016,7.85,7.85,7.85,7.85,49,385,0.00%
14/10/2016,7.85,7.85,7.85,7.85,50,393,-2.97%
13/10/2016,8.09,8.09,8.09,8.09,32,259,0.00%
11/10/2016,8.09,8.12,8.12,8.09,76,616,0.12%
07/10/2016,8.08,8.08,8.08,8.08,94,760,-2.88%
06/10/2016,8.32,8.32,8.32,8.32,28,233,-2.80%
05/10/2016,8.56,8.82,8.82,8.56,146,1 269,-8.15%
30/09/2016,9.32,9.32,9.32,9.32,55,513,-5.57%
28/09/2016,9.87,9.87,9.87,9.87,2,20,0.00%
27/09/2016,9.87,9.87,9.87,9.87,1,10,0.71%
26/09/2016,9.80,9.78,9.80,9.78,3,29,0.20%
23/09/2016,9.78,9.78,9.78,9.78,1,10,-0.10%
22/09/2016,9.79,9.78,9.79,9.78,6,59,0.00%
21/09/2016,9.79,9.79,9.79,9.79,1,10,0.00%
20/09/2016,9.79,9.80,9.80,9.79,3,29,0.20%
19/09/2016,9.77,9.35,9.77,9.35,6,57,3.39%
16/09/2016,9.45,9.60,9.60,9.45,17,162,-4.45%
09/09/2016,9.89,9.90,9.90,9.89,3,30,0.10%
08/09/2016,9.88,9.88,9.88,9.88,1,10,-0.20%
06/09/2016,9.90,9.89,9.90,9.89,22,218,0.10%
05/09/2016,9.89,9.89,9.89,9.89,7,69,4.77%
01/09/2016,9.44,9.44,9.44,9.44,6,57,-4.45%
31/08/2016,9.88,9.88,9.88,9.88,3,30,0.00%
25/08/2016,9.70,9.70,9.70,9.70,200,1 940,2.32%
24/08/2016,9.48,9.21,9.48,9.21,928,8 672,2.93%
23/08/2016,9.21,9.21,9.21,9.21,9,83,2.91%
19/08/2016,8.95,8.69,8.95,8.69,1 492,13 159,5.92%
18/08/2016,8.45,8.44,8.45,8.44,482,4 070,1.81%
17/08/2016,8.30,8.20,8.30,8.20,569,4 694,2.47%
16/08/2016,8.10,8.10,8.10,8.10,101,818,0.50%
15/08/2016,8.06,8.06,8.06,8.06,200,1 612,0.00%
12/08/2016,8.06,7.85,8.06,7.85,143,1 138,2.81%
11/08/2016,7.84,7.83,7.84,7.83,176,1 379,0.13%
10/08/2016,7.83,7.83,7.83,7.83,156,1 221,0.90%
09/08/2016,7.76,7.76,7.76,7.76,111,861,4.86%
05/08/2016,7.40,7.39,7.40,7.39,1 017,7 521,0.14%
04/08/2016,7.39,7.39,7.39,7.39,1 400,10 346,-4.65%
02/08/2016,7.75,7.75,7.75,7.75,22,171,1.44%
01/08/2016,7.64,7.64,7.64,7.64,111,848,2.96%
29/07/2016,7.42,7.41,7.42,7.41,241,1 787,0.13%
28/07/2016,7.41,7.41,7.41,7.41,33,245,1.09%
27/07/2016,7.33,7.33,7.33,7.33,10,73,2.95%
26/07/2016,7.12,7.12,7.12,7.12,24,171,-2.86%
22/07/2016,7.33,7.33,7.33,7.33,121,887,1.66%
21/07/2016,7.21,7.18,7.21,7.18,311,2 238,3.00%
20/07/2016,7.00,6.98,7.00,6.98,264,1 845,0.29%
19/07/2016,6.98,6.98,6.98,6.98,1,7,0.87%
18/07/2016,6.92,6.78,6.92,6.78,481,3 295,4.85%
15/07/2016,6.60,6.60,6.60,6.60,1 279,8 441,0.76%
14/07/2016,6.55,6.40,6.55,6.40,628,4 066,0.00%
04/07/2016,6.55,6.55,6.55,6.55,11,72,5.65%
30/06/2016,6.20,6.20,6.20,6.20,1 000,6 200,0.16%
29/06/2016,6.19,6.19,6.19,6.19,110,681,0.00%
27/06/2016,6.19,6.05,6.19,6.05,334,2 044,2.31%
24/06/2016,6.05,6.05,6.05,6.05,11,67,4.13%
16/06/2016,5.81,5.81,5.81,5.81,9,52,4.50%
14/06/2016,5.56,5.56,5.56,5.56,5,28,0.00%
10/06/2016,5.56,5.56,5.56,5.56,40,222,-4.47%
08/06/2016,5.82,6.00,6.00,5.82,305,1 803,-3.00%
07/06/2016,6.00,6.00,6.00,6.00,11,66,11.94%
02/06/2016,5.36,5.36,5.36,5.36,500,2 680,0.00%
01/06/2016,5.36,5.36,5.36,5.36,16,86,-2.90%
31/05/2016,5.52,5.52,5.52,5.52,47,259,-2.99%
30/05/2016,5.69,5.54,5.69,5.54,184,1 033,2.89%
26/05/2016,5.37,5.22,5.37,5.22,584,3 092,2.87%
25/05/2016,5.22,5.22,5.22,5.22,500,2 610,0.00%
23/05/2016,5.22,5.22,5.22,5.22,2,10,2.96%
19/05/2016,5.07,5.07,5.07,5.07,33,167,0.00%
18/05/2016,5.07,5.22,5.22,5.07,363,1 868,-2.87%
17/05/2016,5.22,5.22,5.22,5.22,1 200,6 264,0.00%
16/05/2016,5.22,5.22,5.22,5.22,645,3 367,-2.97%
12/05/2016,5.38,5.38,5.38,5.38,11,59,-8.81%
09/05/2016,5.90,5.90,5.90,5.90,2,12,0.85%
06/05/2016,5.85,5.85,5.85,5.85,33,193,0.00%
03/05/2016,5.85,5.85,5.85,5.85,687,4 019,0.52%
29/04/2016,5.82,5.82,5.82,5.82,22,128,5.82%
28/04/2016,5.50,5.50,5.50,5.50,300,1 650,0.18%
27/04/2016,5.49,5.35,5.49,5.35,55,298,8.71%
26/04/2016,5.05,5.05,5.05,5.05,29,146,0.00%
25/04/2016,5.05,5.05,5.05,5.05,794,4 010,0.00%
22/04/2016,5.05,5.05,5.05,5.04,1 992,10 050,0.00%
21/04/2016,5.05,5.05,5.05,5.05,35,177,4.34%
14/04/2016,4.84,4.84,4.84,4.84,800,3 872,0.21%
13/04/2016,4.83,4.83,4.83,4.83,90,435,-11.21%
04/04/2016,5.44,5.44,5.44,5.44,2,11,4.41%
31/03/2016,5.21,5.21,5.21,5.21,100,521,-2.98%
22/03/2016,5.37,5.37,5.37,5.37,11,59,2.87%
21/03/2016,5.22,5.22,5.22,5.22,10,52,4.40%
18/03/2016,5.00,5.00,5.00,5.00,200,1 000,0.00%
17/03/2016,5.00,5.00,5.00,5.00,76,380,0.00%
16/03/2016,5.00,5.00,5.00,5.00,1,5,-0.40%
15/03/2016,5.02,5.02,5.02,5.02,66,331,0.40%
14/03/2016,5.00,5.00,5.00,5.00,558,2 790,0.00%
11/03/2016,5.00,5.00,5.00,5.00,7,35,0.00%
10/03/2016,5.00,5.00,5.00,5.00,2,10,0.00%
09/03/2016,5.00,5.00,5.00,5.00,11,55,0.20%
08/03/2016,4.99,4.99,4.99,4.99,2,10,-0.20%
07/03/2016,5.00,5.00,5.00,5.00,4,20,0.00%
04/03/2016,5.00,5.00,5.00,5.00,1,5,7.30%
01/03/2016,4.66,4.66,4.66,4.66,509,2 372,-4.90%
25/02/2016,4.76,4.90,4.90,4.76,68,328,-2.86%
24/02/2016,4.90,4.90,4.90,4.90,1,5,2.08%
23/02/2016,4.80,4.80,4.80,4.80,1,5,-4.00%
22/02/2016,5.00,5.00,5.00,5.00,2,10,0.00%
19/02/2016,5.00,5.00,5.00,5.00,1,5,2.88%
18/02/2016,4.86,5.00,5.00,4.86,100,493,-2.80%
17/02/2016,5.00,5.00,5.00,5.00,2,10,0.00%
16/02/2016,5.00,5.00,5.00,5.00,2,10,0.00%
15/02/2016,5.00,5.00,5.00,5.00,3,15,0.00%
12/02/2016,5.00,5.15,5.15,5.00,72,365,-2.91%
11/02/2016,5.15,5.15,5.15,5.15,1,5,3.00%
10/02/2016,5.00,5.00,5.00,5.00,209,1 045,6.38%
09/02/2016,4.70,4.70,4.70,4.70,455,2 139,2.17%
08/02/2016,4.60,4.60,4.60,4.60,898,4 131,3.14%
04/02/2016,4.46,4.46,4.46,4.46,53,236,-4.29%
29/01/2016,4.66,4.66,4.66,4.66,1 200,5 592,0.00%
28/01/2016,4.66,4.66,4.66,4.66,100,466,-2.92%
27/01/2016,4.80,4.80,4.80,4.80,50,240,-1.03%
25/01/2016,4.85,4.85,4.85,4.85,125,606,-2.81%
22/01/2016,4.99,4.99,4.99,4.99,10,50,2.89%
21/01/2016,4.85,4.85,4.85,4.85,80,388,0.00%
20/01/2016,4.85,4.71,4.85,4.71,322,1 539,2.97%
19/01/2016,4.71,4.71,4.71,4.71,7,33,4.43%
18/01/2016,4.51,4.51,4.51,4.51,8,36,0.00%
15/01/2016,4.51,4.51,4.51,4.51,300,1 353,0.00%
13/01/2016,4.51,4.51,4.51,4.51,1 799,8 113,-7.20%
11/01/2016,4.86,4.86,4.86,4.86,420,2 041,-5.81%
08/01/2016,5.16,5.16,5.16,5.16,910,4 696,-2.82%
07/01/2016,5.31,5.31,5.31,5.31,37,196,-4.32%
06/01/2016,5.55,5.55,5.55,5.55,11,61,-0.89%
05/01/2016,5.60,5.60,5.60,5.60,95,532,-2.95%
31/12/2015,5.77,5.77,5.77,5.77,50,289,2.85%
29/12/2015,5.61,5.61,5.61,5.61,450,2 525,0.00%
25/12/2015,5.61,5.61,5.61,5.61,150,842,-0.18%
23/12/2015,5.62,5.62,5.62,5.62,20,112,-2.94%
22/12/2015,5.79,5.79,5.79,5.79,200,1 158,0.00%
18/12/2015,5.79,5.70,5.79,5.70,206,1 183,-2.85%
16/12/2015,5.96,5.96,5.96,5.96,33,197,2.94%
15/12/2015,5.79,5.79,5.79,5.79,1 000,5 790,4.32%
14/12/2015,5.55,5.39,5.55,5.39,185,1 012,5.92%
11/12/2015,5.24,5.24,5.24,5.24,50,262,-2.96%
09/12/2015,5.40,5.40,5.40,5.40,5,27,0.00%
08/12/2015,5.40,5.64,5.64,5.40,67,370,0.00%
07/12/2015,5.40,5.40,5.40,5.40,12,65,5.68%
26/11/2015,5.25,5.25,5.25,5.25,1,5,2.54%
25/11/2015,5.12,5.12,5.12,5.12,12,61,-2.48%
20/11/2015,5.25,5.25,5.25,5.25,316,1 659,-4.55%
10/11/2015,5.50,5.50,5.50,5.50,50,275,-1.79%
09/11/2015,5.60,5.60,5.60,5.60,100,560,0.54%
06/11/2015,5.57,5.74,5.74,5.57,60,339,-5.75%
05/11/2015,5.91,5.91,5.91,5.91,40,236,-1.50%
30/10/2015,6.00,6.00,6.00,6.00,10,60,3.09%
28/10/2015,5.82,5.82,5.82,5.82,23,134,0.00%
26/10/2015,5.82,5.82,5.82,5.82,10,58,-3.00%
23/10/2015,6.00,6.00,6.00,6.00,10,60,1.87%
21/10/2015,5.89,5.89,5.89,5.89,70,412,0.00%
20/10/2015,5.89,5.89,5.89,5.89,120,707,-1.83%
19/10/2015,6.00,6.00,6.00,6.00,87,522,0.00%
16/10/2015,6.00,6.00,6.00,6.00,10,60,0.00%
13/10/2015,6.00,6.00,6.00,6.00,300,1 800,0.00%
12/10/2015,6.00,6.00,6.00,6.00,2 561,15 366,-1.32%
07/10/2015,6.08,6.08,6.08,6.08,10,61,-2.41%
06/10/2015,6.23,6.23,6.23,6.23,225,1 402,0.00%
22/09/2015,6.23,6.23,6.23,6.23,1 200,7 476,-1.74%
14/09/2015,6.34,6.34,6.34,6.34,300,1 902,-0.94%
04/09/2015,6.40,6.40,6.40,6.40,372,2 381,-1.84%
03/09/2015,6.52,6.52,6.52,6.52,25,163,0.15%
02/09/2015,6.51,6.51,6.51,6.51,11,72,-2.98%
27/08/2015,6.71,6.71,6.71,6.71,25,168,-2.61%
19/08/2015,6.89,6.89,6.89,6.89,20,138,0.00%
18/08/2015,6.89,6.89,6.89,6.89,200,1 378,-0.14%
17/08/2015,6.90,6.90,6.90,6.90,200,1 380,-1.43%
14/08/2015,7.00,7.00,7.00,7.00,100,700,-0.14%
13/08/2015,7.01,7.01,7.01,7.01,200,1 402,0.00%
12/08/2015,7.01,7.01,7.01,7.01,200,1 402,-1.27%
11/08/2015,7.10,7.10,7.10,7.10,25,178,0.00%
03/08/2015,7.10,7.10,7.10,7.10,2 000,14 200,-2.87%
31/07/2015,7.31,7.31,7.31,7.31,2 000,14 620,-0.14%
23/07/2015,7.32,7.32,7.32,7.32,25,183,0.00%
22/07/2015,7.32,7.32,7.32,7.32,5,37,0.41%
15/07/2015,7.29,7.29,7.29,7.29,327,2 384,-2.93%
13/07/2015,7.51,7.51,7.51,7.51,106,796,0.00%
10/07/2015,7.51,7.51,7.51,7.51,78,586,-4.45%
08/07/2015,7.86,7.86,7.86,7.86,72,566,-4.38%
07/07/2015,8.22,8.22,8.22,8.22,12,99,-4.42%
17/06/2015,8.60,8.50,8.60,8.50,223,1 907,1.18%
11/06/2015,8.50,8.50,8.50,8.50,72,612,0.00%
10/06/2015,8.50,8.50,8.50,8.50,300,2 550,0.00%
09/06/2015,8.50,8.39,8.50,8.39,311,2 626,1.31%
05/06/2015,8.39,8.39,8.39,8.39,11,92,2.94%
04/06/2015,8.15,7.80,8.15,7.80,139,1 109,4.49%
02/06/2015,7.80,7.80,7.80,7.80,16,125,5.41%
28/05/2015,7.45,7.45,7.45,7.45,1 200,8 940,-0.67%
26/05/2015,7.50,7.50,7.50,7.50,6,45,-13.79%
07/05/2015,8.70,8.70,8.70,8.70,78,679,2.35%
06/05/2015,8.50,8.50,8.50,8.50,11,94,6.25%
05/05/2015,8.00,8.00,8.00,8.00,446,3 568,0.00%
04/05/2015,8.00,8.00,8.00,8.00,5,40,3.63%
30/04/2015,7.72,7.71,7.72,7.71,375,2 893,2.12%
29/04/2015,7.56,7.56,7.56,7.56,74,559,0.00%
24/04/2015,7.56,7.56,7.56,7.56,15,113,0.00%
23/04/2015,7.56,7.56,7.56,7.56,11,83,3.56%
22/04/2015,7.30,7.30,7.30,7.30,1 007,7 351,0.00%
21/04/2015,7.30,7.30,7.30,7.30,33,241,3.11%
17/04/2015,7.08,7.08,7.08,7.08,30,212,-0.14%
14/04/2015,7.09,7.30,7.30,7.09,180,1 295,-3.01%
13/04/2015,7.31,7.31,7.31,7.31,5,37,-5.31%
08/04/2015,7.72,7.72,7.72,7.72,3,23,2.93%
02/04/2015,7.50,7.50,7.50,7.50,200,1 500,0.00%
02/02/2015,8.30,8.32,8.32,8.30,10,83,-3.15%
30/01/2015,8.57,8.57,8.57,8.57,1 750,14 998,0.00%
29/01/2015,8.57,8.33,8.57,8.33,36,304,-0.12%
28/01/2015,8.58,8.22,8.58,8.22,674,5 662,2.63%
26/01/2015,8.36,8.36,8.36,8.36,10,84,-2.79%
23/01/2015,8.60,8.85,8.85,8.60,32,279,0.00%
16/01/2015,8.60,8.60,8.60,8.60,1 515,13 029,-2.82%
15/01/2015,8.85,8.85,8.85,8.85,11,97,4.49%
13/01/2015,8.47,8.47,8.47,8.47,110,932,0.00%
12/01/2015,8.47,8.47,8.47,8.47,330,2 795,0.24%
09/01/2015,8.45,8.45,8.45,8.45,149,1 259,0.00%
08/01/2015,8.45,8.45,8.45,8.45,116,980,-8.55%
06/01/2015,9.24,9.24,9.24,9.24,2,18,2.90%
05/01/2015,8.98,8.98,8.98,8.98,2,18,4.42%
31/12/2014,8.60,8.60,8.60,8.60,250,2 150,0.00%
30/12/2014,8.60,8.60,8.60,8.60,180,1 548,0.00%
29/12/2014,8.60,8.60,8.60,8.60,350,3 010,0.35%
25/12/2014,8.57,8.82,8.82,8.57,300,2 609,-5.41%
23/12/2014,9.06,8.87,9.06,8.87,300,2 690,0.00%
18/12/2014,9.06,9.06,9.06,9.06,607,5 499,0.00%
11/12/2014,9.06,9.06,9.06,9.06,1,9,2.14%
25/11/2014,9.06,9.06,9.06,9.06,42,381,-0.11%
24/11/2014,9.07,9.32,9.32,9.07,99,910,-5.52%
20/11/2014,9.60,9.60,9.60,9.60,3,29,-2.93%
19/11/2014,9.89,10.14,10.14,9.89,11,110,-2.94%
17/11/2014,10.19,10.19,10.19,10.19,880,8 967,0.00%
14/11/2014,10.19,10.50,10.50,10.19,99,1 024,-2.95%
13/11/2014,10.50,10.50,10.50,10.50,2,21,0.00%
12/11/2014,10.50,10.50,10.50,10.50,1,11,0.00%
11/11/2014,10.50,10.55,10.55,10.50,12,126,-0.76%
10/11/2014,10.58,10.59,10.59,10.58,9,95,0.76%
07/11/2014,10.50,10.50,10.50,10.50,200,2 100,0.29%
06/11/2014,10.47,10.47,10.47,10.47,200,2 094,0.67%
05/11/2014,10.40,10.47,10.47,10.40,304,3 172,-0.67%
04/11/2014,10.47,10.17,10.47,10.17,75,774,5.97%
03/11/2014,9.88,9.64,9.88,9.64,62,605,5.56%
31/10/2014,9.36,9.09,9.36,9.09,64,590,4.00%
30/10/2014,9.00,8.96,9.00,8.96,168,1 509,1.81%
29/10/2014,8.84,8.70,8.84,8.70,40,351,2.20%
28/10/2014,8.65,8.65,8.65,8.65,24,208,-2.15%
09/10/2014,8.84,8.84,8.84,8.84,324,2 864,2.91%
08/10/2014,8.59,8.34,8.59,8.34,22,186,6.05%
26/09/2014,8.10,8.10,8.10,8.10,107,867,0.00%
24/09/2014,8.10,8.10,8.10,8.10,200,1 620,0.00%
22/09/2014,8.10,8.10,8.10,8.10,15,122,1.12%
18/09/2014,8.01,8.20,8.20,8.01,20,162,-2.32%
17/09/2014,8.20,8.20,8.20,8.20,10,82,-3.64%
04/09/2014,8.51,8.51,8.51,8.51,500,4 255,0.00%
28/08/2014,8.51,8.51,8.51,8.51,6,51,-4.17%
22/08/2014,8.88,8.88,8.88,8.88,20,178,2.90%
21/08/2014,8.63,8.51,8.63,8.51,96,823,2.74%
19/08/2014,8.40,8.40,8.40,8.40,200,1 680,3.07%
01/08/2014,8.15,8.15,8.15,8.15,89,725,0.12%
17/07/2014,8.14,8.14,8.14,8.14,24,195,0.00%
15/07/2014,8.14,8.14,8.14,8.14,1,8,-2.98%
11/07/2014,8.39,8.39,8.39,8.39,149,1 250,-4.44%
03/07/2014,8.78,8.78,8.78,8.78,21,184,0.00%
30/06/2014,8.78,8.78,8.78,8.78,12,105,0.11%
24/06/2014,8.77,8.77,8.77,8.77,201,1 763,-2.99%
23/06/2014,9.04,9.04,9.04,9.04,120,1 085,-2.90%
13/06/2014,9.31,9.31,9.31,9.31,280,2 607,-0.11%
22/05/2014,9.60,9.60,9.60,9.60,6,58,-3.81%
09/05/2014,9.98,10.28,10.28,9.98,300,3 039,-3.20%
02/05/2014,10.31,10.31,10.31,10.31,62,639,0.00%
30/04/2014,10.31,10.31,10.31,10.31,15,155,-3.19%
24/04/2014,10.65,10.65,10.65,10.65,381,4 058,-2.92%
23/04/2014,10.97,10.97,10.97,10.97,741,8 129,0.00%
22/04/2014,10.97,10.97,10.97,10.97,900,9 873,-2.92%
21/04/2014,11.30,11.30,11.30,11.30,863,9 752,0.89%
18/04/2014,11.20,11.20,11.20,11.20,95,1 064,2.85%
17/04/2014,10.89,10.89,10.89,10.89,481,5 238,2.83%
15/04/2014,10.59,10.59,10.59,10.59,210,2 224,0.00%
14/04/2014,10.59,10.59,10.59,10.59,594,6 290,0.86%
11/04/2014,10.50,10.31,10.50,10.31,900,9 365,1.84%
10/04/2014,10.31,10.31,10.31,10.31,150,1 547,0.00%
08/04/2014,10.31,10.31,10.31,10.31,50,516,0.00%
07/04/2014,10.31,10.31,10.31,10.31,400,4 124,3.00%
04/04/2014,10.01,10.01,10.01,10.01,558,5 586,0.00%
03/04/2014,10.01,9.72,10.01,9.72,460,4 538,2.98%
02/04/2014,9.72,9.72,9.72,9.72,284,2 760,0.00%
01/04/2014,9.72,9.72,9.72,9.72,33,321,4.07%
31/03/2014,9.34,9.07,9.34,9.07,567,5 219,6.02%
28/03/2014,8.81,8.81,8.81,8.81,1 065,9 383,0.00%
27/03/2014,8.81,8.80,8.81,8.80,61,537,2.44%
26/03/2014,8.60,8.60,8.60,8.60,40,344,4.50%
25/03/2014,8.23,8.23,8.23,8.23,15,123,4.44%
11/03/2014,7.88,7.88,7.88,7.88,20,158,-4.48%
10/03/2014,8.25,8.25,8.25,8.25,5 216,43 032,7.14%
06/03/2014,7.70,7.70,7.70,7.70,130,1 001,-2.78%
05/03/2014,7.92,7.92,7.92,7.92,15,119,0.00%
27/02/2014,8.10,8.10,8.10,8.10,2 000,16 200,0.00%
25/02/2014,8.10,8.10,8.10,8.10,50,405,1.25%
20/02/2014,8.00,8.00,8.00,8.00,115,920,0.00%
19/02/2014,8.00,8.00,8.00,8.00,50,400,-1.11%
18/02/2014,8.09,8.09,8.09,8.09,101,817,-4.49%
14/02/2014,8.47,8.47,8.47,8.47,160,1 355,5.88%
13/02/2014,8.00,8.00,8.00,8.00,320,2 560,0.00%
12/02/2014,8.00,7.99,8.00,7.99,165,1 319,-2.20%
11/02/2014,8.18,8.18,8.18,8.18,10,82,2.89%
10/02/2014,7.95,7.95,7.95,7.95,5,40,-0.62%
06/02/2014,8.00,8.00,8.00,8.00,491,3 928,0.00%
04/02/2014,8.00,8.00,8.00,8.00,400,3 200,-3.61%
31/01/2014,8.30,8.30,8.30,8.30,20,166,0.00%
30/01/2014,8.30,8.06,8.30,8.06,184,1 505,2.47%
29/01/2014,8.10,8.42,8.42,8.10,8,66,0.50%
28/01/2014,8.06,8.06,8.06,8.06,70,564,-4.16%
17/01/2014,8.41,8.41,8.41,8.41,10,84,0.00%
15/01/2014,8.41,8.80,8.80,8.41,525,4 518,-7.28%
07/01/2014,9.07,9.07,9.07,9.07,100,907,0.00%
06/01/2014,9.07,9.07,9.07,9.07,1,9,4.49%
03/01/2014,8.68,8.33,8.68,8.33,121,1 029,4.20%
31/12/2013,8.33,8.71,8.71,8.33,673,5 734,-8.56%
27/12/2013,9.11,9.11,9.11,9.11,1,9,4.35%
26/12/2013,8.73,8.48,8.73,8.48,11,95,5.95%
24/12/2013,8.24,8.85,8.85,8.24,18,154,-2.94%
23/12/2013,8.49,8.49,8.49,8.49,20,170,-4.50%
17/12/2013,8.89,8.89,8.89,8.89,60,533,0.00%
16/12/2013,8.89,8.89,8.89,8.89,10,89,-4.41%
12/12/2013,9.30,9.30,9.30,9.30,1,9,-2.82%
11/12/2013,9.57,9.57,9.57,9.57,1,10,2.90%
09/12/2013,9.30,9.30,9.30,9.30,100,930,-2.41%
06/12/2013,9.53,9.26,9.53,9.26,56,526,-4.51%
04/12/2013,9.98,9.98,9.98,9.98,1,10,-0.20%
03/12/2013,10.00,10.00,10.00,10.00,200,2 000,0.70%
02/12/2013,9.93,9.93,9.93,9.93,1,10,4.20%
