15/02/2023,0.40,0.40,0.41,0.40,18 140,7 347,-2.44%
14/02/2023,0.41,0.41,0.41,0.41,798,327,0.00%
13/02/2023,0.41,0.41,0.41,0.41,1 646,675,0.00%
10/02/2023,0.41,0.41,0.41,0.40,42 193,17 088,2.50%
09/02/2023,0.40,0.40,0.41,0.40,55 365,22 423,2.56%
06/02/2023,0.39,0.39,0.39,0.38,8 183,3 150,5.41%
02/02/2023,0.37,0.37,0.37,0.36,19 620,7 161,2.78%
01/02/2023,0.36,0.36,0.37,0.36,66 343,24 215,-2.70%
31/01/2023,0.37,0.37,0.37,0.36,10 472,3 822,2.78%
30/01/2023,0.36,0.36,0.37,0.36,21 000,7 665,-2.70%
27/01/2023,0.37,0.37,0.38,0.37,12 541,4 703,-2.63%
26/01/2023,0.38,0.38,0.38,0.38,3 559,1 352,2.70%
24/01/2023,0.37,0.37,0.38,0.37,778,292,-5.13%
18/01/2023,0.39,0.39,0.39,0.39,2 025,790,0.00%
16/01/2023,0.39,0.39,0.39,0.39,1 000,390,0.00%
13/01/2023,0.39,0.39,0.39,0.38,27 954,10 762,2.63%
12/01/2023,0.38,0.38,0.39,0.38,1 233,475,-2.56%
11/01/2023,0.39,0.39,0.39,0.38,1 834,706,2.63%
10/01/2023,0.38,0.38,0.39,0.38,200,77,-2.56%
09/01/2023,0.39,0.39,0.39,0.39,7 470,2 913,0.00%
06/01/2023,0.39,0.39,0.39,0.39,5 845,2 280,2.63%
04/01/2023,0.38,0.38,0.39,0.38,3 646,1 404,-2.56%
03/01/2023,0.39,0.39,0.39,0.39,4 618,1 801,0.00%
02/01/2023,0.39,0.39,0.39,0.39,1 309,511,0.00%
30/12/2022,0.39,0.39,0.39,0.39,92,36,0.00%
29/12/2022,0.39,0.39,0.39,0.39,8 177,3 189,0.00%
28/12/2022,0.39,0.39,0.40,0.39,14 316,5 655,-4.88%
23/12/2022,0.41,0.41,0.41,0.41,1 591,652,2.50%
21/12/2022,0.40,0.40,0.41,0.40,11 491,4 654,-2.44%
20/12/2022,0.41,0.41,0.42,0.41,2 302,955,-2.38%
19/12/2022,0.42,0.42,0.43,0.42,2 857,1 214,-2.33%
16/12/2022,0.43,0.43,0.44,0.43,2 820,1 227,-2.27%
15/12/2022,0.44,0.44,0.45,0.44,1 435,639,-6.38%
13/12/2022,0.47,0.47,0.47,0.45,11 408,5 248,11.90%
05/12/2022,0.42,0.42,0.42,0.41,5 855,2 430,2.44%
02/12/2022,0.41,0.41,0.42,0.41,730,303,0.00%
30/11/2022,0.41,0.41,0.41,0.41,2,1,0.00%
29/11/2022,0.41,0.41,0.42,0.41,10,4,-2.38%
23/11/2022,0.42,0.42,0.42,0.42,10,4,0.00%
22/11/2022,0.42,0.42,0.42,0.41,10,4,2.44%
21/11/2022,0.41,0.41,0.42,0.41,2 510,1 042,-2.38%
17/11/2022,0.41,0.41,0.41,0.40,9 400,3 807,2.50%
16/11/2022,0.40,0.40,0.40,0.40,11 548,4 619,0.00%
15/11/2022,0.40,0.40,0.41,0.40,5 645,2 286,-2.44%
14/11/2022,0.41,0.41,0.41,0.40,13 995,5 668,2.50%
11/11/2022,0.40,0.40,0.40,0.40,7 214,2 886,0.00%
10/11/2022,0.40,0.40,0.41,0.40,18 327,7 422,-2.44%
09/11/2022,0.41,0.41,0.42,0.41,7 948,3 298,-2.38%
08/11/2022,0.42,0.42,0.42,0.42,848,356,0.00%
07/11/2022,0.42,0.42,0.43,0.42,20 974,8 914,-8.70%
01/11/2022,0.46,0.46,0.46,0.45,350,159,2.22%
31/10/2022,0.45,0.45,0.45,0.45,2 401,1 080,0.00%
27/10/2022,0.45,0.45,0.45,0.45,20,9,0.00%
26/10/2022,0.45,0.45,0.45,0.45,4 480,2 016,0.00%
25/10/2022,0.45,0.45,0.45,0.44,10 570,4 704,2.27%
24/10/2022,0.44,0.44,0.44,0.44,7 100,3 124,0.00%
21/10/2022,0.44,0.44,0.44,0.43,985,428,2.33%
20/10/2022,0.43,0.43,0.43,0.43,5 999,2 580,0.00%
19/10/2022,0.43,0.43,0.43,0.43,5 325,2 290,2.38%
17/10/2022,0.42,0.42,0.42,0.42,120,50,0.00%
14/10/2022,0.42,0.42,0.43,0.42,1 406,598,-2.33%
12/10/2022,0.43,0.43,0.43,0.43,1 800,774,0.00%
11/10/2022,0.43,0.43,0.43,0.43,50,22,0.00%
10/10/2022,0.43,0.43,0.43,0.43,1 005,432,0.00%
07/10/2022,0.43,0.43,0.43,0.42,247,105,2.38%
06/10/2022,0.42,0.42,0.42,0.42,3 010,1 264,0.00%
05/10/2022,0.42,0.42,0.42,0.41,3 500,1 453,2.44%
04/10/2022,0.41,0.41,0.42,0.41,12 610,5 233,0.00%
30/09/2022,0.41,0.41,0.41,0.41,25 353,10 395,0.00%
29/09/2022,0.41,0.41,0.42,0.41,26 517,11 005,-4.65%
27/09/2022,0.43,0.43,0.43,0.43,4 527,1 947,0.00%
26/09/2022,0.43,0.43,0.44,0.43,13 054,5 678,-2.27%
23/09/2022,0.44,0.44,0.44,0.44,987,434,0.00%
22/09/2022,0.44,0.44,0.45,0.44,6 156,2 739,-6.38%
20/09/2022,0.47,0.47,0.47,0.45,4 955,2 279,4.44%
19/09/2022,0.45,0.45,0.45,0.44,14 095,6 272,2.27%
16/09/2022,0.44,0.44,0.44,0.43,9 510,4 137,2.33%
15/09/2022,0.43,0.43,0.43,0.43,47 257,20 321,-2.27%
13/09/2022,0.44,0.44,0.46,0.44,11 160,5 022,-4.35%
12/09/2022,0.46,0.46,0.48,0.46,43 924,20 644,-4.17%
09/09/2022,0.48,0.48,0.48,0.47,3 530,1 677,2.13%
08/09/2022,0.47,0.47,0.48,0.47,30 200,14 345,-2.08%
07/09/2022,0.48,0.48,0.48,0.47,8 365,3 973,2.13%
06/09/2022,0.47,0.47,0.49,0.47,74 344,35 685,-4.08%
05/09/2022,0.49,0.49,0.49,0.49,6 552,3 210,0.00%
02/09/2022,0.49,0.49,0.49,0.49,8 766,4 295,0.00%
01/09/2022,0.49,0.49,0.49,0.49,18 220,8 928,0.00%
31/08/2022,0.49,0.49,0.51,0.49,23 526,11 763,-7.55%
29/08/2022,0.53,0.53,0.53,0.51,990,515,3.92%
26/08/2022,0.51,0.51,0.51,0.51,22 025,11 233,0.00%
25/08/2022,0.51,0.51,0.51,0.51,3 765,1 920,0.00%
24/08/2022,0.51,0.51,0.52,0.51,25 451,13 107,-1.92%
23/08/2022,0.52,0.52,0.52,0.52,910,473,0.00%
22/08/2022,0.52,0.52,0.52,0.51,3 010,1 550,1.96%
18/08/2022,0.53,0.53,0.53,0.52,14 406,7 563,1.92%
17/08/2022,0.52,0.52,0.52,0.52,14 950,7 774,0.00%
16/08/2022,0.52,0.52,0.54,0.52,10 379,5 501,-3.70%
15/08/2022,0.54,0.54,0.54,0.54,1 000,540,0.00%
12/08/2022,0.54,0.54,0.54,0.53,1 480,792,1.89%
11/08/2022,0.53,0.53,0.53,0.53,730,387,0.00%
10/08/2022,0.53,0.53,0.55,0.53,1 452,784,-7.02%
08/08/2022,0.57,0.57,0.57,0.55,20,11,3.64%
05/08/2022,0.55,0.55,0.57,0.55,833,466,-3.51%
03/08/2022,0.57,0.57,0.57,0.56,1 300,734,1.79%
02/08/2022,0.56,0.56,0.56,0.55,1 432,795,1.82%
01/08/2022,0.55,0.55,0.55,0.53,6 785,3 664,3.77%
29/07/2022,0.53,0.53,0.53,0.53,10 473,5 551,0.00%
28/07/2022,0.53,0.53,0.53,0.51,9,5,3.92%
27/07/2022,0.51,0.51,0.51,0.51,4 619,2 356,0.00%
26/07/2022,0.51,0.51,0.53,0.51,6 282,3 267,-3.77%
22/07/2022,0.53,0.53,0.53,0.51,7 974,4 146,3.92%
21/07/2022,0.51,0.51,0.53,0.51,28 809,14 981,-3.77%
20/07/2022,0.53,0.53,0.53,0.53,1 656,878,0.00%
19/07/2022,0.53,0.53,0.53,0.52,8 071,4 237,1.92%
18/07/2022,0.52,0.52,0.54,0.52,18 974,10 056,-3.70%
15/07/2022,0.54,0.54,0.55,0.54,10 222,5 571,-1.82%
14/07/2022,0.55,0.55,0.55,0.55,1 000,550,0.00%
13/07/2022,0.55,0.55,0.55,0.55,23 790,13 085,0.00%
12/07/2022,0.55,0.55,0.56,0.55,12 130,6 732,-1.79%
11/07/2022,0.56,0.56,0.56,0.56,11 351,6 357,-3.45%
07/07/2022,0.58,0.58,0.58,0.58,38 725,22 461,-3.33%
05/07/2022,0.60,0.60,0.60,0.60,9 600,5 760,0.00%
04/07/2022,0.60,0.60,0.60,0.59,19 922,11 854,1.69%
01/07/2022,0.59,0.59,0.59,0.58,21 715,12 703,1.72%
30/06/2022,0.58,0.58,0.58,0.56,25 210,14 370,3.57%
29/06/2022,0.56,0.56,0.56,0.54,7 820,4 301,3.70%
28/06/2022,0.54,0.54,0.54,0.54,3 000,1 620,0.00%
27/06/2022,0.54,0.54,0.55,0.54,45 324,24 702,-8.47%
22/06/2022,0.59,0.59,0.59,0.58,35 109,20 539,1.72%
21/06/2022,0.58,0.58,0.58,0.56,20 525,11 699,7.41%
17/06/2022,0.54,0.54,0.54,0.52,8 240,4 367,3.85%
16/06/2022,0.52,0.52,0.54,0.52,57 240,30 337,-3.70%
15/06/2022,0.54,0.54,0.54,0.52,103 645,54 932,3.85%
14/06/2022,0.52,0.52,0.52,0.50,86 299,44 012,-10.34%
07/06/2022,0.58,0.58,0.60,0.58,37 558,22 159,-9.38%
02/06/2022,0.64,0.64,0.65,0.64,48 933,31 562,-1.54%
12/05/2022,0.41,0.41,0.41,0.40,95 621,38 727,5.13%
06/05/2022,0.39,0.39,0.39,0.38,15 669,6 033,2.63%
05/05/2022,0.38,0.38,0.39,0.38,91 777,35 334,-2.56%
04/05/2022,0.39,0.39,0.39,0.39,7 038,2 745,-2.50%
28/04/2022,0.40,0.40,0.40,0.40,11 821,4 728,-4.76%
25/04/2022,0.42,0.42,0.42,0.42,6 400,2 688,0.00%
22/04/2022,0.42,0.42,0.42,0.41,29 494,12 240,0.00%
20/04/2022,0.42,0.42,0.43,0.42,39 170,16 647,-2.33%
19/04/2022,0.43,0.43,0.43,0.43,1 004,432,0.00%
18/04/2022,0.43,0.43,0.44,0.43,7 439,3 236,-2.27%
15/04/2022,0.44,0.44,0.45,0.44,6 164,2 743,4.76%
11/04/2022,0.42,0.42,0.43,0.42,18 360,7 803,-8.70%
06/04/2022,0.46,0.46,0.46,0.45,10,5,2.22%
05/04/2022,0.45,0.45,0.47,0.45,4 085,1 879,-8.16%
01/04/2022,0.49,0.49,0.49,0.47,9 764,4 687,8.89%
30/03/2022,0.45,0.45,0.45,0.44,12 071,5 372,2.27%
29/03/2022,0.44,0.44,0.46,0.44,7 138,3 212,-4.35%
28/03/2022,0.46,0.46,0.47,0.46,3 677,1 710,-2.13%
25/03/2022,0.47,0.47,0.49,0.47,31 667,15 200,-7.84%
23/03/2022,0.51,0.51,0.51,0.51,32 051,16 346,-3.77%
21/03/2022,0.53,0.53,0.54,0.53,12 095,6 471,-1.85%
18/03/2022,0.54,0.54,0.54,0.54,41 842,22 595,0.00%
17/03/2022,0.54,0.54,0.54,0.52,21 371,11 327,3.85%
16/03/2022,0.52,0.52,0.52,0.51,20 123,10 363,1.96%
15/03/2022,0.51,0.51,0.51,0.50,30 245,15 274,2.00%
14/03/2022,0.50,0.50,0.50,0.48,33 780,16 552,4.17%
11/03/2022,0.48,0.48,0.48,0.47,26 174,12 433,2.13%
10/03/2022,0.47,0.47,0.47,0.45,14 930,6 868,4.44%
09/03/2022,0.45,0.45,0.45,0.44,22 512,10 018,4.65%
07/03/2022,0.43,0.43,0.43,0.42,17 204,7 312,2.38%
04/03/2022,0.42,0.42,0.42,0.42,11 780,4 948,0.00%
03/03/2022,0.42,0.42,0.42,0.41,8 610,3 573,5.00%
01/03/2022,0.40,0.40,0.41,0.40,36 388,14 737,-2.44%
28/02/2022,0.41,0.41,0.42,0.41,1 261,523,-2.38%
25/02/2022,0.42,0.42,0.42,0.41,25 110,10 421,2.44%
24/02/2022,0.41,0.41,0.41,0.41,9 416,3 861,0.00%
23/02/2022,0.41,0.41,0.41,0.41,16 198,6 641,0.00%
22/02/2022,0.41,0.41,0.41,0.40,3 690,1 494,2.50%
21/02/2022,0.40,0.40,0.40,0.39,15 053,5 946,2.56%
16/02/2022,0.41,0.41,0.41,0.41,10 999,4 510,0.00%
15/02/2022,0.41,0.41,0.41,0.41,13 503,5 536,0.00%
14/02/2022,0.41,0.41,0.41,0.40,5 198,2 105,5.13%
10/02/2022,0.39,0.39,0.39,0.38,16 360,6 299,2.63%
09/02/2022,0.38,0.38,0.39,0.38,15 233,5 865,-7.32%
04/02/2022,0.41,0.41,0.42,0.41,8 463,3 512,-4.65%
02/02/2022,0.43,0.43,0.43,0.42,6 177,2 625,7.50%
28/01/2022,0.40,0.40,0.41,0.40,6 897,2 793,-2.44%
27/01/2022,0.41,0.41,0.41,0.41,6 391,2 620,0.00%
26/01/2022,0.41,0.41,0.41,0.41,7 270,2 981,-12.77%
19/01/2022,0.47,0.47,0.47,0.46,19 008,8 839,2.17%
18/01/2022,0.46,0.46,0.46,0.45,10 453,4 756,2.22%
17/01/2022,0.45,0.45,0.45,0.45,15 260,6 867,0.00%
14/01/2022,0.45,0.45,0.45,0.44,22 156,9 859,9.76%
10/01/2022,0.41,0.41,0.41,0.40,15 803,6 400,5.13%
06/01/2022,0.39,0.39,0.39,0.38,21 700,8 355,2.63%
05/01/2022,0.38,0.38,0.38,0.38,13 780,5 236,0.00%
04/01/2022,0.38,0.38,0.38,0.37,7 485,2 807,2.70%
03/01/2022,0.37,0.37,0.38,0.37,36 000,13 500,-2.63%
31/12/2021,0.38,0.38,0.38,0.38,90 479,34 382,8.57%
27/12/2021,0.35,0.35,0.35,0.34,27 865,9 613,6.06%
23/12/2021,0.33,0.33,0.34,0.33,26 000,8 710,-2.94%
22/12/2021,0.34,0.34,0.34,0.34,27 965,9 508,-5.56%
16/12/2021,0.36,0.36,0.37,0.36,5 540,2 022,-2.70%
15/12/2021,0.37,0.37,0.38,0.37,1 744,654,-5.13%
13/12/2021,0.39,0.39,0.39,0.39,5 492,2 142,0.00%
10/12/2021,0.39,0.39,0.39,0.39,20 838,8 127,-9.30%
03/12/2021,0.43,0.43,0.43,0.43,17 802,7 655,-4.44%
01/12/2021,0.45,0.45,0.47,0.45,6 210,2 857,-4.26%
30/11/2021,0.47,0.47,0.47,0.47,14 020,6 589,4.44%
26/11/2021,0.45,0.45,0.45,0.44,14 405,6 410,2.27%
25/11/2021,0.44,0.44,0.44,0.44,18 985,8 353,0.00%
24/11/2021,0.44,0.44,0.44,0.43,18 215,7 924,0.00%
10/11/2021,0.60,0.60,0.62,0.60,54 306,33 127,-3.23%
09/11/2021,0.62,0.62,0.62,0.60,113 384,69 164,24.00%
01/11/2021,0.50,0.50,0.51,0.50,89 790,45 344,19.05%
21/10/2021,0.42,0.42,0.42,0.41,88 003,36 521,10.53%
13/10/2021,0.38,0.38,0.38,0.37,84 018,31 507,18.75%
05/10/2021,0.32,0.32,0.32,0.32,107 009,34 243,0.00%
04/10/2021,0.32,0.32,0.33,0.32,50 600,16 445,-3.03%
01/10/2021,0.33,0.33,0.34,0.33,115 104,38 560,-2.94%
30/09/2021,0.34,0.34,0.34,0.34,-,0,-2.86%
29/09/2021,0.35,0.35,0.35,0.35,-,0,-5.41%
28/09/2021,0.37,0.37,0.37,0.37,-,0,-2.63%
27/09/2021,0.38,0.38,0.38,0.38,-,0,0.00%
24/09/2021,0.38,0.38,0.38,0.38,24 553,9 330,-2.56%
23/09/2021,0.39,0.39,0.39,0.39,-,0,-2.50%
22/09/2021,0.40,0.40,0.40,0.40,29 738,11 895,-2.44%
21/09/2021,0.41,0.41,0.41,0.41,17 821,7 307,-2.38%
20/09/2021,0.42,0.42,0.42,0.42,48 308,20 289,-6.67%
15/09/2021,0.45,0.45,0.45,0.45,22 384,10 073,-4.26%
14/09/2021,0.47,0.47,0.47,0.47,354,166,0.00%
13/09/2021,0.47,0.47,0.47,0.47,7 890,3 708,-2.08%
10/09/2021,0.48,0.48,0.48,0.48,23 293,11 181,-2.04%
09/09/2021,0.49,0.49,0.49,0.49,31 150,15 264,-3.92%
08/09/2021,0.51,0.51,0.51,0.51,1 847,942,0.00%
07/09/2021,0.51,0.51,0.51,0.51,19 384,9 886,0.00%
06/09/2021,0.51,0.51,0.51,0.51,3 690,1 882,4.08%
03/09/2021,0.49,0.49,0.49,0.49,1 700,833,-2.00%
02/09/2021,0.50,0.50,0.50,0.50,14 835,7 418,2.04%
01/09/2021,0.49,0.49,0.49,0.49,12 619,6 183,2.08%
19/08/2021,0.50,0.50,0.50,0.50,11 020,5 510,2.04%
18/08/2021,0.49,0.49,0.49,0.49,54 231,26 573,-7.55%
11/08/2021,0.53,0.53,0.53,0.53,190,101,0.00%
09/08/2021,0.53,0.53,0.53,0.53,6 784,3 596,1.92%
06/08/2021,0.52,0.52,0.52,0.52,1 132,589,0.00%
05/08/2021,0.52,0.52,0.52,0.52,24 403,12 690,-1.89%
03/08/2021,0.53,0.53,0.53,0.53,4 858,2 575,0.00%
02/08/2021,0.53,0.53,0.53,0.53,1 853,982,-5.36%
28/07/2021,0.56,0.56,0.56,0.56,2 150,1 204,-1.75%
27/07/2021,0.57,0.57,0.57,0.57,4 150,2 366,0.00%
26/07/2021,0.57,0.57,0.57,0.57,15 996,9 118,0.00%
23/07/2021,0.57,0.57,0.57,0.57,29 808,16 991,1.79%
22/07/2021,0.56,0.56,0.56,0.56,7 127,3 991,1.82%
19/07/2021,0.55,0.55,0.55,0.55,5 405,2 973,10.00%
12/07/2021,0.50,0.50,0.50,0.50,7 150,3 575,2.04%
09/07/2021,0.49,0.49,0.49,0.49,26 246,12 861,-7.55%
05/07/2021,0.53,0.53,0.53,0.53,4 458,2 363,-1.85%
02/07/2021,0.54,0.54,0.54,0.54,7 493,4 046,-1.82%
30/06/2021,0.55,0.58,0.59,0.55,29 708,16 934,-5.17%
29/06/2021,0.58,0.62,0.62,0.58,68 190,40 914,-4.92%
28/06/2021,0.61,0.62,0.63,0.60,105 235,64 720,0.00%
25/06/2021,0.61,0.60,0.61,0.60,135 319,81 868,5.17%
24/06/2021,0.58,0.55,0.58,0.55,69 951,39 522,5.45%
23/06/2021,0.55,0.54,0.55,0.53,55 856,30 162,1.85%
22/06/2021,0.54,0.55,0.56,0.54,183 239,100 781,-3.57%
21/06/2021,0.56,0.57,0.58,0.56,35 177,20 051,-1.75%
18/06/2021,0.57,0.58,0.60,0.57,64 555,37 765,-3.39%
17/06/2021,0.59,0.61,0.62,0.59,75 250,45 526,-4.84%
16/06/2021,0.62,0.63,0.63,0.62,7 990,4 994,-1.59%
15/06/2021,0.63,0.65,0.66,0.62,65 735,42 070,-3.08%
14/06/2021,0.65,0.67,0.67,0.64,34 963,22 901,-2.99%
11/06/2021,0.67,0.69,0.69,0.67,60 208,40 941,-1.47%
10/06/2021,0.68,0.70,0.70,0.68,13 950,9 626,0.00%
09/06/2021,0.68,0.68,0.70,0.68,5 438,3 752,1.49%
08/06/2021,0.67,0.69,0.70,0.67,127 085,87 053,-4.29%
07/06/2021,0.70,0.72,0.72,0.70,45 246,32 125,-1.41%
04/06/2021,0.71,0.71,0.73,0.70,23 451,16 767,-2.74%
03/06/2021,0.73,0.71,0.73,0.71,52 246,37 617,4.29%
02/06/2021,0.70,0.70,0.72,0.70,55 590,39 469,-2.78%
01/06/2021,0.72,0.72,0.73,0.70,288 356,206 175,-1.37%
31/05/2021,0.73,0.76,0.76,0.73,33 326,24 828,-3.95%
28/05/2021,0.76,0.78,0.80,0.76,44 348,34 591,-2.56%
27/05/2021,0.78,0.79,0.79,0.77,38 135,29 745,-1.27%
26/05/2021,0.79,0.78,0.80,0.76,68 258,53 241,-1.25%
25/05/2021,0.80,0.81,0.83,0.79,36 713,29 738,-1.23%
24/05/2021,0.81,0.83,0.84,0.81,77 206,63 695,-3.57%
20/05/2021,0.86,0.85,0.87,0.84,23 973,20 497,1.18%
19/05/2021,0.85,0.85,0.87,0.84,45 448,38 858,2.41%
18/05/2021,0.83,0.83,0.85,0.82,91 145,76 106,0.00%
17/05/2021,0.83,0.82,0.84,0.80,157 126,128 843,-1.19%
11/05/2021,0.84,0.82,0.84,0.80,191 364,156 918,5.00%
10/05/2021,0.80,0.80,0.84,0.80,179 431,147 133,0.00%
07/05/2021,0.80,0.79,0.82,0.74,101 824,79 423,2.56%
06/05/2021,0.78,0.83,0.83,0.78,90 724,73 033,-4.88%
05/05/2021,0.82,0.84,0.84,0.81,48 846,40 298,1.23%
04/05/2021,0.81,0.77,0.81,0.77,20 233,15 984,5.19%
03/05/2021,0.77,0.76,0.77,0.74,75 887,57 295,4.05%
30/04/2021,0.74,0.72,0.74,0.72,45 747,33 395,5.71%
29/04/2021,0.70,0.66,0.70,0.65,44 502,30 039,4.48%
28/04/2021,0.67,0.67,0.67,0.65,3 205,2 115,0.00%
27/04/2021,0.67,0.68,0.68,0.66,10 704,7 172,0.00%
26/04/2021,0.67,0.68,0.70,0.66,32 564,22 144,-4.29%
23/04/2021,0.70,0.70,0.70,0.68,12 004,8 283,0.00%
22/04/2021,0.70,0.66,0.70,0.66,18 626,12 666,2.94%
21/04/2021,0.68,0.70,0.72,0.68,45 353,31 747,-2.86%
20/04/2021,0.70,0.71,0.73,0.69,51 796,36 775,-1.41%
19/04/2021,0.71,0.73,0.73,0.70,65 541,46 862,-4.05%
16/04/2021,0.74,0.76,0.78,0.74,89 800,68 248,-7.50%
15/04/2021,0.80,0.80,0.80,0.80,14 887,11 910,-3.61%
14/04/2021,0.83,0.88,0.89,0.83,164 023,141 060,0.00%
12/04/2021,0.83,0.83,0.83,0.80,105 324,85 839,13.70%
06/04/2021,0.73,0.73,0.73,0.70,58 217,41 625,4.29%
05/04/2021,0.70,0.70,0.70,0.64,510 463,342 010,-1.41%
30/03/2021,0.71,0.73,0.73,0.71,912,657,-5.33%
29/03/2021,0.75,0.78,0.78,0.75,13 682,10 467,-11.76%
22/03/2021,0.85,0.88,0.88,0.85,40 331,34 886,-5.56%
19/03/2021,0.90,0.92,0.96,0.90,63 774,59 310,-4.26%
18/03/2021,0.94,0.98,0.99,0.94,136 960,132 166,-6.00%
17/03/2021,1.00,1.03,1.04,1.00,29 081,29 663,-3.85%
16/03/2021,1.04,1.08,1.09,1.04,94 587,100 735,-4.59%
15/03/2021,1.09,1.12,1.13,1.09,30 862,34 257,-0.91%
12/03/2021,1.10,1.07,1.10,1.05,36 137,38 847,0.00%
11/03/2021,1.10,1.12,1.12,1.07,26 750,29 291,0.92%
10/03/2021,1.09,1.06,1.13,1.06,127 292,139 385,-0.91%
09/03/2021,1.10,1.12,1.16,1.10,87 540,98 920,-9.09%
08/03/2021,1.21,1.24,1.24,1.21,68 328,83 702,-2.42%
05/03/2021,1.24,1.21,1.24,1.18,263 749,319 136,5.08%
04/03/2021,1.18,1.17,1.18,1.13,240 176,277 403,5.36%
03/03/2021,1.12,1.10,1.12,1.10,119 281,132 402,5.66%
02/03/2021,1.06,1.00,1.06,0.94,317 276,317 276,3.92%
01/03/2021,1.02,1.02,1.06,1.02,78 592,81 736,-11.30%
18/02/2021,1.32,1.33,1.33,1.30,25 206,33 146,-1.49%
17/02/2021,1.34,1.35,1.38,1.31,42 015,56 510,-2.90%
16/02/2021,1.38,1.39,1.39,1.35,69 567,95 307,2.22%
15/02/2021,1.35,1.39,1.40,1.35,86 855,119 426,-7.53%
12/02/2021,1.46,1.46,1.51,1.46,36 054,53 540,-5.19%
11/02/2021,1.54,1.54,1.54,1.54,88 133,135 725,-4.35%
10/02/2021,1.61,1.65,1.67,1.61,106 734,175 044,-0.62%
09/02/2021,1.62,1.59,1.62,1.57,647 082,1 032 096,10.20%
05/02/2021,1.47,1.33,1.47,1.33,234 038,327 653,5.76%
04/02/2021,1.39,1.43,1.43,1.39,2 704,3 813,-2.80%
03/02/2021,1.43,1.43,1.43,1.43,209 889,300 141,-29.56%
21/01/2021,2.03,2.09,2.09,2.03,33 896,69 826,-5.58%
20/01/2021,2.15,2.28,2.28,2.15,164 152,363 597,-5.29%
19/01/2021,2.27,2.15,2.33,2.15,158 066,354 068,3.18%
18/01/2021,2.20,2.24,2.24,2.20,214 407,475 984,-5.98%
15/01/2021,2.34,2.35,2.40,2.34,57 738,136 839,-4.49%
13/01/2021,2.45,2.53,2.55,2.45,243 223,608 058,-5.77%
12/01/2021,2.60,2.61,2.65,2.60,497 176,1 305 087,4.00%
11/01/2021,2.50,2.38,2.50,2.38,120 397,293 769,5.93%
08/01/2021,2.36,2.50,2.50,2.36,163 944,398 384,-5.98%
07/01/2021,2.51,2.47,2.61,2.45,158 287,400 466,0.00%
06/01/2021,2.51,2.45,2.65,2.45,238 571,608 356,-1.95%
05/01/2021,2.56,2.68,2.68,2.56,239 931,628 619,-7.58%
04/01/2021,2.77,2.80,2.84,2.72,127 024,353 127,0.00%
31/12/2020,2.77,2.80,2.88,2.72,180 647,505 812,-3.15%
30/12/2020,2.86,2.94,3.00,2.86,492 628,1 443 400,-2.39%
29/12/2020,2.93,2.85,2.93,2.77,510 939,1 456 176,0.00%
28/12/2020,2.93,3.11,3.11,2.93,354 697,1 071 185,-5.79%
25/12/2020,3.11,3.20,3.24,3.11,302 449,960 276,-2.81%
24/12/2020,3.20,3.21,3.28,3.20,213 014,690 165,0.00%
23/12/2020,3.20,3.08,3.20,3.02,353 777,1 100 246,3.23%
22/12/2020,3.10,3.10,3.18,3.01,163 169,505 008,2.99%
21/12/2020,3.01,2.80,3.01,2.74,216 688,622 978,5.99%
18/12/2020,2.84,2.85,2.90,2.80,309 883,883 167,3.65%
17/12/2020,2.74,2.66,2.74,2.66,209 423,565 442,5.79%
16/12/2020,2.59,2.40,2.59,2.40,242 801,605 788,5.71%
15/12/2020,2.45,2.38,2.45,2.36,76 299,183 499,2.94%
14/12/2020,2.38,2.41,2.45,2.37,229 570,553 264,-0.42%
11/12/2020,2.39,2.29,2.39,2.23,258 284,596 636,4.37%
10/12/2020,2.29,2.24,2.31,2.23,750 411,1 703 433,0.88%
09/12/2020,2.27,2.28,2.34,2.22,748 727,1 707 098,1.79%
08/12/2020,2.23,2.11,2.23,2.11,358 592,778 145,5.69%
07/12/2020,2.11,2.07,2.11,2.01,704 310,1 450 879,15.30%
01/12/2020,1.83,1.78,1.83,1.73,61 158,108 861,2.81%
30/11/2020,1.78,1.83,1.83,1.78,22 250,40 161,-1.11%
27/11/2020,1.80,1.80,1.85,1.78,113 725,206 411,0.00%
26/11/2020,1.80,1.78,1.83,1.75,116 218,208 030,-1.64%
25/11/2020,1.83,1.85,1.88,1.80,73 712,135 630,1.10%
24/11/2020,1.81,1.78,1.81,1.70,272 048,477 444,4.62%
18/11/2020,1.49,1.49,1.49,1.49,253 383,377 541,12.88%
13/11/2020,1.32,1.25,1.32,1.25,55 326,71 094,5.60%
12/11/2020,1.25,1.20,1.25,1.17,135 983,164 539,4.17%
11/11/2020,1.20,1.23,1.23,1.20,6 031,7 328,-0.83%
10/11/2020,1.21,1.18,1.21,1.15,77 062,90 933,5.22%
09/11/2020,1.15,1.18,1.21,1.15,5 568,6 570,-8.00%
06/11/2020,1.25,1.26,1.26,1.21,42 235,52 160,0.81%
05/11/2020,1.24,1.19,1.24,1.18,34 489,41 732,5.08%
04/11/2020,1.18,1.15,1.18,1.12,14 395,16 554,2.61%
03/11/2020,1.15,1.10,1.15,1.10,9 284,10 445,1.77%
02/11/2020,1.13,1.10,1.13,1.07,9 406,10 347,3.67%
30/10/2020,1.09,1.06,1.09,1.03,17 764,18 830,2.83%
28/10/2020,1.06,1.13,1.13,1.05,40 493,44 137,-4.50%
27/10/2020,1.11,1.11,1.14,1.11,62 212,69 989,-5.13%
26/10/2020,1.17,1.19,1.20,1.16,15 142,17 868,-1.68%
23/10/2020,1.19,1.18,1.20,1.15,26 979,31 700,0.85%
22/10/2020,1.18,1.21,1.21,1.18,2 774,3 315,-0.84%
21/10/2020,1.19,1.24,1.24,1.19,5 719,6 949,-2.46%
20/10/2020,1.22,1.25,1.25,1.22,24 891,30 740,-3.17%
19/10/2020,1.26,1.26,1.28,1.23,8 261,10 368,0.00%
16/10/2020,1.26,1.29,1.29,1.22,8 712,10 934,-1.56%
14/10/2020,1.28,1.27,1.28,1.22,57 799,72 249,0.00%
13/10/2020,1.28,1.31,1.31,1.28,17 614,22 810,-1.54%
12/10/2020,1.30,1.32,1.32,1.29,22 302,29 104,-1.52%
09/10/2020,1.32,1.31,1.32,1.28,6 519,8 475,1.54%
08/10/2020,1.30,1.34,1.34,1.28,21 248,27 835,-2.99%
07/10/2020,1.34,1.38,1.38,1.34,18 577,25 265,-1.47%
06/10/2020,1.36,1.34,1.38,1.33,16 069,21 773,2.26%
05/10/2020,1.33,1.28,1.33,1.25,59 534,76 799,5.56%
02/10/2020,1.26,1.22,1.32,1.22,96 634,122 725,-4.55%
01/10/2020,1.32,1.33,1.34,1.30,20 103,26 536,-2.22%
30/09/2020,1.35,1.38,1.42,1.35,32 865,45 518,-4.26%
29/09/2020,1.41,1.43,1.43,1.39,15 351,21 645,0.00%
28/09/2020,1.41,1.41,1.44,1.37,42 798,60 131,-1.40%
25/09/2020,1.43,1.47,1.49,1.43,116 529,170 132,-2.72%
24/09/2020,1.47,1.49,1.52,1.45,105 659,156 904,0.00%
23/09/2020,1.47,1.41,1.47,1.37,241 721,343 244,5.00%
22/09/2020,1.40,1.39,1.40,1.35,19 600,26 950,0.72%
21/09/2020,1.39,1.40,1.40,1.36,5 445,7 514,-0.71%
18/09/2020,1.40,1.40,1.43,1.37,16 183,22 656,-0.71%
17/09/2020,1.41,1.37,1.41,1.34,21 750,29 906,0.00%
16/09/2020,1.41,1.45,1.45,1.41,47 830,68 397,-0.70%
15/09/2020,1.42,1.36,1.44,1.33,130 541,180 799,3.65%
14/09/2020,1.37,1.48,1.48,1.37,115 579,164 700,-4.86%
11/09/2020,1.44,1.47,1.49,1.44,105 549,154 629,-2.70%
10/09/2020,1.48,1.53,1.59,1.47,180 695,276 463,-3.90%
09/09/2020,1.54,1.60,1.60,1.54,258 076,405 179,-2.53%
08/09/2020,1.58,1.58,1.62,1.58,86 704,138 726,-1.86%
07/09/2020,1.61,1.60,1.64,1.58,201 745,324 809,0.63%
04/09/2020,1.60,1.60,1.71,1.56,236 066,385 968,-1.23%
03/09/2020,1.62,1.63,1.67,1.60,76 441,124 981,-3.57%
02/09/2020,1.68,1.73,1.73,1.68,79 592,135 704,-1.75%
01/09/2020,1.71,1.76,1.76,1.71,52 571,91 211,-2.84%
31/08/2020,1.76,1.69,1.76,1.68,70 277,120 876,1.15%
28/08/2020,1.74,1.66,1.75,1.62,99 633,167 882,1.75%
27/08/2020,1.71,1.76,1.76,1.71,54 763,95 014,0.00%
26/08/2020,1.71,1.69,1.71,1.61,293 851,487 793,5.56%
25/08/2020,1.62,1.59,1.62,1.59,135 114,216 858,5.88%
24/08/2020,1.53,1.48,1.53,1.45,237 749,354 246,5.52%
19/08/2020,1.38,1.33,1.38,1.29,86,115,0.73%
18/08/2020,1.37,1.33,1.37,1.33,5 505,7 432,0.00%
17/08/2020,1.37,1.40,1.42,1.37,21 115,29 455,-2.14%
14/08/2020,1.40,1.44,1.44,1.38,59 147,83 397,0.00%
12/08/2020,1.40,1.35,1.40,1.29,243 455,327 447,6.06%
11/08/2020,1.32,1.31,1.33,1.31,19 784,26 115,-2.22%
10/08/2020,1.35,1.33,1.35,1.26,37 488,48 922,3.85%
07/08/2020,1.30,1.30,1.31,1.28,8 474,10 974,-0.76%
06/08/2020,1.31,1.28,1.33,1.27,10 741,13 963,0.77%
05/08/2020,1.30,1.34,1.34,1.28,32 592,42 696,-2.26%
04/08/2020,1.33,1.38,1.38,1.28,26 261,34 927,-1.48%
03/08/2020,1.35,1.39,1.39,1.35,1 970,2 699,-2.88%
30/07/2020,1.39,1.41,1.41,1.37,18 409,25 589,-1.42%
29/07/2020,1.41,1.41,1.42,1.37,30 811,42 981,0.00%
28/07/2020,1.41,1.33,1.41,1.33,111 939,153 356,6.02%
27/07/2020,1.33,1.26,1.33,1.25,37 447,48 307,3.91%
24/07/2020,1.28,1.28,1.34,1.28,27 682,36 263,-3.76%
23/07/2020,1.33,1.40,1.40,1.33,46 248,63 129,-5.67%
22/07/2020,1.41,1.39,1.43,1.35,35 119,48 815,1.44%
21/07/2020,1.39,1.42,1.44,1.38,11 683,16 473,-2.11%
20/07/2020,1.42,1.44,1.44,1.40,30 233,42 931,1.43%
17/07/2020,1.40,1.40,1.44,1.36,113 248,158 547,0.00%
16/07/2020,1.40,1.34,1.42,1.30,112 379,152 835,4.48%
15/07/2020,1.34,1.42,1.43,1.34,109 368,151 475,-5.63%
14/07/2020,1.42,1.51,1.54,1.42,177 759,263 083,-5.96%
13/07/2020,1.51,1.49,1.51,1.41,248 574,362 918,5.59%
10/07/2020,1.43,1.41,1.43,1.35,252 674,351 217,5.93%
09/07/2020,1.35,1.30,1.35,1.28,239 031,314 326,5.47%
08/07/2020,1.28,1.34,1.38,1.28,732 219,973 851,-4.48%
07/07/2020,1.34,1.40,1.45,1.34,147 414,205 643,-2.19%
06/07/2020,1.37,1.33,1.37,1.30,59 889,79 952,5.38%
03/07/2020,1.30,1.18,1.30,1.18,214 730,266 265,5.69%
02/07/2020,1.23,1.30,1.33,1.23,125 632,160 809,-5.38%
01/07/2020,1.30,1.25,1.30,1.22,261 297,329 234,7.44%
30/06/2020,1.21,1.21,1.21,1.20,40 813,49 180,4.31%
29/06/2020,1.16,1.13,1.16,1.06,158 417,175 843,5.45%
26/06/2020,1.10,1.08,1.10,1.08,153 946,167 801,10.00%
24/06/2020,1.00,0.97,1.00,0.97,35 165,34 638,5.26%
23/06/2020,0.95,0.92,0.95,0.90,84 983,78 609,5.56%
22/06/2020,0.90,0.87,0.90,0.86,154 353,135 831,7.14%
19/06/2020,0.84,0.83,0.84,0.78,152 835,123 796,5.00%
18/06/2020,0.80,0.76,0.80,0.76,73 790,57 556,8.11%
16/06/2020,0.74,0.73,0.74,0.73,63 644,46 778,5.71%
15/06/2020,0.70,0.68,0.70,0.68,51 602,35 605,9.37%
11/06/2020,0.64,0.62,0.64,0.61,13 420,8 388,4.92%
10/06/2020,0.61,0.60,0.61,0.60,12 875,7 789,1.67%
09/06/2020,0.60,0.60,0.60,0.57,2 044,1 196,1.69%
08/06/2020,0.59,0.60,0.60,0.59,3 228,1 921,0.00%
05/06/2020,0.59,0.59,0.59,0.58,10 379,6 072,0.00%
04/06/2020,0.59,0.60,0.60,0.58,12 013,7 088,1.72%
02/06/2020,0.58,0.58,0.58,0.58,324,188,1.75%
01/06/2020,0.57,0.57,0.57,0.57,1 619,923,1.79%
29/05/2020,0.56,0.55,0.56,0.55,2 399,1 331,1.82%
28/05/2020,0.55,0.55,0.55,0.55,5 437,2 990,1.85%
27/05/2020,0.54,0.54,0.54,0.54,102,55,1.89%
26/05/2020,0.53,0.53,0.53,0.52,906,476,1.92%
21/05/2020,0.53,0.54,0.54,0.53,1 480,792,-1.85%
20/05/2020,0.54,0.53,0.55,0.53,2 403,1 298,0.00%
19/05/2020,0.54,0.55,0.55,0.54,3 269,1 782,-1.82%
15/05/2020,0.55,0.55,0.55,0.54,2 735,1 491,1.85%
14/05/2020,0.54,0.54,0.54,0.53,3 511,1 878,1.89%
13/05/2020,0.53,0.52,0.53,0.52,3 200,1 680,0.00%
12/05/2020,0.53,0.53,0.53,0.52,5 395,2 832,0.00%
11/05/2020,0.53,0.53,0.53,0.53,5 145,2 727,-1.85%
08/05/2020,0.54,0.54,0.54,0.54,2 345,1 266,-1.82%
07/05/2020,0.55,0.57,0.57,0.55,4 685,2 624,-1.79%
06/05/2020,0.56,0.58,0.58,0.56,4 402,2 509,-1.75%
05/05/2020,0.57,0.58,0.58,0.57,103,59,0.00%
30/04/2020,0.57,0.56,0.57,0.56,8 210,4 639,-3.39%
27/04/2020,0.59,0.59,0.59,0.59,571,337,-1.67%
24/04/2020,0.60,0.60,0.60,0.60,1 887,1 132,-3.23%
23/04/2020,0.62,0.62,0.62,0.61,7 671,4 718,0.00%
22/04/2020,0.62,0.60,0.62,0.60,20 854,12 721,1.64%
21/04/2020,0.61,0.61,0.61,0.59,12 385,7 431,1.67%
20/04/2020,0.60,0.60,0.60,0.60,855,513,1.69%
17/04/2020,0.59,0.59,0.59,0.59,15 844,9 348,1.72%
16/04/2020,0.58,0.57,0.58,0.57,7 377,4 242,3.57%
15/04/2020,0.56,0.56,0.57,0.56,9 767,5 518,0.00%
14/04/2020,0.56,0.55,0.56,0.55,7 300,4 052,1.82%
13/04/2020,0.55,0.55,0.56,0.55,15 860,8 802,-1.79%
08/04/2020,0.56,0.56,0.56,0.56,173,97,-1.75%
07/04/2020,0.57,0.59,0.59,0.57,118,68,-1.72%
06/04/2020,0.58,0.58,0.58,0.58,767,445,-1.69%
03/04/2020,0.59,0.60,0.61,0.59,5 876,3 526,-1.67%
02/04/2020,0.60,0.61,0.61,0.59,6 541,3 925,0.00%
01/04/2020,0.60,0.61,0.61,0.59,1 822,1 093,0.00%
31/03/2020,0.60,0.61,0.61,0.59,7 875,4 725,0.00%
30/03/2020,0.60,0.61,0.62,0.60,8 622,5 259,-1.64%
27/03/2020,0.61,0.62,0.62,0.61,4 538,2 791,-1.61%
26/03/2020,0.62,0.62,0.63,0.62,32 949,20 593,-1.59%
25/03/2020,0.63,0.63,0.63,0.63,1 273,802,-1.56%
24/03/2020,0.64,0.64,0.64,0.64,62 784,40 182,-3.03%
19/03/2020,0.66,0.66,0.66,0.66,1,1,-2.94%
18/03/2020,0.68,0.70,0.70,0.68,2 562,1 768,-2.86%
17/03/2020,0.70,0.72,0.72,0.70,3,2,-2.78%
16/03/2020,0.72,0.72,0.72,0.72,1 105,796,-4.00%
13/03/2020,0.75,0.77,0.78,0.75,5 401,4 132,-2.60%
12/03/2020,0.77,0.79,0.79,0.77,3 351,2 614,0.00%
11/03/2020,0.77,0.79,0.79,0.77,12 556,9 794,-3.75%
09/03/2020,0.80,0.80,0.80,0.78,483,382,2.56%
06/03/2020,0.78,0.79,0.80,0.77,25 144,19 738,1.30%
05/03/2020,0.77,0.78,0.80,0.77,11 058,8 681,-1.28%
04/03/2020,0.78,0.79,0.81,0.77,25 880,20 445,-1.27%
03/03/2020,0.79,0.80,0.80,0.79,32 155,25 563,-2.47%
02/03/2020,0.81,0.80,0.82,0.80,13 843,11 213,-1.22%
28/02/2020,0.82,0.82,0.82,0.81,29 085,23 704,-1.20%
27/02/2020,0.83,0.83,0.83,0.83,5 712,4 741,-2.35%
26/02/2020,0.85,0.84,0.85,0.82,797,665,-1.16%
25/02/2020,0.86,0.86,0.86,0.86,1,1,-2.27%
24/02/2020,0.88,0.88,0.88,0.88,200,176,2.33%
20/02/2020,0.88,0.86,0.88,0.84,20 575,17 695,4.76%
19/02/2020,0.84,0.85,0.87,0.84,14 992,12 818,1.20%
18/02/2020,0.83,0.82,0.84,0.80,10 086,8 271,3.75%
17/02/2020,0.80,0.82,0.82,0.80,9 008,7 296,-4.76%
14/02/2020,0.84,0.86,0.86,0.84,1 579,1 342,0.00%
13/02/2020,0.84,0.86,0.86,0.84,44 464,37 794,-4.55%
12/02/2020,0.88,0.90,0.90,0.88,13 372,11 901,-2.22%
11/02/2020,0.90,0.86,0.90,0.85,38 746,33 903,5.88%
10/02/2020,0.85,0.83,0.85,0.81,21 313,17 690,4.94%
07/02/2020,0.81,0.83,0.83,0.81,11 290,9 258,-3.57%
06/02/2020,0.84,0.86,0.86,0.84,4 711,4 004,-1.18%
05/02/2020,0.85,0.82,0.85,0.80,30 114,24 844,2.41%
04/02/2020,0.83,0.85,0.87,0.83,61 600,52 360,-3.49%
03/02/2020,0.86,0.86,0.86,0.86,6 948,5 975,-2.27%
31/01/2020,0.88,0.88,0.88,0.87,16 292,14 256,-1.12%
30/01/2020,0.89,0.90,0.90,0.88,3 536,3 147,1.14%
29/01/2020,0.88,0.90,0.90,0.88,9 469,8 427,-1.12%
28/01/2020,0.89,0.89,0.90,0.86,15 426,13 575,1.14%
27/01/2020,0.88,0.86,0.88,0.85,7 645,6 613,2.33%
24/01/2020,0.86,0.88,0.89,0.86,23 222,20 319,-4.44%
23/01/2020,0.90,0.90,0.92,0.90,2 722,2 477,-2.17%
22/01/2020,0.92,0.91,0.92,0.91,1 137,1 040,-1.08%
21/01/2020,0.93,0.92,0.93,0.90,771,705,1.09%
20/01/2020,0.92,0.92,0.92,0.92,5,5,2.22%
17/01/2020,0.90,0.88,0.90,0.88,15,13,0.00%
16/01/2020,0.90,0.92,0.93,0.90,1 687,1 544,-2.17%
15/01/2020,0.92,0.90,0.92,0.88,10 844,9 760,0.00%
13/01/2020,0.92,0.91,0.92,0.91,357,327,0.00%
10/01/2020,0.92,0.90,0.92,0.89,13 303,12 039,1.10%
09/01/2020,0.91,0.91,0.94,0.91,2 859,2 645,-2.15%
08/01/2020,0.93,0.91,0.95,0.91,6 404,5 956,0.00%
07/01/2020,0.93,0.92,0.96,0.92,8 445,7 938,-1.06%
06/01/2020,0.94,0.93,0.95,0.93,3 955,3 718,0.00%
03/01/2020,0.94,0.98,0.98,0.94,5 124,4 919,-2.08%
02/01/2020,0.96,0.92,0.96,0.92,109,102,2.13%
31/12/2019,0.94,0.93,0.95,0.93,1 838,1 728,-3.09%
30/12/2019,0.97,0.99,0.99,0.94,1 352,1 305,0.00%
27/12/2019,0.97,0.99,1.00,0.97,1 587,1 563,-2.02%
26/12/2019,0.99,0.97,0.99,0.97,21,21,0.00%
25/12/2019,0.99,0.97,0.99,0.94,16 097,15 534,0.00%
24/12/2019,0.99,0.99,0.99,0.99,5,5,2.06%
23/12/2019,0.97,0.98,0.98,0.94,2 686,2 579,1.04%
20/12/2019,0.96,0.98,0.99,0.96,14 656,14 290,0.00%
19/12/2019,0.96,1.00,1.00,0.94,2 961,2 872,-3.03%
18/12/2019,0.99,0.97,0.99,0.95,515,500,2.06%
17/12/2019,0.97,1.03,1.03,0.97,1 168,1 168,-3.00%
16/12/2019,1.00,1.03,1.04,1.00,9 877,10 075,-0.99%
13/12/2019,1.01,1.00,1.01,0.98,3 386,3 369,2.02%
12/12/2019,0.99,1.00,1.00,0.97,2 790,2 748,1.02%
11/12/2019,0.98,0.98,0.99,0.95,12 405,12 033,1.03%
10/12/2019,0.97,0.97,0.98,0.95,2 117,2 043,2.11%
09/12/2019,0.95,0.93,0.96,0.93,1 637,1 547,0.00%
06/12/2019,0.95,0.93,0.95,0.91,5 714,5 314,0.00%
05/12/2019,0.95,0.97,0.97,0.95,4 269,4 098,-2.06%
04/12/2019,0.97,1.00,1.00,0.97,228,225,-1.02%
03/12/2019,0.98,0.97,0.99,0.95,18 063,17 521,3.16%
02/12/2019,0.95,1.00,1.00,0.94,8 917,8 649,-3.06%
29/11/2019,0.98,0.98,1.01,0.98,4 660,4 637,-2.97%
28/11/2019,1.01,0.97,1.02,0.96,8 973,8 883,1.00%
27/11/2019,1.00,1.01,1.04,1.00,9 820,10 016,-3.85%
26/11/2019,1.04,1.07,1.07,1.04,9 989,10 538,-0.95%
25/11/2019,1.05,1.06,1.07,1.03,15 643,16 425,-3.67%
21/11/2019,1.10,1.14,1.15,1.09,14 417,16 147,-0.90%
20/11/2019,1.11,1.12,1.15,1.09,17 499,19 599,1.83%
19/11/2019,1.09,1.05,1.09,1.05,22 248,23 805,0.93%
18/11/2019,1.08,1.09,1.12,1.06,66 977,73 005,1.89%
15/11/2019,1.06,1.17,1.18,1.06,178 588,200 019,-5.36%
14/11/2019,1.12,1.09,1.12,1.09,69 400,76 687,5.66%
13/11/2019,1.06,1.04,1.06,1.00,41 620,42 869,6.00%
12/11/2019,1.00,0.96,1.00,0.96,30 202,29 598,5.26%
11/11/2019,0.95,0.94,0.95,0.94,45 150,42 667,5.56%
08/11/2019,0.90,0.88,0.90,0.88,36 066,32 099,2.27%
07/11/2019,0.88,0.89,0.90,0.88,18 239,16 233,-4.35%
06/11/2019,0.92,0.90,0.93,0.89,29 412,26 765,-1.08%
05/11/2019,0.93,0.95,0.95,0.90,26 486,24 500,-1.06%
04/11/2019,0.94,0.91,0.95,0.91,6 261,5 823,-1.05%
01/11/2019,0.95,0.95,0.96,0.95,1 364,1 303,-2.06%
31/10/2019,0.97,0.97,0.97,0.94,5 715,5 458,1.04%
30/10/2019,0.96,0.94,0.96,0.92,14 427,13 561,4.35%
29/10/2019,0.92,0.94,0.94,0.92,18 580,17 279,-4.17%
28/10/2019,0.96,0.98,0.98,0.96,4 032,3 911,0.00%
25/10/2019,0.96,1.04,1.04,0.96,27 920,27 920,-4.00%
24/10/2019,1.00,1.01,1.01,1.00,7 042,7 077,-2.91%
23/10/2019,1.03,1.05,1.05,1.00,8 026,8 227,0.98%
22/10/2019,1.02,1.05,1.08,1.02,4 756,4 994,-2.86%
21/10/2019,1.05,1.08,1.08,1.05,5 326,5 672,-0.94%
18/10/2019,1.06,1.00,1.06,1.00,3 174,3 269,2.91%
17/10/2019,1.03,1.05,1.05,1.00,13 022,13 348,-2.83%
16/10/2019,1.06,1.07,1.07,1.06,33 109,35 261,-2.75%
14/10/2019,1.09,1.11,1.11,1.08,4 037,4 421,0.00%
11/10/2019,1.09,1.10,1.11,1.09,8 668,9 535,0.00%
10/10/2019,1.09,1.07,1.12,1.07,77 426,84 781,-0.91%
09/10/2019,1.10,1.11,1.11,1.10,17 284,19 099,-2.65%
08/10/2019,1.13,1.18,1.18,1.13,16 664,19 247,-4.24%
07/10/2019,1.18,1.18,1.18,1.18,1 200,1 416,2.61%
04/10/2019,1.15,1.15,1.15,1.15,2 966,3 411,-2.54%
03/10/2019,1.18,1.16,1.19,1.16,2 118,2 489,-0.84%
02/10/2019,1.19,1.19,1.19,1.19,40,48,0.00%
01/10/2019,1.19,1.18,1.19,1.18,105,124,0.00%
30/09/2019,1.19,1.16,1.19,1.16,995,1 169,0.00%
27/09/2019,1.19,1.19,1.19,1.16,510,599,1.71%
26/09/2019,1.17,1.19,1.19,1.16,3 286,3 861,-1.68%
25/09/2019,1.19,1.19,1.19,1.19,201,239,-2.46%
16/09/2019,1.22,1.22,1.22,1.18,223,268,0.83%
13/09/2019,1.21,1.18,1.21,1.18,462,552,0.00%
12/09/2019,1.21,1.18,1.21,1.18,52,62,0.00%
10/09/2019,1.21,1.20,1.21,1.20,300,362,0.00%
09/09/2019,1.21,1.20,1.22,1.20,1 643,1 988,-0.82%
06/09/2019,1.22,1.22,1.22,1.22,5,6,1.67%
05/09/2019,1.20,1.15,1.20,1.15,9 195,10 804,2.56%
04/09/2019,1.17,1.20,1.20,1.17,105,124,0.00%
03/09/2019,1.17,1.17,1.17,1.17,2 090,2 445,-2.50%
02/09/2019,1.20,1.18,1.22,1.18,860,1 032,-0.83%
30/08/2019,1.21,1.21,1.21,1.17,306,364,0.83%
28/08/2019,1.20,1.19,1.20,1.16,3 621,4 273,3.45%
27/08/2019,1.16,1.16,1.19,1.16,380,446,-2.52%
26/08/2019,1.19,1.16,1.19,1.16,2 085,2 450,0.00%
22/08/2019,1.22,1.22,1.22,1.22,402,490,2.52%
21/08/2019,1.19,1.22,1.22,1.19,8 065,9 718,-1.65%
20/08/2019,1.21,1.16,1.21,1.16,259,307,0.00%
19/08/2019,1.21,1.21,1.21,1.18,107,128,0.00%
16/08/2019,1.21,1.18,1.21,1.15,4 105,4 844,0.00%
15/08/2019,1.21,1.18,1.21,1.18,3 066,3 664,0.00%
14/08/2019,1.21,1.21,1.21,1.21,1 005,1 216,-1.63%
09/08/2019,1.23,1.24,1.24,1.23,25,31,1.65%
08/08/2019,1.21,1.21,1.21,1.18,2 689,3 213,0.83%
07/08/2019,1.20,1.17,1.20,1.16,16 529,19 504,-0.83%
06/08/2019,1.21,1.24,1.24,1.21,55,67,-2.42%
05/08/2019,1.24,1.21,1.24,1.21,1 082,1 325,0.00%
02/08/2019,1.24,1.24,1.24,1.24,13,16,2.48%
01/08/2019,1.21,1.20,1.22,1.17,4 762,5 691,0.83%
31/07/2019,1.20,1.23,1.23,1.20,3 927,4 771,-1.64%
30/07/2019,1.22,1.22,1.22,1.21,395,480,-1.61%
29/07/2019,1.24,1.22,1.24,1.22,285,351,-0.80%
26/07/2019,1.25,1.25,1.25,1.25,30,38,-2.34%
24/07/2019,1.28,1.30,1.30,1.28,15,19,0.00%
23/07/2019,1.28,1.30,1.30,1.28,55,71,0.79%
22/07/2019,1.27,1.25,1.27,1.25,12,15,-0.78%
19/07/2019,1.28,1.28,1.28,1.28,10,13,-2.29%
18/07/2019,1.31,1.32,1.32,1.23,1 172,1 494,2.34%
17/07/2019,1.28,1.33,1.34,1.28,2 241,2 936,-2.29%
16/07/2019,1.31,1.28,1.31,1.27,21 148,27 281,3.15%
15/07/2019,1.27,1.24,1.27,1.24,100,125,2.42%
12/07/2019,1.24,1.21,1.24,1.21,1 760,2 156,0.00%
11/07/2019,1.24,1.24,1.24,1.21,1 317,1 613,-2.36%
10/07/2019,1.27,1.27,1.27,1.27,5,6,1.60%
09/07/2019,1.25,1.27,1.27,1.25,186,234,0.81%
08/07/2019,1.24,1.20,1.24,1.19,1 570,1 908,1.64%
05/07/2019,1.22,1.25,1.25,1.22,1 345,1 661,-0.81%
04/07/2019,1.23,1.26,1.26,1.23,2 040,2 540,-2.38%
03/07/2019,1.26,1.26,1.26,1.23,1 904,2 370,1.61%
02/07/2019,1.24,1.24,1.24,1.24,1,1,0.81%
01/07/2019,1.23,1.21,1.23,1.18,267,322,4.24%
28/06/2019,1.18,1.26,1.26,1.18,3 277,3 998,-2.48%
27/06/2019,1.21,1.24,1.25,1.21,12 175,14 975,-2.42%
26/06/2019,1.24,1.22,1.25,1.21,8 570,10 541,3.33%
25/06/2019,1.20,1.19,1.20,1.17,3 107,3 682,2.56%
24/06/2019,1.17,1.19,1.21,1.17,16 462,19 590,-1.68%
21/06/2019,1.19,1.22,1.22,1.19,1 162,1 400,-1.65%
20/06/2019,1.21,1.20,1.22,1.17,24 638,29 442,1.68%
19/06/2019,1.19,1.20,1.23,1.17,28 277,33 932,-2.46%
18/06/2019,1.22,1.19,1.22,1.17,7 206,8 611,1.67%
17/06/2019,1.20,1.20,1.23,1.18,5 296,6 382,-0.83%
14/06/2019,1.21,1.21,1.21,1.21,1,1,0.83%
13/06/2019,1.20,1.18,1.20,1.18,622,740,0.00%
12/06/2019,1.20,1.22,1.22,1.20,194,235,-0.83%
11/06/2019,1.21,1.22,1.22,1.20,502,607,-0.82%
10/06/2019,1.22,1.24,1.24,1.21,530,649,-1.61%
03/06/2019,1.24,1.22,1.24,1.22,17,21,1.64%
31/05/2019,1.22,1.21,1.22,1.20,778,941,0.83%
30/05/2019,1.21,1.21,1.21,1.20,1 115,1 344,0.00%
29/05/2019,1.21,1.21,1.21,1.21,221,267,-2.42%
27/05/2019,1.24,1.25,1.25,1.22,469,579,1.64%
23/05/2019,1.22,1.22,1.22,1.20,466,564,1.67%
22/05/2019,1.20,1.20,1.22,1.20,2 880,3 485,-1.64%
21/05/2019,1.22,1.20,1.22,1.20,355,430,0.00%
20/05/2019,1.22,1.20,1.22,1.20,2 390,2 892,0.00%
16/05/2019,1.22,1.22,1.22,1.22,5,6,1.67%
15/05/2019,1.20,1.20,1.20,1.20,1 925,2 310,-1.64%
14/05/2019,1.22,1.22,1.22,1.22,960,1 171,0.00%
13/05/2019,1.22,1.20,1.22,1.20,440,532,-0.81%
10/05/2019,1.23,1.22,1.23,1.20,1 583,1 923,0.00%
09/05/2019,1.23,1.27,1.29,1.22,4 247,5 330,-0.81%
08/05/2019,1.24,1.25,1.25,1.24,7 754,9 654,-3.88%
07/05/2019,1.29,1.29,1.29,1.29,35,45,2.38%
06/05/2019,1.26,1.26,1.26,1.26,1 152,1 452,-2.33%
03/05/2019,1.29,1.29,1.29,1.29,75,97,-0.77%
02/05/2019,1.30,1.33,1.33,1.30,25,33,0.00%
30/04/2019,1.30,1.32,1.35,1.30,4 168,5 523,0.00%
29/04/2019,1.30,1.30,1.30,1.27,9 505,12 214,-2.99%
26/04/2019,1.34,1.32,1.35,1.30,9 047,11 987,2.29%
25/04/2019,1.31,1.23,1.31,1.23,12 986,16 492,5.65%
24/04/2019,1.24,1.25,1.28,1.22,4 963,6 204,-0.80%
23/04/2019,1.25,1.22,1.25,1.22,1 910,2 359,0.00%
22/04/2019,1.25,1.32,1.33,1.25,2 773,3 577,-5.30%
19/04/2019,1.32,1.28,1.32,1.28,1 260,1 638,-0.75%
17/04/2019,1.33,1.29,1.33,1.28,3 999,5 219,0.00%
16/04/2019,1.33,1.33,1.33,1.33,1,1,2.31%
15/04/2019,1.30,1.32,1.33,1.29,2 535,3 321,-2.26%
12/04/2019,1.33,1.29,1.33,1.29,681,892,0.76%
11/04/2019,1.32,1.33,1.33,1.30,291,383,-0.75%
10/04/2019,1.33,1.33,1.33,1.30,572,752,0.00%
08/04/2019,1.33,1.33,1.33,1.30,3 109,4 088,0.00%
05/04/2019,1.33,1.36,1.36,1.32,1 509,2 022,-1.48%
04/04/2019,1.35,1.36,1.36,1.32,3 461,4 638,-1.46%
03/04/2019,1.37,1.37,1.37,1.35,2 561,3 483,0.00%
02/04/2019,1.37,1.37,1.37,1.34,637,863,2.24%
01/04/2019,1.34,1.31,1.34,1.31,100,133,-0.74%
29/03/2019,1.35,1.32,1.35,1.30,7 663,10 153,-0.74%
28/03/2019,1.36,1.35,1.36,1.31,14 442,19 280,-2.16%
27/03/2019,1.39,1.40,1.40,1.35,906,1 246,0.00%
26/03/2019,1.39,1.36,1.39,1.36,5 452,7 497,-0.71%
25/03/2019,1.40,1.40,1.40,1.40,24,34,2.19%
22/03/2019,1.37,1.37,1.40,1.37,10 739,14 874,-2.14%
21/03/2019,1.40,1.35,1.40,1.35,55,76,-0.71%
19/03/2019,1.41,1.34,1.41,1.33,2 573,3 525,2.92%
18/03/2019,1.37,1.39,1.39,1.37,9 564,13 198,-2.84%
15/03/2019,1.41,1.41,1.41,1.37,12 349,17 165,0.00%
14/03/2019,1.41,1.41,1.45,1.41,620,887,-2.76%
13/03/2019,1.45,1.45,1.45,1.45,129,187,0.00%
12/03/2019,1.45,1.50,1.50,1.45,508,749,-2.68%
11/03/2019,1.49,1.49,1.49,1.49,8,12,-0.67%
06/03/2019,1.50,1.42,1.50,1.42,230,336,2.74%
05/03/2019,1.46,1.46,1.46,1.46,2,3,-2.67%
04/03/2019,1.50,1.50,1.50,1.50,1,2,0.00%
01/03/2019,1.50,1.51,1.51,1.50,573,862,-0.66%
28/02/2019,1.51,1.42,1.51,1.42,450,659,-0.66%
26/02/2019,1.52,1.52,1.52,1.50,110,166,1.33%
25/02/2019,1.50,1.49,1.52,1.45,261,388,0.67%
21/02/2019,1.53,1.48,1.53,1.48,1 306,1 966,-0.65%
20/02/2019,1.54,1.51,1.55,1.51,2 396,3 666,-0.65%
19/02/2019,1.55,1.54,1.59,1.53,6 979,10 887,-1.27%
18/02/2019,1.57,1.59,1.59,1.55,1 100,1 727,1.29%
15/02/2019,1.55,1.59,1.59,1.55,10 050,15 779,0.00%
14/02/2019,1.55,1.56,1.59,1.54,21 050,32 943,-4.91%
12/02/2019,1.63,1.63,1.63,1.63,12,20,0.00%
11/02/2019,1.63,1.63,1.63,1.61,1 105,1 790,-1.21%
08/02/2019,1.65,1.65,1.65,1.65,5,8,0.61%
07/02/2019,1.64,1.64,1.64,1.64,1 405,2 304,2.50%
06/02/2019,1.60,1.60,1.60,1.60,1 030,1 648,-1.84%
05/02/2019,1.63,1.60,1.64,1.56,844,1 350,1.87%
04/02/2019,1.60,1.62,1.65,1.58,4 729,7 637,-3.03%
01/02/2019,1.65,1.65,1.65,1.65,5,8,1.23%
31/01/2019,1.63,1.64,1.64,1.60,207,335,1.87%
30/01/2019,1.60,1.62,1.64,1.58,10 362,16 683,-6.98%
28/01/2019,1.72,1.74,1.74,1.72,8,14,0.00%
25/01/2019,1.72,1.72,1.72,1.72,5,9,1.78%
24/01/2019,1.69,1.72,1.72,1.65,1 610,2 713,2.42%
23/01/2019,1.65,1.65,1.65,1.63,640,1 050,-2.94%
22/01/2019,1.70,1.65,1.70,1.65,5 261,8 812,-1.16%
21/01/2019,1.72,1.73,1.77,1.72,561,979,-2.82%
18/01/2019,1.77,1.79,1.79,1.74,1 693,2 988,-1.12%
17/01/2019,1.79,1.77,1.81,1.76,1 519,2 711,-1.10%
16/01/2019,1.81,1.77,1.82,1.72,22 494,39 814,2.26%
15/01/2019,1.77,1.82,1.83,1.77,13 059,23 506,-5.35%
11/01/2019,1.87,1.87,1.87,1.82,523,965,0.00%
10/01/2019,1.87,1.84,1.87,1.79,12 778,23 384,-0.53%
09/01/2019,1.88,1.89,1.90,1.84,8 973,16 780,-0.53%
08/01/2019,1.89,1.88,1.89,1.88,1 099,2 072,0.00%
07/01/2019,1.89,1.89,1.90,1.89,289,548,0.00%
04/01/2019,1.89,1.88,1.90,1.83,1 889,3 523,1.07%
03/01/2019,1.87,1.80,1.87,1.80,1 503,2 758,1.08%
02/01/2019,1.85,1.90,1.90,1.85,675,1 266,-1.07%
31/12/2018,1.87,1.87,1.87,1.82,7 390,13 635,-0.53%
28/12/2018,1.88,1.91,1.91,1.88,9 604,18 200,-6.93%
27/12/2018,2.02,2.05,2.05,2.00,9 129,18 486,-1.46%
26/12/2018,2.05,2.01,2.05,2.01,7 800,15 834,-2.38%
25/12/2018,2.10,2.04,2.10,2.04,852,1 764,0.00%
24/12/2018,2.10,2.10,2.10,2.04,503,1 041,0.00%
21/12/2018,2.10,2.10,2.10,2.04,4 080,8 446,0.00%
20/12/2018,2.10,2.02,2.11,2.01,2 274,4 684,0.00%
19/12/2018,2.10,2.09,2.11,2.05,5 125,10 660,-0.47%
18/12/2018,2.11,2.12,2.15,2.11,7 595,16 177,-2.76%
17/12/2018,2.17,2.11,2.18,2.11,16 337,35 043,2.36%
14/12/2018,2.12,2.13,2.13,2.07,4 636,9 736,0.47%
13/12/2018,2.11,2.11,2.11,2.05,16 604,34 536,1.93%
12/12/2018,2.07,2.12,2.12,2.06,13 043,27 260,-1.43%
11/12/2018,2.10,2.12,2.14,2.06,956,2 008,-0.94%
10/12/2018,2.12,2.11,2.15,2.05,52 762,110 800,-4.07%
07/12/2018,2.21,2.20,2.22,2.14,4 262,9 291,0.45%
06/12/2018,2.20,2.20,2.26,2.15,11 351,25 029,0.00%
05/12/2018,2.20,2.12,2.20,2.07,89 949,192 041,0.92%
04/12/2018,2.18,2.24,2.24,2.18,24 180,53 438,-2.68%
03/12/2018,2.24,2.18,2.27,2.17,22 192,49 266,-1.32%
30/11/2018,2.27,2.42,2.42,2.23,81 890,190 394,1.79%
28/11/2018,2.23,2.20,2.23,2.20,61 358,135 908,5.69%
22/11/2018,1.83,1.83,1.87,1.81,12 548,23 088,-1.61%
21/11/2018,1.86,1.89,1.89,1.84,6 242,11 641,0.00%
19/11/2018,1.86,1.91,1.91,1.86,20 001,37 702,-1.06%
16/11/2018,1.88,1.91,1.91,1.85,14 930,28 068,-1.57%
15/11/2018,1.91,1.87,1.91,1.82,31 498,58 744,3.80%
14/11/2018,1.84,1.86,1.88,1.81,23 560,43 468,-1.08%
13/11/2018,1.86,1.82,1.87,1.79,11 811,21 614,2.20%
12/11/2018,1.82,1.80,1.85,1.80,10 928,19 944,1.11%
09/11/2018,1.80,1.80,1.83,1.80,13 251,24 051,-3.23%
08/11/2018,1.86,1.90,1.90,1.85,9 592,17 985,-3.63%
07/11/2018,1.93,1.83,1.93,1.75,34 995,64 391,4.32%
06/11/2018,1.85,1.86,1.93,1.85,25 872,48 898,-4.15%
05/11/2018,1.93,1.86,1.97,1.86,54 213,103 818,3.76%
02/11/2018,1.86,1.80,1.86,1.80,19 346,35 403,5.68%
01/11/2018,1.76,1.69,1.76,1.69,9 814,16 929,4.76%
31/10/2018,1.68,1.62,1.68,1.62,8 537,14 086,1.82%
30/10/2018,1.65,1.63,1.66,1.60,19 748,32 189,3.12%
29/10/2018,1.60,1.57,1.66,1.57,16 083,25 974,0.00%
26/10/2018,1.60,1.54,1.60,1.54,5 029,7 896,3.90%
25/10/2018,1.54,1.53,1.57,1.50,14 821,22 750,0.00%
24/10/2018,1.54,1.55,1.55,1.51,18 023,27 575,-0.65%
23/10/2018,1.55,1.62,1.62,1.55,4 966,7 871,-4.32%
22/10/2018,1.62,1.60,1.64,1.57,29 209,46 880,5.88%
18/10/2018,1.53,1.49,1.53,1.49,12 876,19 443,4.79%
17/10/2018,1.46,1.42,1.46,1.38,19 594,27 823,2.82%
16/10/2018,1.42,1.38,1.42,1.34,10 724,14 799,2.90%
12/10/2018,1.38,1.38,1.42,1.38,629,881,-2.82%
11/10/2018,1.42,1.43,1.43,1.38,5 804,8 155,0.00%
10/10/2018,1.42,1.37,1.43,1.37,7 566,10 592,-0.70%
09/10/2018,1.43,1.43,1.43,1.39,4 715,6 648,-2.72%
08/10/2018,1.47,1.47,1.47,1.47,100,147,1.38%
05/10/2018,1.45,1.42,1.45,1.42,2 843,4 080,-0.68%
04/10/2018,1.46,1.47,1.47,1.43,13 388,19 413,-1.35%
03/10/2018,1.48,1.54,1.54,1.48,2 062,3 114,-1.33%
02/10/2018,1.50,1.53,1.55,1.49,14 280,21 706,-1.96%
01/10/2018,1.53,1.53,1.53,1.51,1 368,2 079,-0.65%
28/09/2018,1.54,1.55,1.55,1.51,6 610,10 113,-0.65%
27/09/2018,1.55,1.56,1.56,1.52,6 334,9 754,1.31%
26/09/2018,1.53,1.56,1.56,1.52,1 922,2 960,0.00%
25/09/2018,1.53,1.53,1.57,1.53,2 529,3 920,-2.55%
24/09/2018,1.57,1.52,1.57,1.52,2 445,3 778,0.00%
21/09/2018,1.57,1.53,1.57,1.49,14 119,21 602,1.29%
20/09/2018,1.55,1.55,1.59,1.55,11 031,17 319,-2.52%
19/09/2018,1.59,1.61,1.61,1.53,1 615,2 536,1.27%
18/09/2018,1.57,1.61,1.61,1.57,1 833,2 914,-2.48%
17/09/2018,1.61,1.60,1.61,1.60,205,329,-1.83%
14/09/2018,1.64,1.53,1.67,1.53,4 957,7 931,2.50%
13/09/2018,1.60,1.62,1.62,1.58,5 368,8 589,-1.23%
12/09/2018,1.62,1.62,1.62,1.62,2 326,3 768,-2.41%
10/09/2018,1.66,1.68,1.68,1.63,942,1 559,-1.19%
07/09/2018,1.68,1.68,1.68,1.68,831,1 396,1.82%
06/09/2018,1.65,1.63,1.67,1.62,4 637,7 628,-0.60%
05/09/2018,1.66,1.68,1.68,1.63,1 071,1 773,0.00%
04/09/2018,1.66,1.69,1.69,1.63,6 557,10 885,0.61%
03/09/2018,1.65,1.66,1.69,1.65,1 984,3 313,-2.94%
31/08/2018,1.70,1.70,1.70,1.66,1 451,2 438,0.59%
30/08/2018,1.69,1.69,1.70,1.66,1 653,2 777,0.00%
29/08/2018,1.69,1.66,1.70,1.66,1 919,3 224,0.00%
28/08/2018,1.69,1.67,1.70,1.67,7,12,-1.74%
27/08/2018,1.72,1.72,1.72,1.67,1 340,2 271,0.58%
23/08/2018,1.71,1.71,1.71,1.67,275,465,0.00%
20/08/2018,1.71,1.67,1.71,1.67,303,512,0.00%
17/08/2018,1.71,1.66,1.72,1.66,9 898,16 728,0.00%
16/08/2018,1.71,1.72,1.72,1.67,7 402,12 546,-0.58%
15/08/2018,1.72,1.72,1.73,1.67,5 122,8 707,1.78%
14/08/2018,1.69,1.65,1.69,1.64,20 479,34 098,1.81%
10/08/2018,1.66,1.71,1.71,1.66,17 897,30 156,-0.60%
09/08/2018,1.67,1.67,1.72,1.63,12 854,21 530,-2.91%
08/08/2018,1.72,1.72,1.72,1.72,70,120,-2.82%
07/08/2018,1.77,1.78,1.78,1.77,2 998,5 321,-2.75%
06/08/2018,1.82,1.85,1.85,1.80,3 963,7 232,0.00%
03/08/2018,1.82,1.85,1.87,1.81,18 959,34 885,-1.09%
02/08/2018,1.84,1.79,1.84,1.79,23 849,43 286,5.14%
01/08/2018,1.75,1.69,1.75,1.69,12 286,21 132,6.06%
31/07/2018,1.65,1.70,1.70,1.65,4 693,7 861,-2.94%
30/07/2018,1.70,1.70,1.70,1.65,1 505,2 521,3.03%
27/07/2018,1.65,1.66,1.66,1.62,5 985,9 815,0.00%
26/07/2018,1.65,1.67,1.67,1.65,1 106,1 836,-1.79%
24/07/2018,1.68,1.72,1.72,1.68,4 099,6 968,-0.59%
23/07/2018,1.69,1.72,1.72,1.69,2 837,4 837,-4.52%
20/07/2018,1.77,1.77,1.77,1.72,2 213,3 862,1.72%
19/07/2018,1.74,1.79,1.80,1.70,4 738,8 292,-0.57%
18/07/2018,1.75,1.70,1.77,1.67,17 075,29 369,1.74%
17/07/2018,1.72,1.66,1.72,1.66,1 953,3 301,2.38%
16/07/2018,1.68,1.69,1.69,1.65,250,418,1.82%
13/07/2018,1.65,1.68,1.68,1.65,9 152,15 238,-2.94%
12/07/2018,1.70,1.74,1.74,1.68,8 851,15 135,-1.73%
11/07/2018,1.73,1.71,1.73,1.67,5 233,8 896,-0.57%
10/07/2018,1.74,1.79,1.79,1.74,192,339,0.00%
09/07/2018,1.74,1.74,1.74,1.71,4 406,7 600,0.00%
06/07/2018,1.74,1.82,1.82,1.74,4 541,8 083,-2.79%
05/07/2018,1.79,1.80,1.80,1.74,4 796,8 489,0.56%
04/07/2018,1.78,1.79,1.79,1.78,699,1 248,-2.20%
03/07/2018,1.82,1.82,1.82,1.80,813,1 472,-0.55%
02/07/2018,1.83,1.85,1.85,1.80,3 847,7 021,0.00%
29/06/2018,1.83,1.84,1.85,1.82,3 660,6 716,1.10%
28/06/2018,1.81,1.83,1.83,1.78,5 343,9 644,1.69%
27/06/2018,1.78,1.78,1.83,1.78,25 105,45 315,0.00%
26/06/2018,1.78,1.76,1.79,1.71,37 120,64 960,-0.56%
25/06/2018,1.79,1.84,1.84,1.79,259,470,0.00%
22/06/2018,1.79,1.84,1.84,1.79,11 534,20 934,-4.28%
21/06/2018,1.87,1.92,1.93,1.87,25 562,48 568,-0.53%
20/06/2018,1.88,1.79,1.88,1.79,37 636,69 062,5.62%
19/06/2018,1.78,1.74,1.78,1.69,19 881,34 494,4.09%
18/06/2018,1.71,1.76,1.76,1.71,25 776,44 721,-3.39%
14/06/2018,1.77,1.82,1.82,1.77,4 323,7 760,-2.75%
13/06/2018,1.82,1.77,1.82,1.77,3 061,5 494,1.68%
12/06/2018,1.79,1.76,1.79,1.76,8 657,15 366,1.13%
11/06/2018,1.77,1.75,1.77,1.74,3 295,5 783,1.14%
08/06/2018,1.75,1.80,1.80,1.75,9 373,16 637,-2.23%
07/06/2018,1.79,1.80,1.80,1.78,11 714,20 968,-1.10%
06/06/2018,1.81,1.81,1.81,1.77,9 827,17 590,-1.09%
05/06/2018,1.83,1.84,1.84,1.79,21 678,39 346,-0.54%
04/06/2018,1.84,1.80,1.87,1.80,32 757,60 109,2.22%
01/06/2018,1.80,1.79,1.83,1.74,14 254,25 443,0.00%
31/05/2018,1.80,1.85,1.85,1.80,26 756,48 830,-2.70%
30/05/2018,1.85,1.89,1.94,1.85,65 747,124 591,0.54%
29/05/2018,1.84,1.82,1.84,1.71,51 721,91 805,8.24%
24/05/2018,1.61,1.63,1.65,1.59,15 514,25 133,-3.59%
23/05/2018,1.67,1.69,1.69,1.63,20 627,34 241,-1.76%
22/05/2018,1.70,1.75,1.75,1.70,17 574,30 315,-2.86%
21/05/2018,1.75,1.74,1.76,1.70,2 079,3 597,0.57%
18/05/2018,1.74,1.74,1.74,1.70,5 331,9 169,1.75%
17/05/2018,1.71,1.73,1.75,1.70,8 891,15 337,-2.29%
16/05/2018,1.75,1.80,1.80,1.75,18 330,32 536,-1.13%
15/05/2018,1.77,1.82,1.82,1.77,14 574,26 160,-2.75%
14/05/2018,1.82,1.87,1.88,1.82,11 432,21 149,-1.09%
11/05/2018,1.84,1.89,1.94,1.84,19 263,36 407,-0.54%
10/05/2018,1.85,1.80,1.85,1.77,15 127,27 380,2.21%
09/05/2018,1.81,1.87,1.87,1.80,18 189,33 377,-3.21%
08/05/2018,1.87,1.92,1.92,1.87,1 923,3 644,0.00%
07/05/2018,1.87,1.90,1.90,1.87,10 590,19 962,-2.60%
04/05/2018,1.92,1.92,1.92,1.92,2 519,4 836,0.00%
03/05/2018,1.92,1.92,1.92,1.92,2 409,4 625,-2.54%
02/05/2018,1.97,1.97,1.97,1.92,1 197,2 328,1.55%
30/04/2018,1.94,1.96,1.96,1.94,37,72,-1.52%
27/04/2018,1.97,1.97,1.97,1.94,2 563,5 011,-1.50%
26/04/2018,2.00,1.96,2.00,1.96,3 174,6 285,0.00%
25/04/2018,2.00,2.00,2.00,1.96,1 097,2 172,1.52%
24/04/2018,1.97,2.04,2.04,1.97,180,361,-1.50%
23/04/2018,2.00,2.02,2.02,2.00,11,22,0.50%
20/04/2018,1.99,2.04,2.04,1.98,1 486,2 987,-0.50%
19/04/2018,2.00,2.05,2.05,2.00,1 826,3 698,0.00%
18/04/2018,2.00,2.02,2.03,2.00,4 616,9 301,-0.99%
17/04/2018,2.02,2.02,2.03,2.02,3 490,7 067,-0.98%
16/04/2018,2.04,2.10,2.10,2.04,16 147,33 424,-2.86%
13/04/2018,2.10,2.10,2.10,2.10,16,34,-2.78%
11/04/2018,2.16,2.18,2.18,2.05,9 430,19 944,2.86%
10/04/2018,2.10,2.13,2.13,2.10,2 179,4 609,-1.41%
06/04/2018,2.13,2.13,2.13,2.13,2 473,5 267,-2.74%
04/04/2018,2.19,2.14,2.19,2.13,1 657,3 579,0.00%
03/04/2018,2.19,2.18,2.19,2.18,1 350,2 950,0.00%
02/04/2018,2.19,2.14,2.19,2.14,397,860,0.46%
30/03/2018,2.18,2.14,2.19,2.13,4 580,9 893,-0.46%
29/03/2018,2.19,2.20,2.20,2.14,3 595,7 801,-0.45%
28/03/2018,2.20,2.15,2.20,2.13,1 812,3 923,0.46%
27/03/2018,2.19,2.22,2.22,2.18,1 820,4 004,0.46%
26/03/2018,2.18,2.18,2.23,2.18,1 033,2 278,-1.80%
23/03/2018,2.22,2.23,2.23,2.17,2 452,5 394,-0.45%
22/03/2018,2.23,2.23,2.23,2.15,25,55,2.29%
21/03/2018,2.18,2.23,2.24,2.18,780,1 724,-2.68%
19/03/2018,2.24,2.24,2.24,2.24,5,11,1.36%
16/03/2018,2.21,2.15,2.21,2.15,1 870,4 077,0.00%
15/03/2018,2.21,2.12,2.21,2.12,70,152,4.25%
14/03/2018,2.12,2.24,2.24,2.12,998,2 176,-1.85%
13/03/2018,2.16,2.17,2.20,2.16,1 560,3 401,-0.92%
12/03/2018,2.18,2.23,2.23,2.18,1 529,3 371,-2.24%
09/03/2018,2.23,2.18,2.23,2.18,391,862,-1.76%
08/03/2018,2.27,2.27,2.27,2.27,8,18,0.00%
07/03/2018,2.27,2.20,2.27,2.20,1 565,3 498,0.44%
06/03/2018,2.26,2.20,2.27,2.20,1 452,3 245,0.00%
05/03/2018,2.26,2.22,2.26,2.20,460,1 026,-0.44%
02/03/2018,2.27,2.22,2.27,2.22,1 420,3 188,-0.44%
01/03/2018,2.28,2.29,2.29,2.19,1 924,4 310,3.64%
28/02/2018,2.20,2.21,2.27,2.17,4 275,9 490,-0.45%
27/02/2018,2.21,2.21,2.21,2.21,1 955,4 321,-4.33%
26/02/2018,2.31,2.23,2.31,2.17,9 176,20 554,-1.28%
22/02/2018,2.33,2.35,2.35,2.26,5 629,12 975,-2.92%
19/02/2018,2.40,2.44,2.44,2.40,3 240,7 841,-1.64%
16/02/2018,2.44,2.37,2.45,2.37,10 095,24 329,2.09%
15/02/2018,2.39,2.39,2.39,2.39,55,131,0.00%
14/02/2018,2.39,2.34,2.41,2.27,5 094,11 920,-0.42%
13/02/2018,2.40,2.41,2.41,2.40,145,349,0.00%
12/02/2018,2.40,2.40,2.42,2.40,1 096,2 641,0.84%
09/02/2018,2.38,2.28,2.39,2.28,4 032,9 415,3.93%
07/02/2018,2.29,2.18,2.29,2.18,5 814,12 994,2.23%
06/02/2018,2.24,2.20,2.24,2.19,8 426,18 664,0.00%
05/02/2018,2.24,2.17,2.24,2.15,5 915,12 983,1.82%
02/02/2018,2.20,2.24,2.24,2.18,1 559,3 445,0.00%
01/02/2018,2.20,2.25,2.25,2.15,6 766,14 885,0.00%
31/01/2018,2.20,2.14,2.20,2.14,34 542,74 956,4.76%
30/01/2018,2.10,2.14,2.14,2.05,3 903,8 177,2.44%
29/01/2018,2.05,2.11,2.17,2.05,12 292,25 936,-4.65%
26/01/2018,2.15,2.18,2.18,2.15,359,777,-1.83%
25/01/2018,2.19,2.25,2.27,2.19,2 886,6 436,-3.52%
24/01/2018,2.27,2.29,2.29,2.27,71,162,-2.58%
23/01/2018,2.33,2.33,2.33,2.33,315,734,-2.92%
22/01/2018,2.40,2.40,2.40,2.40,2,5,0.84%
19/01/2018,2.38,2.38,2.38,2.38,2 638,6 278,-2.86%
18/01/2018,2.45,2.45,2.45,2.45,880,2 156,2.94%
17/01/2018,2.38,2.22,2.38,2.18,1 719,3 919,4.39%
16/01/2018,2.28,2.24,2.28,2.18,2 306,5 142,1.79%
15/01/2018,2.24,2.24,2.30,2.24,2 524,5 729,-2.61%
12/01/2018,2.30,2.30,2.37,2.30,11 790,27 530,-2.95%
11/01/2018,2.37,2.42,2.42,2.37,3 350,8 023,-2.87%
10/01/2018,2.44,2.51,2.51,2.44,9 266,22 933,-5.43%
09/01/2018,2.58,2.61,2.61,2.58,1 961,5 089,-2.64%
08/01/2018,2.65,2.65,2.65,2.65,520,1 378,-1.49%
05/01/2018,2.69,2.69,2.69,2.69,1 060,2 851,3.46%
04/01/2018,2.60,2.54,2.60,2.54,594,1 527,5.69%
03/01/2018,2.46,2.45,2.46,2.45,2 020,4 959,0.41%
02/01/2018,2.45,2.45,2.45,2.45,636,1 558,-0.41%
29/12/2017,2.46,2.57,2.57,2.46,24 278,61 059,-1.60%
28/12/2017,2.50,2.54,2.54,2.50,715,1 802,0.00%
27/12/2017,2.50,2.51,2.51,2.49,5 259,13 148,-2.34%
26/12/2017,2.56,2.57,2.57,2.56,1 282,3 288,-2.66%
25/12/2017,2.63,2.57,2.63,2.57,1 000,2 600,-0.38%
22/12/2017,2.64,2.54,2.64,2.53,6 602,17 066,1.54%
21/12/2017,2.60,2.60,2.60,2.60,250,650,-2.26%
20/12/2017,2.66,2.94,2.94,2.66,2 981,8 347,-5.67%
19/12/2017,2.82,2.75,2.83,2.67,497,1 367,5.62%
18/12/2017,2.67,2.63,2.67,2.56,2 500,6 538,4.30%
15/12/2017,2.56,2.56,2.56,2.54,607,1 548,-0.78%
14/12/2017,2.58,2.60,2.70,2.58,970,2 561,-2.64%
13/12/2017,2.65,2.65,2.73,2.65,3 946,10 615,-2.93%
12/12/2017,2.73,2.70,2.73,2.70,51,138,-1.80%
11/12/2017,2.78,2.75,2.78,2.75,588,1 626,-0.71%
08/12/2017,2.80,2.85,2.85,2.80,6 525,18 433,-4.44%
06/12/2017,2.93,2.87,2.93,2.85,460,1 329,2.81%
05/12/2017,2.85,2.88,2.88,2.85,200,573,-1.72%
30/11/2017,2.90,2.90,2.90,2.90,5,15,0.00%
29/11/2017,2.90,2.90,2.90,2.90,130,377,0.00%
28/11/2017,2.90,2.95,2.95,2.90,120,351,-2.36%
27/11/2017,2.97,2.97,2.97,2.95,107,317,0.68%
23/11/2017,2.98,2.94,2.98,2.94,4 504,13 332,0.00%
20/11/2017,2.98,2.90,2.98,2.90,520,1 529,2.76%
17/11/2017,2.90,2.94,2.94,2.90,2 995,8 745,0.00%
16/11/2017,2.90,2.90,2.90,2.90,100,290,-1.69%
15/11/2017,2.95,2.91,2.95,2.90,49 740,145 490,-0.34%
14/11/2017,2.96,2.96,2.96,2.96,10,30,1.72%
13/11/2017,2.91,2.91,2.91,2.91,1 430,4 161,0.00%
10/11/2017,2.91,2.90,2.91,2.90,25 404,73 799,3.93%
09/11/2017,2.80,2.80,2.92,2.80,9 226,26 386,-1.75%
07/11/2017,2.85,2.75,2.86,2.75,573,1 607,0.00%
06/11/2017,2.85,2.85,2.85,2.85,1 530,4 361,-2.73%
02/11/2017,2.93,2.90,2.93,2.90,1 221,3 559,0.00%
31/10/2017,2.93,2.86,2.93,2.86,571,1 653,0.00%
30/10/2017,2.93,2.93,2.93,2.93,989,2 898,0.00%
27/10/2017,2.93,2.93,2.93,2.93,141,413,0.00%
26/10/2017,2.93,2.93,2.93,2.93,50,147,0.00%
25/10/2017,2.93,2.88,2.93,2.88,760,2 208,1.74%
24/10/2017,2.88,2.88,2.88,2.88,19,55,0.00%
23/10/2017,2.88,2.88,2.89,2.88,1 162,3 352,1.41%
20/10/2017,2.84,2.84,2.85,2.84,3 730,10 612,-2.07%
19/10/2017,2.90,2.95,2.95,2.87,16 881,49 124,-2.03%
18/10/2017,2.96,3.04,3.04,2.95,3 348,10 027,0.00%
17/10/2017,2.96,3.04,3.04,2.95,375 435,1 124 428,0.00%
16/10/2017,2.96,2.95,3.01,2.95,2 274,6 777,-1.66%
13/10/2017,3.01,3.00,3.06,3.00,2 959,8 966,-1.63%
12/10/2017,3.06,3.10,3.10,3.01,9 254,28 271,-1.29%
11/10/2017,3.10,3.06,3.10,3.06,8 302,25 570,0.00%
10/10/2017,3.10,3.06,3.15,3.06,12 422,38 570,-1.59%
09/10/2017,3.15,3.06,3.15,3.06,784,2 434,0.00%
06/10/2017,3.15,3.08,3.15,3.08,326,1 015,-0.63%
05/10/2017,3.17,3.18,3.19,3.08,535,1 677,0.00%
04/10/2017,3.17,3.17,3.17,3.17,1 000,3 170,0.00%
03/10/2017,3.17,3.10,3.17,3.10,1 255,3 934,-0.63%
02/10/2017,3.19,3.17,3.19,3.17,4 756,15 124,0.63%
28/09/2017,3.17,3.17,3.17,3.17,5,16,2.26%
27/09/2017,3.10,3.18,3.18,3.09,1 205,3 778,0.00%
26/09/2017,3.10,3.18,3.20,3.10,790,2 489,-1.27%
25/09/2017,3.14,3.18,3.18,3.09,5 398,16 923,1.29%
22/09/2017,3.10,3.09,3.15,3.09,12 487,38 959,0.32%
20/09/2017,3.09,3.00,3.09,3.00,19 475,59 301,0.32%
19/09/2017,3.08,3.00,3.08,3.00,512,1 556,-0.32%
18/09/2017,3.09,3.09,3.09,3.09,1 502,4 641,3.00%
15/09/2017,3.00,2.99,3.05,2.99,2 061,6 224,-2.60%
14/09/2017,3.08,3.00,3.09,3.00,8 815,26 842,2.67%
13/09/2017,3.00,2.95,3.00,2.95,1 678,4 992,4.17%
12/09/2017,2.88,2.91,2.99,2.85,1 573,4 593,-1.71%
11/09/2017,2.93,2.85,2.93,2.85,762,2 202,0.69%
08/09/2017,2.91,2.99,3.00,2.91,7 254,21 436,-3.00%
07/09/2017,3.00,3.02,3.10,2.99,7 332,22 326,-0.33%
06/09/2017,3.01,3.01,3.09,3.01,6 205,18 925,-2.90%
05/09/2017,3.10,3.10,3.10,3.10,4 085,12 664,0.00%
04/09/2017,3.10,3.19,3.19,3.10,1 689,5 312,0.00%
31/08/2017,3.10,3.10,3.12,3.00,2 208,6 756,-1.59%
30/08/2017,3.15,3.24,3.24,3.15,11 641,37 193,-2.78%
29/08/2017,3.24,3.29,3.29,3.24,4 664,15 228,-2.70%
28/08/2017,3.33,3.43,3.43,3.33,501,1 693,-1.48%
24/08/2017,3.30,3.29,3.39,3.29,482,1 610,0.00%
23/08/2017,3.30,3.30,3.39,3.30,3 639,12 172,-2.94%
22/08/2017,3.40,3.34,3.40,3.32,1 696,5 699,-0.58%
21/08/2017,3.42,3.39,3.42,3.39,120,409,0.88%
18/08/2017,3.39,3.31,3.39,3.31,975,3 266,-0.59%
16/08/2017,3.41,3.30,3.41,3.30,95,319,0.29%
15/08/2017,3.40,3.43,3.43,3.33,610,2 062,0.00%
14/08/2017,3.40,3.29,3.40,3.29,269,900,0.29%
11/08/2017,3.39,3.29,3.39,3.29,4,13,0.00%
10/08/2017,3.39,3.29,3.39,3.29,10,33,0.00%
09/08/2017,3.39,3.30,3.39,3.30,205,686,-0.29%
08/08/2017,3.40,3.39,3.40,3.29,851,2 847,1.49%
07/08/2017,3.35,3.24,3.35,3.24,610,2 010,0.60%
04/08/2017,3.33,3.33,3.33,3.24,2 188,7 188,-2.06%
03/08/2017,3.40,3.32,3.40,3.23,3 240,10 741,4.62%
02/08/2017,3.25,3.18,3.27,3.18,3 343,10 781,-4.13%
01/08/2017,3.39,3.27,3.40,3.27,1 317,4 392,0.59%
31/07/2017,3.37,3.30,3.37,3.29,141,470,0.00%
28/07/2017,3.37,3.33,3.37,3.32,1 620,5 419,1.20%
27/07/2017,3.33,3.35,3.35,3.33,3 243,10 832,-2.92%
26/07/2017,3.43,3.43,3.43,3.43,475,1 629,-2.83%
24/07/2017,3.53,3.53,3.53,3.43,151,525,-1.12%
21/07/2017,3.57,3.57,3.57,3.57,10,36,2.29%
20/07/2017,3.49,3.49,3.49,3.49,300,1 047,-0.29%
19/07/2017,3.50,3.50,3.50,3.50,1,4,-2.78%
17/07/2017,3.60,3.58,3.64,3.48,2 750,9 790,9.42%
13/07/2017,3.29,3.29,3.29,3.25,1 076,3 519,0.00%
12/07/2017,3.29,3.20,3.29,3.20,7 444,24 156,0.00%
11/07/2017,3.29,3.30,3.30,3.21,1 965,6 396,-0.30%
10/07/2017,3.30,3.30,3.30,3.30,50,165,0.00%
07/07/2017,3.30,3.40,3.40,3.30,5 081,17 021,-3.79%
06/07/2017,3.43,3.33,3.43,3.33,109,368,0.00%
05/07/2017,3.43,3.44,3.45,3.29,2 541,8 563,2.69%
04/07/2017,3.34,3.25,3.36,3.20,5 932,19 457,2.14%
03/07/2017,3.27,3.30,3.39,3.27,2 550,8 492,1.87%
30/06/2017,3.21,3.30,3.30,3.21,806,2 624,-2.73%
29/06/2017,3.30,3.20,3.30,3.20,1 981,6 438,0.92%
28/06/2017,3.27,3.21,3.29,3.18,5 302,17 152,-3.82%
22/06/2017,3.40,3.39,3.49,3.29,3 462,11 736,-2.58%
21/06/2017,3.49,3.48,3.49,3.38,847,2 909,0.87%
20/06/2017,3.46,3.39,3.46,3.39,21,72,-0.86%
19/06/2017,3.49,3.43,3.50,3.35,1 740,5 960,1.75%
16/06/2017,3.43,3.49,3.49,3.43,3 500,12 110,-1.72%
15/06/2017,3.49,3.50,3.50,3.49,687,2 401,-2.24%
14/06/2017,3.57,3.57,3.57,3.57,146,521,-0.56%
13/06/2017,3.59,3.44,3.59,3.43,3 079,10 807,0.00%
12/06/2017,3.59,3.59,3.59,3.53,3 849,13 702,-2.45%
09/06/2017,3.68,3.70,3.70,3.60,3 111,11 355,1.38%
08/06/2017,3.63,3.64,3.64,3.63,4 670,16 975,-2.42%
07/06/2017,3.72,3.94,3.94,3.72,6 579,25 198,-2.11%
06/06/2017,3.80,3.84,3.84,3.73,3 093,11 707,-2.31%
05/06/2017,3.89,3.81,3.89,3.81,15,58,2.10%
02/06/2017,3.81,3.90,3.90,3.81,1 479,5 702,-2.81%
01/06/2017,3.92,4.04,4.04,3.92,1 374,5 469,-2.00%
31/05/2017,4.00,4.05,4.05,3.90,2 132,8 475,0.00%
30/05/2017,4.00,4.12,4.12,4.00,3 609,14 653,0.00%
29/05/2017,4.00,3.93,4.04,3.93,1 940,7 731,-0.99%
25/05/2017,4.14,3.95,4.14,3.95,61 324,248 056,5.88%
24/05/2017,3.91,3.80,3.91,3.80,24 832,95 727,5.68%
23/05/2017,3.70,3.70,3.70,3.63,748,2 741,1.93%
22/05/2017,3.63,3.63,3.63,3.63,150,545,0.83%
19/05/2017,3.60,3.68,3.68,3.60,586,2 133,0.00%
18/05/2017,3.60,3.64,3.64,3.60,937,3 392,-1.64%
17/05/2017,3.66,3.60,3.66,3.50,497,1 779,1.67%
16/05/2017,3.60,3.61,3.71,3.60,1 304,4 766,-2.44%
15/05/2017,3.69,3.60,3.70,3.60,3 253,11 873,5.13%
12/05/2017,3.51,3.44,3.54,3.40,2 440,8 467,3.24%
11/05/2017,3.40,3.40,3.40,3.40,2 000,6 800,3.03%
10/05/2017,3.30,3.30,3.31,3.30,800,2 644,-2.94%
09/05/2017,3.40,3.39,3.48,3.39,5 103,17 529,0.29%
08/05/2017,3.39,3.39,3.39,3.39,884,2 997,2.11%
05/05/2017,3.32,3.27,3.32,3.27,6 107,20 123,2.47%
04/05/2017,3.24,3.24,3.24,3.24,550,1 782,-0.92%
03/05/2017,3.27,3.14,3.27,3.13,6 321,20 227,2.83%
02/05/2017,3.18,3.19,3.19,3.18,7 957,25 343,0.00%
28/04/2017,3.18,3.29,3.29,3.18,3 620,11 711,-1.55%
27/04/2017,3.23,3.30,3.30,3.22,689,2 246,-2.12%
26/04/2017,3.30,3.30,3.31,3.30,2 436,8 051,0.00%
25/04/2017,3.30,3.30,3.30,3.30,309,1 020,0.00%
24/04/2017,3.30,3.21,3.30,3.21,180,586,0.00%
21/04/2017,3.30,3.39,3.39,3.30,5 709,19 097,-2.65%
20/04/2017,3.39,3.40,3.40,3.39,3 005,10 202,-2.87%
19/04/2017,3.49,3.44,3.49,3.39,120,413,0.00%
18/04/2017,3.49,3.49,3.50,3.49,430,1 503,0.00%
17/04/2017,3.49,3.60,3.60,3.49,52,184,-2.24%
14/04/2017,3.57,3.57,3.57,3.57,186,664,0.00%
13/04/2017,3.57,3.56,3.57,3.56,62,221,-0.83%
12/04/2017,3.60,3.60,3.60,3.55,67,240,2.56%
11/04/2017,3.51,3.48,3.51,3.48,152,531,-1.96%
10/04/2017,3.58,3.47,3.58,3.47,615,2 168,2.58%
07/04/2017,3.49,3.56,3.64,3.49,878,3 130,-4.64%
06/04/2017,3.66,3.67,3.67,3.52,1 726,6 205,-7.11%
05/04/2017,3.94,3.69,3.94,3.69,2 691,10 266,2.60%
04/04/2017,3.84,3.90,3.94,3.84,202,786,-2.78%
31/03/2017,3.95,3.95,3.95,3.95,200,790,-0.25%
29/03/2017,3.96,3.77,3.96,3.77,868,3 355,0.51%
28/03/2017,3.94,3.94,3.94,3.94,1 145,4 511,-2.96%
23/03/2017,4.06,4.06,4.06,4.06,50,203,2.27%
22/03/2017,3.97,3.97,3.97,3.97,50,199,-2.46%
21/03/2017,4.07,4.07,4.07,4.07,8,33,-0.25%
17/03/2017,4.08,4.20,4.20,4.08,3 042,12 594,0.00%
16/03/2017,4.08,4.09,4.09,4.08,298,1 217,-2.86%
13/03/2017,4.20,4.12,4.20,4.08,7 046,29 170,-1.87%
09/03/2017,4.28,4.28,4.28,4.28,9,39,-0.23%
06/03/2017,4.29,4.29,4.29,4.20,294,1 248,-2.05%
03/03/2017,4.38,4.40,4.40,4.30,216,940,1.15%
02/03/2017,4.33,4.33,4.33,4.33,2,9,0.93%
01/03/2017,4.29,4.31,4.31,4.10,1 475,6 202,2.14%
28/02/2017,4.20,4.31,4.31,4.20,75,319,0.00%
27/02/2017,4.20,4.32,4.32,4.20,559,2 381,-2.78%
23/02/2017,4.20,4.20,4.20,4.20,223,937,-1.18%
22/02/2017,4.25,4.31,4.31,4.25,10 037,42 958,-2.75%
21/02/2017,4.37,4.37,4.37,4.37,5 290,23 117,-2.89%
13/02/2017,4.50,4.45,4.59,4.45,318,1 437,-1.75%
10/02/2017,4.58,4.48,4.58,4.48,2 108,9 549,-0.65%
09/02/2017,4.61,4.42,4.61,4.42,4 007,18 092,1.77%
08/02/2017,4.53,4.53,4.53,4.53,7,32,-2.16%
07/02/2017,4.63,4.63,4.63,4.63,7,32,-2.94%
02/02/2017,4.77,4.77,4.77,4.77,25,119,-0.42%
01/02/2017,4.79,4.79,4.79,4.79,101,484,-2.24%
31/01/2017,4.90,4.90,4.90,4.90,780,3 822,1.03%
30/01/2017,4.85,4.85,4.85,4.85,2,10,2.97%
26/01/2017,4.71,4.71,4.71,4.71,7 500,35 325,0.21%
24/01/2017,4.70,4.61,4.70,4.61,1 016,4 729,-0.84%
23/01/2017,4.74,4.75,4.75,4.74,4 011,19 032,0.64%
20/01/2017,4.71,4.71,4.71,4.71,8 400,39 564,-2.89%
18/01/2017,4.85,4.85,4.85,4.85,14,68,1.04%
17/01/2017,4.80,4.76,4.80,4.76,32,153,-1.64%
16/01/2017,4.88,4.76,4.88,4.76,472,2 275,-0.41%
13/01/2017,4.90,4.79,4.90,4.73,617,2 971,0.62%
12/01/2017,4.87,4.90,4.90,4.87,2 541,12 413,-0.61%
10/01/2017,4.90,4.94,4.94,4.80,1 431,6 969,1.24%
09/01/2017,4.84,4.74,4.84,4.69,10 803,51 476,4.99%
06/01/2017,4.61,4.75,4.75,4.61,1 408,6 589,-3.76%
05/01/2017,4.79,4.79,4.79,4.79,11,53,-1.24%
03/01/2017,4.85,4.92,4.92,4.70,518,2 492,1.04%
02/01/2017,4.80,4.80,4.92,4.79,1 120,5 438,-2.64%
30/12/2016,4.93,4.94,4.94,4.90,2 224,10 942,0.61%
29/12/2016,4.90,4.65,4.90,4.65,12 796,61 101,2.30%
28/12/2016,4.79,4.60,4.79,4.56,9 735,45 511,1.91%
27/12/2016,4.70,4.70,4.70,4.56,3 268,15 131,-0.21%
26/12/2016,4.71,4.71,4.71,4.61,7 928,36 944,2.61%
23/12/2016,4.59,4.38,4.63,4.38,50 612,228 007,5.03%
22/12/2016,4.37,4.30,4.37,4.19,50 099,214 424,3.31%
21/12/2016,4.23,4.15,4.23,4.03,37 230,153 760,4.96%
20/12/2016,4.03,4.00,4.03,3.89,13 824,54 743,-0.98%
19/12/2016,4.07,3.99,4.07,3.99,1 128,4 546,-0.25%
15/12/2016,4.08,4.08,4.08,4.08,4,16,2.00%
14/12/2016,4.00,4.04,4.04,3.94,9 167,36 576,1.78%
13/12/2016,3.93,4.05,4.21,3.88,34 570,139 836,-1.01%
09/12/2016,3.97,3.97,3.97,3.97,20,79,-2.93%
08/12/2016,4.09,4.15,4.15,4.00,30 600,124 695,0.99%
07/12/2016,4.05,4.17,4.17,4.05,1 522,6 255,0.00%
06/12/2016,4.05,4.00,4.06,3.94,4 576,18 304,-0.25%
05/12/2016,4.06,4.25,4.25,4.06,1 720,7 147,-3.56%
02/12/2016,4.21,4.09,4.21,3.90,15 198,61 628,5.25%
01/12/2016,4.00,4.00,4.00,4.00,1 751,7 004,2.83%
30/11/2016,3.89,3.78,3.89,3.68,9 296,35 185,2.91%
29/11/2016,3.78,3.78,3.78,3.78,744,2 812,-2.83%
28/11/2016,3.89,3.81,3.89,3.73,3 507,13 362,1.30%
24/11/2016,3.95,3.82,3.96,3.82,2 957,11 503,-0.75%
22/11/2016,3.98,4.10,4.10,3.98,5 131,20 729,-0.50%
21/11/2016,4.00,3.90,4.00,3.89,15 022,59 262,0.00%
18/11/2016,4.00,4.00,4.00,3.90,12 271,48 470,1.78%
17/11/2016,3.93,4.03,4.03,3.93,1 375,5 473,-2.96%
16/11/2016,4.05,4.08,4.10,3.96,14 115,56 883,2.02%
15/11/2016,3.97,3.97,3.97,3.97,5 312,21 089,-2.70%
14/11/2016,4.08,4.19,4.19,4.08,698,2 886,0.00%
11/11/2016,4.08,4.20,4.20,4.08,5 596,23 167,-0.49%
10/11/2016,4.10,4.22,4.22,4.10,2 717,11 303,0.00%
09/11/2016,4.10,4.07,4.10,3.95,11 696,47 076,3.54%
08/11/2016,3.96,4.08,4.08,3.96,8 714,35 030,-0.25%
07/11/2016,3.97,3.97,4.00,3.97,8 590,34 231,-2.93%
04/11/2016,4.09,4.20,4.20,4.09,570,2 363,0.00%
03/11/2016,4.09,4.20,4.20,4.08,14 159,58 618,-2.62%
02/11/2016,4.20,4.20,4.20,4.08,33 176,137 349,1.69%
01/11/2016,4.13,4.03,4.15,4.00,34 682,141 329,5.36%
31/10/2016,3.92,3.81,3.92,3.70,6 696,25 512,5.95%
28/10/2016,3.70,3.60,3.70,3.55,23 860,86 493,5.71%
27/10/2016,3.50,3.40,3.50,3.30,28 504,96 914,2.94%
26/10/2016,3.40,3.41,3.41,3.31,6 774,22 761,2.41%
25/10/2016,3.32,3.35,3.35,3.25,4 882,16 111,1.53%
24/10/2016,3.27,3.27,3.27,3.21,2 023,6 555,2.83%
21/10/2016,3.18,3.20,3.20,3.18,1 592,5 078,1.60%
20/10/2016,3.13,3.15,3.20,3.10,3 610,11 372,0.64%
19/10/2016,3.11,3.20,3.20,3.11,12 984,40 965,0.00%
18/10/2016,3.11,3.17,3.20,3.11,7 298,23 025,-2.81%
17/10/2016,3.20,3.24,3.25,3.15,8 017,25 654,-1.23%
14/10/2016,3.24,3.22,3.24,3.20,65 351,210 430,2.53%
13/10/2016,3.16,3.30,3.30,3.16,9 726,31 415,-4.24%
12/10/2016,3.30,3.35,3.35,3.30,6 790,22 577,-2.08%
11/10/2016,3.37,3.28,3.37,3.27,947,3 144,0.00%
10/10/2016,3.37,3.36,3.37,3.22,1 860,6 129,2.12%
07/10/2016,3.30,3.25,3.30,3.25,18,59,1.54%
06/10/2016,3.25,3.28,3.36,3.25,332,1 097,-3.85%
05/10/2016,3.38,3.29,3.38,3.20,872,2 869,3.05%
04/10/2016,3.28,3.12,3.28,3.12,514,1 645,2.82%
30/09/2016,3.19,3.11,3.19,3.11,1 098,3 459,2.90%
29/09/2016,3.10,3.01,3.11,3.01,1 823,5 578,0.00%
28/09/2016,3.10,3.12,3.23,3.10,2 313,7 321,-2.82%
27/09/2016,3.19,3.25,3.25,3.16,207,663,0.95%
26/09/2016,3.16,3.16,3.25,3.16,4 147,13 291,-2.77%
23/09/2016,3.25,3.30,3.39,3.11,97,315,-6.88%
21/09/2016,3.49,3.40,3.50,3.40,2 504,8 639,-0.29%
20/09/2016,3.50,3.50,3.50,3.30,106,360,2.94%
19/09/2016,3.40,3.60,3.60,3.40,862,3 017,-2.86%
16/09/2016,3.50,3.54,3.60,3.44,4 894,17 227,-2.51%
15/09/2016,3.59,3.54,3.59,3.54,2 936,10 467,-1.37%
09/09/2016,3.64,3.60,3.68,3.60,3 453,12 569,-1.36%
08/09/2016,3.69,3.69,3.69,3.69,904,3 336,-2.89%
07/09/2016,3.80,3.64,3.80,3.64,4 267,15 873,0.00%
06/09/2016,3.80,3.80,3.80,3.80,200,760,-1.30%
05/09/2016,3.85,3.80,3.85,3.80,31,119,-1.28%
02/09/2016,3.90,3.93,3.93,3.74,1 003,3 847,1.30%
01/09/2016,3.85,3.85,3.85,3.74,135,512,2.94%
31/08/2016,3.74,3.91,3.91,3.74,290,1 109,-4.35%
30/08/2016,3.91,3.90,3.91,3.90,452,1 765,0.26%
29/08/2016,3.90,3.90,3.90,3.90,1,4,0.52%
25/08/2016,3.84,3.75,3.84,3.75,868,3 294,2.95%
24/08/2016,3.73,3.86,3.86,3.70,191,722,-4.85%
23/08/2016,3.92,3.81,3.92,3.70,1 177,4 484,0.00%
19/08/2016,3.92,3.82,3.92,3.82,530,2 051,-0.25%
18/08/2016,3.93,3.87,3.97,3.76,4 708,18 196,-1.26%
17/08/2016,3.98,3.88,3.98,3.88,2,8,-0.25%
16/08/2016,3.99,3.99,3.99,3.82,33,129,-0.25%
15/08/2016,4.00,3.93,4.03,3.93,4 945,19 681,-1.23%
12/08/2016,4.05,3.96,4.05,3.95,2 055,8 220,2.27%
11/08/2016,3.96,3.96,3.96,3.96,1 664,6 589,-2.94%
10/08/2016,4.08,4.00,4.10,3.88,1 960,7 820,3.55%
09/08/2016,3.94,4.00,4.00,3.88,14 497,57 118,1.29%
08/08/2016,3.89,3.78,3.89,3.69,6 430,24 370,5.99%
05/08/2016,3.67,3.85,4.01,3.67,132 100,507 264,-4.43%
04/08/2016,3.84,3.75,3.84,3.75,619,2 349,0.26%
03/08/2016,3.83,3.72,3.83,3.72,519,1 959,0.00%
02/08/2016,3.83,3.75,3.83,3.73,426,1 610,-0.26%
29/07/2016,3.84,3.85,3.85,3.74,6 111,23 191,0.00%
28/07/2016,3.84,4.00,4.00,3.84,18 491,72 485,-2.78%
27/07/2016,3.95,4.07,4.07,3.95,1 019,4 086,-3.19%
26/07/2016,4.08,3.96,4.08,3.96,320,1 286,0.00%
22/07/2016,4.08,4.00,4.08,4.00,273,1 103,-0.97%
21/07/2016,4.12,4.00,4.12,3.88,790,3 160,3.26%
20/07/2016,3.99,3.90,4.00,3.90,158,624,0.00%
19/07/2016,3.99,3.91,3.99,3.91,1 924,7 600,-0.99%
18/07/2016,4.03,4.00,4.03,4.00,540,2 168,0.75%
15/07/2016,4.00,4.12,4.15,4.00,95 691,389 941,-0.25%
14/07/2016,4.01,4.01,4.01,4.01,5,20,-2.91%
13/07/2016,4.13,4.13,4.13,4.13,41,169,-0.24%
12/07/2016,4.14,4.14,4.14,4.14,1,4,2.48%
11/07/2016,4.04,4.04,4.04,3.93,126,502,2.80%
08/07/2016,3.93,4.05,4.05,3.93,2 531,10 099,-5.07%
01/07/2016,4.14,4.17,4.17,4.05,95 562,392 760,-1.19%
30/06/2016,4.19,4.15,4.19,4.10,351,1 455,-1.41%
28/06/2016,4.25,4.25,4.25,4.23,201,852,0.47%
27/06/2016,4.23,4.23,4.23,4.23,1,4,0.71%
24/06/2016,4.20,4.20,4.45,4.20,532,2 301,-4.33%
23/06/2016,4.39,4.39,4.52,4.26,5 881,25 818,-0.23%
21/06/2016,4.40,4.40,4.40,4.18,3 671,15 749,-1.79%
20/06/2016,4.48,4.50,4.62,4.37,3 581,16 097,-1.54%
16/06/2016,4.55,4.53,4.62,4.53,1 520,6 954,-2.57%
15/06/2016,4.67,4.60,4.72,4.60,552,2 572,-1.48%
14/06/2016,4.74,4.60,4.74,4.60,2 005,9 363,0.00%
13/06/2016,4.74,4.75,4.75,4.65,251,1 180,3.27%
10/06/2016,4.59,4.74,4.74,4.59,13 087,61 051,-4.37%
09/06/2016,4.80,4.83,4.83,4.80,256,1 233,-0.62%
08/06/2016,4.83,4.72,4.83,4.58,15 667,73 713,2.33%
07/06/2016,4.72,4.90,5.05,4.72,6 881,33 614,-9.92%
06/06/2016,5.24,4.94,5.24,4.94,469,2 387,-3.68%
03/06/2016,5.44,5.41,5.47,5.09,4 918,25 967,-1.27%
02/06/2016,5.51,5.40,5.52,5.26,2 169,11 691,1.66%
01/06/2016,5.42,5.42,5.58,5.42,4 247,23 359,-2.87%
31/05/2016,5.58,5.42,5.58,5.42,1 191,6 551,0.00%
30/05/2016,5.58,5.58,5.58,5.58,110,614,0.18%
26/05/2016,5.58,5.48,5.63,5.47,1 257,6 976,-0.89%
25/05/2016,5.63,5.52,5.68,5.48,1 163,6 490,-0.18%
24/05/2016,5.64,5.70,5.70,5.53,1 346,7 558,-1.05%
23/05/2016,5.70,5.85,5.85,5.70,357,2 062,-4.04%
20/05/2016,5.94,5.78,5.99,5.78,688,4 049,-0.17%
19/05/2016,5.95,5.99,5.99,5.82,2 074,12 247,-0.67%
18/05/2016,5.99,5.82,6.00,5.82,2 206,13 037,-0.17%
17/05/2016,6.00,5.91,6.00,5.80,485,2 862,1.52%
16/05/2016,5.91,5.93,5.93,5.76,1 990,11 632,1.90%
13/05/2016,5.80,5.93,6.00,5.76,1 576,9 267,0.69%
12/05/2016,5.76,5.54,5.76,5.53,16 639,93 927,3.97%
11/05/2016,5.54,5.59,5.59,5.43,1 665,9 174,-0.36%
10/05/2016,5.56,5.59,5.59,5.43,2 501,13 781,-0.54%
09/05/2016,5.59,5.47,5.59,5.43,483,2 661,0.00%
06/05/2016,5.59,5.50,5.63,5.50,103,573,-0.71%
05/05/2016,5.63,5.64,5.64,5.48,1 747,9 713,1.44%
04/05/2016,5.55,5.50,5.66,5.50,1 480,8 258,-1.94%
03/05/2016,5.66,5.66,5.66,5.50,2 382,13 292,0.18%
02/05/2016,5.65,5.75,5.75,5.65,2 936,16 735,-2.59%
29/04/2016,5.80,5.43,5.91,5.41,12 527,70 903,2.47%
28/04/2016,5.66,5.63,5.67,5.47,6 038,33 632,-0.35%
27/04/2016,5.68,5.47,5.78,5.46,2 697,15 157,1.07%
26/04/2016,5.62,5.79,5.87,5.62,2 873,16 505,-0.18%
25/04/2016,5.63,5.70,5.98,5.63,2 106,12 225,-4.41%
22/04/2016,5.89,5.88,5.97,5.80,2 174,12 794,-1.34%
21/04/2016,5.97,5.98,5.98,5.87,1 181,6 997,1.53%
20/04/2016,5.88,5.81,5.95,5.72,4 294,25 055,-1.67%
19/04/2016,5.98,5.98,5.99,5.98,130 606,781 677,-0.17%
18/04/2016,5.99,5.86,5.99,5.82,1 171,6 915,-0.17%
15/04/2016,6.00,5.98,6.10,5.98,332,2 005,-2.60%
14/04/2016,6.16,5.94,6.17,5.94,467,2 828,-0.81%
12/04/2016,6.21,6.21,6.21,6.21,2 050,12 731,-0.32%
11/04/2016,6.23,6.12,6.23,5.94,370,2 251,0.16%
08/04/2016,6.22,6.21,6.22,6.21,502,3 120,0.00%
07/04/2016,6.22,6.00,6.22,5.96,3 611,21 991,-0.32%
06/04/2016,6.24,6.07,6.28,6.03,3 198,19 684,-1.11%
05/04/2016,6.31,6.35,6.35,6.16,4 042,25 283,-1.41%
04/04/2016,6.40,6.40,6.44,6.21,1 636,10 348,0.95%
01/04/2016,6.34,6.40,6.40,6.21,151,952,1.93%
31/03/2016,6.22,6.51,6.51,6.21,3 661,23 284,-4.31%
30/03/2016,6.50,6.47,6.56,6.30,186 581,1 199 716,0.15%
29/03/2016,6.49,6.51,6.54,6.32,8 716,56 044,-0.31%
28/03/2016,6.51,6.50,6.52,6.31,4 688,30 074,-0.15%
25/03/2016,6.52,6.33,6.52,6.33,5 137,33 005,0.00%
24/03/2016,6.52,6.52,6.52,6.33,1 607,10 325,0.00%
23/03/2016,6.52,6.52,6.52,6.52,227,1 480,-0.15%
22/03/2016,6.53,6.35,6.53,6.35,453,2 917,-0.15%
21/03/2016,6.54,6.35,6.54,6.35,912,5 878,0.00%
18/03/2016,6.54,6.36,6.54,6.35,1 057,6 812,0.00%
17/03/2016,6.54,6.55,6.55,6.36,1 220,7 875,-0.15%
16/03/2016,6.55,6.56,6.56,6.37,1 077,6 963,0.00%
15/03/2016,6.55,6.57,6.57,6.38,731,4 733,-0.46%
14/03/2016,6.58,6.58,6.58,6.39,519,3 366,-0.15%
11/03/2016,6.59,6.42,6.60,6.41,5 630,36 623,-0.15%
10/03/2016,6.60,6.58,6.60,6.39,2 750,17 861,0.15%
09/03/2016,6.59,6.60,6.60,6.59,336,2 216,0.15%
08/03/2016,6.58,6.58,6.58,6.58,438,2 882,-0.15%
07/03/2016,6.59,6.50,6.59,6.50,76,497,0.00%
04/03/2016,6.59,6.50,6.59,6.50,2 355,15 413,-0.15%
03/03/2016,6.60,6.59,6.60,6.50,16 691,109 326,-1.49%
02/03/2016,6.70,6.70,6.70,6.70,1 200,8 040,2.29%
25/02/2016,6.55,6.55,6.55,6.37,742,4 793,-0.15%
24/02/2016,6.56,6.57,6.57,6.38,31 520,204 092,0.00%
19/02/2016,6.56,6.58,6.58,6.39,2 490,16 148,0.00%
18/02/2016,6.56,6.55,6.56,6.37,2 348,15 180,0.00%
17/02/2016,6.56,6.38,6.57,6.37,838,5 422,0.00%
16/02/2016,6.56,6.57,6.57,6.38,292,1 891,0.00%
15/02/2016,6.56,6.56,6.57,6.37,939,6 075,0.31%
12/02/2016,6.54,6.60,6.60,6.41,2 359,15 345,-0.91%
11/02/2016,6.60,6.48,6.60,6.38,3 437,22 306,-1.20%
10/02/2016,6.68,6.65,6.68,6.50,4 678,30 828,-0.30%
09/02/2016,6.70,6.78,6.78,6.58,1 866,12 465,1.52%
08/02/2016,6.60,6.70,6.78,6.58,21 945,146 593,-2.65%
05/02/2016,6.78,6.65,6.79,6.65,60 349,405 545,-0.29%
04/02/2016,6.80,6.84,6.84,6.67,4 034,27 250,-0.73%
03/02/2016,6.85,6.67,6.85,6.67,3 464,23 417,-0.29%
02/02/2016,6.87,6.89,6.89,6.70,1 055,7 169,2.54%
01/02/2016,6.70,6.70,6.70,6.70,2 930,19 631,-2.90%
29/01/2016,6.90,6.88,6.90,6.88,230,1 585,3.14%
28/01/2016,6.69,6.69,6.70,6.69,7 775,52 054,-2.90%
27/01/2016,6.89,6.90,6.98,6.70,5 600,38 304,-0.14%
26/01/2016,6.90,6.79,6.90,6.79,3 785,25 908,-1.43%
25/01/2016,7.00,6.75,7.01,6.75,12 569,86 475,0.72%
22/01/2016,6.95,6.75,6.95,6.72,3 721,25 433,2.81%
21/01/2016,6.76,6.78,6.80,6.70,3 938,26 582,-0.29%
20/01/2016,6.78,6.79,6.79,6.78,489,3 318,-0.59%
19/01/2016,6.82,6.74,6.82,6.70,6 969,47 110,0.29%
18/01/2016,6.80,6.80,6.80,6.80,1 309,8 901,-0.87%
15/01/2016,6.86,6.84,6.87,6.80,1 578,10 786,0.00%
13/01/2016,6.86,6.95,6.95,6.85,1 810,12 489,-2.00%
11/01/2016,7.00,6.82,7.00,6.79,1 305,8 998,0.00%
08/01/2016,7.00,6.96,7.00,6.76,19 143,131 704,0.57%
07/01/2016,6.96,7.08,7.09,6.96,1 610,11 310,0.00%
06/01/2016,6.96,7.00,7.00,6.96,675,4 712,-0.57%
05/01/2016,7.00,7.07,7.07,7.00,8 646,60 825,-3.85%
31/12/2015,7.28,7.27,7.28,7.06,26 440,189 575,1.25%
30/12/2015,7.19,7.25,7.25,7.04,5 851,41 805,1.55%
29/12/2015,7.08,6.94,7.13,6.94,1 568,11 031,-0.98%
28/12/2015,7.15,6.98,7.20,6.98,166 555,1 180 875,-0.56%
25/12/2015,7.19,7.20,7.25,7.00,5 647,40 235,2.71%
23/12/2015,7.00,6.95,7.00,6.80,2 800,19 320,0.00%
22/12/2015,7.00,7.00,7.00,7.00,101,707,-2.78%
21/12/2015,7.20,7.24,7.24,7.03,2 551,18 201,-0.55%
18/12/2015,7.24,7.25,7.25,7.07,27 609,197 680,-0.55%
17/12/2015,7.28,7.20,7.29,7.00,31 457,224 760,4.00%
16/12/2015,7.00,6.92,7.13,6.92,23 737,166 752,1.16%
15/12/2015,6.92,6.89,6.92,6.89,2 229,15 391,0.44%
14/12/2015,6.89,6.89,6.89,6.71,3 438,23 378,0.00%
11/12/2015,6.89,6.89,6.89,6.89,285,1 964,1.32%
10/12/2015,6.80,6.70,6.80,6.70,81 952,553 176,0.29%
09/12/2015,6.78,6.80,6.80,6.70,34 202,230 864,-0.59%
08/12/2015,6.82,6.92,6.92,6.77,24 600,168 387,-2.43%
07/12/2015,6.99,7.20,7.20,6.99,9 817,69 652,-2.92%
04/12/2015,7.20,7.20,7.25,7.20,1 553,11 220,-2.57%
03/12/2015,7.39,7.31,7.46,7.20,2 880,21 110,-1.20%
02/12/2015,7.48,7.37,7.50,7.16,70 252,514 947,-1.45%
01/12/2015,7.59,7.51,7.60,7.51,9 039,68 290,0.00%
30/11/2015,7.59,7.49,7.60,7.29,1 790,13 327,1.20%
26/11/2015,7.50,7.40,7.50,7.40,3 686,27 461,0.00%
25/11/2015,7.50,7.39,7.50,7.39,1 018,7 579,0.00%
24/11/2015,7.50,7.28,7.50,7.28,3 564,26 338,0.00%
23/11/2015,7.50,7.48,7.50,7.48,5 000,37 450,0.00%
20/11/2015,7.50,7.48,7.50,7.48,1 500,11 235,0.00%
19/11/2015,7.50,7.45,7.50,7.44,14 063,105 051,0.00%
18/11/2015,7.50,7.50,7.50,7.49,4 500,33 728,0.00%
17/11/2015,7.50,7.50,7.50,7.50,1 050,7 875,0.00%
16/11/2015,7.50,7.34,7.50,7.34,778,5 773,-0.79%
13/11/2015,7.56,7.58,7.58,7.56,7 007,53 043,0.27%
12/11/2015,7.54,7.50,7.54,7.50,513,3 858,0.00%
11/11/2015,7.54,7.50,7.54,7.50,217,1 632,0.53%
10/11/2015,7.50,7.45,7.50,7.45,486,3 633,0.00%
09/11/2015,7.50,7.50,7.50,7.28,62 148,459 274,-1.32%
06/11/2015,7.60,7.64,7.64,7.45,1 960,14 788,-0.78%
05/11/2015,7.66,7.48,7.66,7.48,1 867,14 133,-0.13%
04/11/2015,7.67,7.50,7.67,7.50,160,1 214,-0.13%
03/11/2015,7.68,7.48,7.68,7.47,39 800,301 485,-0.26%
02/11/2015,7.70,7.46,7.70,7.46,1 600,12 128,1.72%
30/10/2015,7.57,7.67,7.70,7.57,8 007,61 133,-1.43%
29/10/2015,7.68,7.60,7.70,7.50,42 996,326 770,0.00%
28/10/2015,7.68,7.60,7.68,7.60,44 800,342 272,0.13%
27/10/2015,7.67,7.60,7.68,7.50,58 664,445 260,-0.13%
26/10/2015,7.68,7.51,7.68,7.51,350,2 658,-0.26%
23/10/2015,7.70,7.69,7.70,7.69,2 100,16 160,0.13%
22/10/2015,7.69,7.50,7.69,7.49,1 752,13 298,-0.13%
21/10/2015,7.70,7.50,7.70,7.47,950,7 206,0.13%
20/10/2015,7.69,7.69,7.69,7.69,1 000,7 690,0.00%
19/10/2015,7.69,7.48,7.70,7.48,1 604,12 174,-0.13%
16/10/2015,7.70,7.51,7.70,7.50,1 082,8 223,0.13%
13/10/2015,7.69,7.69,7.69,7.49,982,7 453,0.00%
12/10/2015,7.69,7.49,7.69,7.49,862,6 543,0.00%
09/10/2015,7.69,7.68,7.69,7.68,1 100,8 454,0.00%
08/10/2015,7.69,7.68,7.69,7.68,12 300,94 526,-0.13%
07/10/2015,7.70,7.47,7.70,7.47,18 136,137 562,0.00%
06/10/2015,7.70,7.65,7.70,7.65,20 000,153 500,0.00%
05/10/2015,7.70,7.47,7.70,7.47,20 182,153 080,0.00%
02/10/2015,7.70,7.67,7.70,7.67,22 000,169 070,0.26%
01/10/2015,7.68,7.47,7.70,7.47,9 358,70 980,-0.26%
30/09/2015,7.70,7.68,7.70,7.47,5 440,41 262,0.00%
29/09/2015,7.70,7.69,7.70,7.69,1 000,7 695,0.00%
28/09/2015,7.70,7.46,7.70,7.46,900,6 822,0.13%
23/09/2015,7.69,7.44,7.70,7.44,10 950,82 892,0.26%
22/09/2015,7.67,7.50,7.67,7.50,3 000,22 755,-0.26%
21/09/2015,7.69,7.50,7.69,7.47,3 724,28 228,-0.13%
18/09/2015,7.70,7.60,7.70,7.60,6 500,49 725,1.45%
17/09/2015,7.59,7.60,7.60,7.43,3 500,26 303,0.26%
16/09/2015,7.57,7.50,7.58,7.43,3 590,26 943,-1.05%
15/09/2015,7.65,7.56,7.65,7.56,17 980,136 738,1.19%
14/09/2015,7.56,7.42,7.56,7.41,7 170,53 667,-0.53%
11/09/2015,7.60,7.40,7.62,7.40,16 923,127 092,1.33%
10/09/2015,7.50,7.25,7.54,7.20,5 305,39 098,1.21%
09/09/2015,7.41,7.40,7.60,7.40,10 519,78 893,-0.40%
08/09/2015,7.44,7.17,7.49,7.17,5 914,43 350,1.36%
07/09/2015,7.34,7.16,7.39,7.16,4 114,29 929,-0.14%
04/09/2015,7.35,7.32,7.35,7.25,19 866,145 022,0.41%
03/09/2015,7.32,7.31,7.33,7.15,7 560,54 734,0.00%
02/09/2015,7.32,7.19,7.32,7.15,1 040,7 524,-0.14%
01/09/2015,7.33,7.30,7.34,7.15,2 600,18 837,-0.27%
31/08/2015,7.35,7.15,7.35,7.15,1 400,10 150,-0.27%
27/08/2015,7.35,7.16,7.36,7.13,7 934,57 482,2.51%
26/08/2015,7.17,7.25,7.35,7.17,2 318,16 829,-1.10%
25/08/2015,7.25,7.13,7.25,7.13,295,2 121,0.69%
24/08/2015,7.20,7.33,7.40,7.17,1 570,11 437,-2.04%
21/08/2015,7.35,7.14,7.35,7.14,3 882,28 125,0.00%
20/08/2015,7.35,7.14,7.35,7.14,1 450,10 505,0.00%
19/08/2015,7.35,7.14,7.35,7.14,890,6 448,0.00%
18/08/2015,7.35,7.13,7.35,7.13,1 511,10 940,0.00%
17/08/2015,7.35,7.18,7.35,7.15,1 700,12 325,0.00%
14/08/2015,7.35,7.31,7.35,7.24,2 542,18 544,0.00%
13/08/2015,7.35,7.29,7.50,7.29,5 224,38 631,0.00%
12/08/2015,7.35,7.29,7.50,7.29,5 224,38 631,-0.41%
11/08/2015,7.38,7.26,7.38,7.12,1 406,10 194,0.54%
10/08/2015,7.34,7.30,7.54,7.18,2 261,16 641,-0.81%
07/08/2015,7.40,7.35,7.40,7.35,2 911,21 469,-2.25%
06/08/2015,7.57,7.40,7.57,7.40,2 659,19 903,-0.26%
05/08/2015,7.59,7.59,7.59,7.59,2 650,20 114,0.00%
04/08/2015,7.59,7.60,7.60,7.39,11 322,84 858,-0.13%
03/08/2015,7.60,7.50,7.60,7.39,18 296,137 129,2.70%
31/07/2015,7.40,7.50,7.50,7.40,3 525,26 261,-0.27%
30/07/2015,7.42,7.47,7.50,7.42,3 200,23 872,-0.67%
29/07/2015,7.47,7.26,7.47,7.26,3 495,25 741,0.27%
28/07/2015,7.45,7.32,7.47,7.30,1 442,10 649,-0.67%
27/07/2015,7.50,7.30,7.57,7.21,3 008,22 229,2.04%
24/07/2015,7.35,7.50,7.65,7.30,5 869,43 871,-2.00%
23/07/2015,7.50,7.63,7.63,7.42,11 814,88 900,-1.70%
22/07/2015,7.63,7.21,7.64,7.20,22 779,169 020,3.11%
21/07/2015,7.40,7.20,7.40,7.16,5 110,37 201,2.07%
20/07/2015,7.25,7.20,7.30,7.16,6 019,43 517,0.69%
16/07/2015,7.20,7.18,7.25,7.15,36 744,264 557,0.84%
15/07/2015,7.14,7.06,7.14,7.06,19 650,139 515,0.14%
14/07/2015,7.13,7.11,7.19,7.06,24 058,171 413,0.14%
13/07/2015,7.12,7.13,7.14,6.98,14 038,99 108,-0.14%
10/07/2015,7.13,7.00,7.14,7.00,34 501,243 922,0.42%
09/07/2015,7.10,7.08,7.12,7.08,23 579,167 411,0.14%
08/07/2015,7.09,6.98,7.10,6.95,23 021,161 723,0.14%
07/07/2015,7.08,7.01,7.11,7.01,11 100,78 366,0.14%
06/07/2015,7.07,6.96,7.10,6.96,2 194,15 424,-0.84%
03/07/2015,7.13,7.10,7.14,7.00,15 677,110 836,0.00%
02/07/2015,7.13,7.09,7.13,7.08,2 951,20 967,0.00%
01/07/2015,7.13,7.12,7.14,7.09,12 053,85 757,0.00%
30/06/2015,7.13,7.12,7.14,7.09,47 962,341 250,0.14%
29/06/2015,7.12,7.10,7.12,6.95,60 255,423 894,0.28%
26/06/2015,7.10,7.08,7.10,7.08,30 002,212 714,0.28%
25/06/2015,7.08,7.07,7.09,7.05,30 303,214 242,0.14%
24/06/2015,7.07,6.92,7.07,6.92,159 754,1 117 479,1.14%
23/06/2015,6.99,6.95,7.02,6.93,30 629,213 637,-0.43%
22/06/2015,7.02,7.05,7.05,6.92,23 274,162 569,-0.57%
19/06/2015,7.06,7.08,7.10,6.99,49 947,351 877,0.14%
18/06/2015,7.05,7.00,7.15,6.88,331 492,2 325 416,0.00%
17/06/2015,7.05,7.00,7.06,6.90,76 648,535 003,0.14%
16/06/2015,7.04,7.00,7.15,7.00,265 162,1 876 021,0.28%
15/06/2015,7.02,6.95,7.15,6.80,540 154,3 767 574,1.45%
12/06/2015,6.92,7.00,7.04,6.80,183 443,1 269 426,0.29%
11/06/2015,6.90,6.84,6.95,6.75,193 472,1 325 283,0.29%
10/06/2015,6.88,6.85,6.88,6.85,300 027,2 059 685,0.88%
09/06/2015,6.82,6.73,6.84,6.73,191 812,1 301 444,1.49%
08/06/2015,6.72,6.72,6.89,6.70,122 719,833 876,0.30%
05/06/2015,6.70,6.70,6.70,6.70,118 618,794 741,3.08%
